ISO-10303-21;
HEADER;
FILE_DESCRIPTION(('Open CASCADE Model'),'2;1');
FILE_NAME('Open CASCADE Shape Model','2026-10-04T02:18:31',('Author'),(
    'Open CASCADE'),'Open CASCADE STEP processor 7.9','Open CASCADE 7.9'
  ,'Unknown');
FILE_SCHEMA(('AUTOMOTIVE_DESIGN { 1 0 10303 214 1 1 1 1 }'));
ENDSEC;
DATA;
#1 = APPLICATION_PROTOCOL_DEFINITION('international standard',
  'automotive_design',2000,#2);
#2 = APPLICATION_CONTEXT(
  'core data for automotive mechanical design processes');
#3 = SHAPE_DEFINITION_REPRESENTATION(#4,#10);
#4 = PRODUCT_DEFINITION_SHAPE('','',#5);
#5 = PRODUCT_DEFINITION('design','',#6,#9);
#6 = PRODUCT_DEFINITION_FORMATION('','',#7);
#7 = PRODUCT('Open CASCADE STEP translator 7.9 2',
  'Open CASCADE STEP translator 7.9 2','',(#8));
#8 = PRODUCT_CONTEXT('',#2,'mechanical');
#9 = PRODUCT_DEFINITION_CONTEXT('part definition',#2,'design');
#10 = ADVANCED_BREP_SHAPE_REPRESENTATION('',(#11,#15),#6283);
#11 = AXIS2_PLACEMENT_3D('',#12,#13,#14);
#12 = CARTESIAN_POINT('',(0.,0.,0.));
#13 = DIRECTION('',(0.,0.,1.));
#14 = DIRECTION('',(1.,0.,-0.));
#15 = MANIFOLD_SOLID_BREP('',#16);
#16 = CLOSED_SHELL('',(#17,#361,#443,#519,#601,#677,#759,#1021,#1103,
    #1179,#1261,#1337,#1419,#1822,#1959,#2068,#2116,#2336,#2418,#2494,
    #2576,#2749,#2831,#2902,#2983,#3057,#3138,#3311,#3393,#3469,#3551,
    #3803,#3885,#3956,#4060,#4136,#4240,#4288,#4508,#4590,#4666,#4748,
    #4819,#4901,#4977,#5059,#5130,#5179,#5185,#5212,#5265,#5318,#5411,
    #5438,#5491,#5523,#5556,#5591,#5623,#5659,#5694,#5729,#5757,#5789,
    #5796,#5832,#5839,#5867,#5873,#5900,#5968,#6000,#6036,#6071,#6104,
    #6132,#6176,#6211,#6244,#6272));
#17 = ADVANCED_FACE('',(#18),#32,.T.);
#18 = FACE_BOUND('',#19,.T.);
#19 = EDGE_LOOP('',(#20,#55,#83,#111,#139,#167,#195,#223,#251,#279,#307,
    #335));
#20 = ORIENTED_EDGE('',*,*,#21,.T.);
#21 = EDGE_CURVE('',#22,#24,#26,.T.);
#22 = VERTEX_POINT('',#23);
#23 = CARTESIAN_POINT('',(39.,-6.661338147751E-16,3.4));
#24 = VERTEX_POINT('',#25);
#25 = CARTESIAN_POINT('',(32.,-4.440892098501E-16,3.4));
#26 = SURFACE_CURVE('',#27,(#31,#43),.PCURVE_S1.);
#27 = LINE('',#28,#29);
#28 = CARTESIAN_POINT('',(39.,-6.661338147751E-16,3.4));
#29 = VECTOR('',#30,1.);
#30 = DIRECTION('',(-1.,3.172065784643E-17,0.));
#31 = PCURVE('',#32,#37);
#32 = PLANE('',#33);
#33 = AXIS2_PLACEMENT_3D('',#34,#35,#36);
#34 = CARTESIAN_POINT('',(-33.,-4.440892098501E-16,0.));
#35 = DIRECTION('',(0.,-1.,0.));
#36 = DIRECTION('',(0.,0.,1.));
#37 = DEFINITIONAL_REPRESENTATION('',(#38),#42);
#38 = LINE('',#39,#40);
#39 = CARTESIAN_POINT('',(3.4,-72.));
#40 = VECTOR('',#41,1.);
#41 = DIRECTION('',(0.,1.));
#42 = ( GEOMETRIC_REPRESENTATION_CONTEXT(2) 
PARAMETRIC_REPRESENTATION_CONTEXT() REPRESENTATION_CONTEXT('2D SPACE',''
  ) );
#43 = PCURVE('',#44,#49);
#44 = PLANE('',#45);
#45 = AXIS2_PLACEMENT_3D('',#46,#47,#48);
#46 = CARTESIAN_POINT('',(0.,5.708308787886,3.4));
#47 = DIRECTION('',(0.,0.,1.));
#48 = DIRECTION('',(1.,0.,-0.));
#49 = DEFINITIONAL_REPRESENTATION('',(#50),#54);
#50 = LINE('',#51,#52);
#51 = CARTESIAN_POINT('',(39.,-5.708308787886));
#52 = VECTOR('',#53,1.);
#53 = DIRECTION('',(-1.,3.172065784643E-17));
#54 = ( GEOMETRIC_REPRESENTATION_CONTEXT(2) 
PARAMETRIC_REPRESENTATION_CONTEXT() REPRESENTATION_CONTEXT('2D SPACE',''
  ) );
#55 = ORIENTED_EDGE('',*,*,#56,.T.);
#56 = EDGE_CURVE('',#24,#57,#59,.T.);
#57 = VERTEX_POINT('',#58);
#58 = CARTESIAN_POINT('',(32.,-4.440892098501E-16,8.760278777324));
#59 = SURFACE_CURVE('',#60,(#64,#71),.PCURVE_S1.);
#60 = LINE('',#61,#62);
#61 = CARTESIAN_POINT('',(32.,-4.440892098501E-16,3.4));
#62 = VECTOR('',#63,1.);
#63 = DIRECTION('',(0.,0.,1.));
#64 = PCURVE('',#32,#65);
#65 = DEFINITIONAL_REPRESENTATION('',(#66),#70);
#66 = LINE('',#67,#68);
#67 = CARTESIAN_POINT('',(3.4,-65.));
#68 = VECTOR('',#69,1.);
#69 = DIRECTION('',(1.,0.));
#70 = ( GEOMETRIC_REPRESENTATION_CONTEXT(2) 
PARAMETRIC_REPRESENTATION_CONTEXT() REPRESENTATION_CONTEXT('2D SPACE',''
  ) );
#71 = PCURVE('',#72,#77);
#72 = CYLINDRICAL_SURFACE('',#73,1.);
#73 = AXIS2_PLACEMENT_3D('',#74,#75,#76);
#74 = CARTESIAN_POINT('',(32.,1.,3.4));
#75 = DIRECTION('',(0.,0.,1.));
#76 = DIRECTION('',(0.,-1.,0.));
#77 = DEFINITIONAL_REPRESENTATION('',(#78),#82);
#78 = LINE('',#79,#80);
#79 = CARTESIAN_POINT('',(0.,0.));
#80 = VECTOR('',#81,1.);
#81 = DIRECTION('',(0.,1.));
#82 = ( GEOMETRIC_REPRESENTATION_CONTEXT(2) 
PARAMETRIC_REPRESENTATION_CONTEXT() REPRESENTATION_CONTEXT('2D SPACE',''
  ) );
#83 = ORIENTED_EDGE('',*,*,#84,.F.);
#84 = EDGE_CURVE('',#85,#57,#87,.T.);
#85 = VERTEX_POINT('',#86);
#86 = CARTESIAN_POINT('',(28.,-4.440892098501E-16,8.760278777324));
#87 = SURFACE_CURVE('',#88,(#92,#99),.PCURVE_S1.);
#88 = LINE('',#89,#90);
#89 = CARTESIAN_POINT('',(27.,-4.440892098501E-16,8.760278777324));
#90 = VECTOR('',#91,1.);
#91 = DIRECTION('',(1.,0.,0.));
#92 = PCURVE('',#32,#93);
#93 = DEFINITIONAL_REPRESENTATION('',(#94),#98);
#94 = LINE('',#95,#96);
#95 = CARTESIAN_POINT('',(8.760278777324,-60.));
#96 = VECTOR('',#97,1.);
#97 = DIRECTION('',(0.,-1.));
#98 = ( GEOMETRIC_REPRESENTATION_CONTEXT(2) 
PARAMETRIC_REPRESENTATION_CONTEXT() REPRESENTATION_CONTEXT('2D SPACE',''
  ) );
#99 = PCURVE('',#100,#105);
#100 = PLANE('',#101);
#101 = AXIS2_PLACEMENT_3D('',#102,#103,#104);
#102 = CARTESIAN_POINT('',(27.,-4.440892098501E-16,8.760278777324));
#103 = DIRECTION('',(0.,-0.258819045103,0.965925826289));
#104 = DIRECTION('',(0.,0.965925826289,0.258819045103));
#105 = DEFINITIONAL_REPRESENTATION('',(#106),#110);
#106 = LINE('',#107,#108);
#107 = CARTESIAN_POINT('',(0.,0.));
#108 = VECTOR('',#109,1.);
#109 = DIRECTION('',(0.,-1.));
#110 = ( GEOMETRIC_REPRESENTATION_CONTEXT(2) 
PARAMETRIC_REPRESENTATION_CONTEXT() REPRESENTATION_CONTEXT('2D SPACE',''
  ) );
#111 = ORIENTED_EDGE('',*,*,#112,.F.);
#112 = EDGE_CURVE('',#113,#85,#115,.T.);
#113 = VERTEX_POINT('',#114);
#114 = CARTESIAN_POINT('',(28.,-4.440892098501E-16,3.4));
#115 = SURFACE_CURVE('',#116,(#120,#127),.PCURVE_S1.);
#116 = LINE('',#117,#118);
#117 = CARTESIAN_POINT('',(28.,-4.440892098501E-16,3.4));
#118 = VECTOR('',#119,1.);
#119 = DIRECTION('',(0.,0.,1.));
#120 = PCURVE('',#32,#121);
#121 = DEFINITIONAL_REPRESENTATION('',(#122),#126);
#122 = LINE('',#123,#124);
#123 = CARTESIAN_POINT('',(3.4,-61.));
#124 = VECTOR('',#125,1.);
#125 = DIRECTION('',(1.,0.));
#126 = ( GEOMETRIC_REPRESENTATION_CONTEXT(2) 
PARAMETRIC_REPRESENTATION_CONTEXT() REPRESENTATION_CONTEXT('2D SPACE',''
  ) );
#127 = PCURVE('',#128,#133);
#128 = CYLINDRICAL_SURFACE('',#129,1.);
#129 = AXIS2_PLACEMENT_3D('',#130,#131,#132);
#130 = CARTESIAN_POINT('',(28.,1.,3.4));
#131 = DIRECTION('',(0.,0.,1.));
#132 = DIRECTION('',(0.,-1.,0.));
#133 = DEFINITIONAL_REPRESENTATION('',(#134),#138);
#134 = LINE('',#135,#136);
#135 = CARTESIAN_POINT('',(-0.,0.));
#136 = VECTOR('',#137,1.);
#137 = DIRECTION('',(-0.,1.));
#138 = ( GEOMETRIC_REPRESENTATION_CONTEXT(2) 
PARAMETRIC_REPRESENTATION_CONTEXT() REPRESENTATION_CONTEXT('2D SPACE',''
  ) );
#139 = ORIENTED_EDGE('',*,*,#140,.T.);
#140 = EDGE_CURVE('',#113,#141,#143,.T.);
#141 = VERTEX_POINT('',#142);
#142 = CARTESIAN_POINT('',(-28.,-4.440892098501E-16,3.4));
#143 = SURFACE_CURVE('',#144,(#148,#155),.PCURVE_S1.);
#144 = LINE('',#145,#146);
#145 = CARTESIAN_POINT('',(28.,-4.440892098501E-16,3.4));
#146 = VECTOR('',#147,1.);
#147 = DIRECTION('',(-1.,0.,0.));
#148 = PCURVE('',#32,#149);
#149 = DEFINITIONAL_REPRESENTATION('',(#150),#154);
#150 = LINE('',#151,#152);
#151 = CARTESIAN_POINT('',(3.4,-61.));
#152 = VECTOR('',#153,1.);
#153 = DIRECTION('',(0.,1.));
#154 = ( GEOMETRIC_REPRESENTATION_CONTEXT(2) 
PARAMETRIC_REPRESENTATION_CONTEXT() REPRESENTATION_CONTEXT('2D SPACE',''
  ) );
#155 = PCURVE('',#156,#161);
#156 = PLANE('',#157);
#157 = AXIS2_PLACEMENT_3D('',#158,#159,#160);
#158 = CARTESIAN_POINT('',(0.,5.708308787886,3.4));
#159 = DIRECTION('',(0.,0.,1.));
#160 = DIRECTION('',(1.,0.,-0.));
#161 = DEFINITIONAL_REPRESENTATION('',(#162),#166);
#162 = LINE('',#163,#164);
#163 = CARTESIAN_POINT('',(28.,-5.708308787886));
#164 = VECTOR('',#165,1.);
#165 = DIRECTION('',(-1.,0.));
#166 = ( GEOMETRIC_REPRESENTATION_CONTEXT(2) 
PARAMETRIC_REPRESENTATION_CONTEXT() REPRESENTATION_CONTEXT('2D SPACE',''
  ) );
#167 = ORIENTED_EDGE('',*,*,#168,.T.);
#168 = EDGE_CURVE('',#141,#169,#171,.T.);
#169 = VERTEX_POINT('',#170);
#170 = CARTESIAN_POINT('',(-28.,-4.440892098501E-16,8.760278777324));
#171 = SURFACE_CURVE('',#172,(#176,#183),.PCURVE_S1.);
#172 = LINE('',#173,#174);
#173 = CARTESIAN_POINT('',(-28.,-4.440892098501E-16,3.4));
#174 = VECTOR('',#175,1.);
#175 = DIRECTION('',(0.,0.,1.));
#176 = PCURVE('',#32,#177);
#177 = DEFINITIONAL_REPRESENTATION('',(#178),#182);
#178 = LINE('',#179,#180);
#179 = CARTESIAN_POINT('',(3.4,-5.));
#180 = VECTOR('',#181,1.);
#181 = DIRECTION('',(1.,0.));
#182 = ( GEOMETRIC_REPRESENTATION_CONTEXT(2) 
PARAMETRIC_REPRESENTATION_CONTEXT() REPRESENTATION_CONTEXT('2D SPACE',''
  ) );
#183 = PCURVE('',#184,#189);
#184 = CYLINDRICAL_SURFACE('',#185,1.);
#185 = AXIS2_PLACEMENT_3D('',#186,#187,#188);
#186 = CARTESIAN_POINT('',(-28.,1.,3.4));
#187 = DIRECTION('',(0.,0.,1.));
#188 = DIRECTION('',(0.,-1.,0.));
#189 = DEFINITIONAL_REPRESENTATION('',(#190),#194);
#190 = LINE('',#191,#192);
#191 = CARTESIAN_POINT('',(0.,0.));
#192 = VECTOR('',#193,1.);
#193 = DIRECTION('',(0.,1.));
#194 = ( GEOMETRIC_REPRESENTATION_CONTEXT(2) 
PARAMETRIC_REPRESENTATION_CONTEXT() REPRESENTATION_CONTEXT('2D SPACE',''
  ) );
#195 = ORIENTED_EDGE('',*,*,#196,.F.);
#196 = EDGE_CURVE('',#197,#169,#199,.T.);
#197 = VERTEX_POINT('',#198);
#198 = CARTESIAN_POINT('',(-32.,-4.440892098501E-16,8.760278777324));
#199 = SURFACE_CURVE('',#200,(#204,#211),.PCURVE_S1.);
#200 = LINE('',#201,#202);
#201 = CARTESIAN_POINT('',(-33.,-4.440892098501E-16,8.760278777324));
#202 = VECTOR('',#203,1.);
#203 = DIRECTION('',(1.,0.,0.));
#204 = PCURVE('',#32,#205);
#205 = DEFINITIONAL_REPRESENTATION('',(#206),#210);
#206 = LINE('',#207,#208);
#207 = CARTESIAN_POINT('',(8.760278777324,0.));
#208 = VECTOR('',#209,1.);
#209 = DIRECTION('',(0.,-1.));
#210 = ( GEOMETRIC_REPRESENTATION_CONTEXT(2) 
PARAMETRIC_REPRESENTATION_CONTEXT() REPRESENTATION_CONTEXT('2D SPACE',''
  ) );
#211 = PCURVE('',#212,#217);
#212 = PLANE('',#213);
#213 = AXIS2_PLACEMENT_3D('',#214,#215,#216);
#214 = CARTESIAN_POINT('',(-33.,-4.440892098501E-16,8.760278777324));
#215 = DIRECTION('',(0.,-0.258819045103,0.965925826289));
#216 = DIRECTION('',(0.,0.965925826289,0.258819045103));
#217 = DEFINITIONAL_REPRESENTATION('',(#218),#222);
#218 = LINE('',#219,#220);
#219 = CARTESIAN_POINT('',(0.,0.));
#220 = VECTOR('',#221,1.);
#221 = DIRECTION('',(0.,-1.));
#222 = ( GEOMETRIC_REPRESENTATION_CONTEXT(2) 
PARAMETRIC_REPRESENTATION_CONTEXT() REPRESENTATION_CONTEXT('2D SPACE',''
  ) );
#223 = ORIENTED_EDGE('',*,*,#224,.F.);
#224 = EDGE_CURVE('',#225,#197,#227,.T.);
#225 = VERTEX_POINT('',#226);
#226 = CARTESIAN_POINT('',(-32.,-4.440892098501E-16,3.4));
#227 = SURFACE_CURVE('',#228,(#232,#239),.PCURVE_S1.);
#228 = LINE('',#229,#230);
#229 = CARTESIAN_POINT('',(-32.,-4.440892098501E-16,3.4));
#230 = VECTOR('',#231,1.);
#231 = DIRECTION('',(0.,0.,1.));
#232 = PCURVE('',#32,#233);
#233 = DEFINITIONAL_REPRESENTATION('',(#234),#238);
#234 = LINE('',#235,#236);
#235 = CARTESIAN_POINT('',(3.4,-1.));
#236 = VECTOR('',#237,1.);
#237 = DIRECTION('',(1.,0.));
#238 = ( GEOMETRIC_REPRESENTATION_CONTEXT(2) 
PARAMETRIC_REPRESENTATION_CONTEXT() REPRESENTATION_CONTEXT('2D SPACE',''
  ) );
#239 = PCURVE('',#240,#245);
#240 = CYLINDRICAL_SURFACE('',#241,1.);
#241 = AXIS2_PLACEMENT_3D('',#242,#243,#244);
#242 = CARTESIAN_POINT('',(-32.,1.,3.4));
#243 = DIRECTION('',(0.,0.,1.));
#244 = DIRECTION('',(0.,-1.,0.));
#245 = DEFINITIONAL_REPRESENTATION('',(#246),#250);
#246 = LINE('',#247,#248);
#247 = CARTESIAN_POINT('',(-0.,0.));
#248 = VECTOR('',#249,1.);
#249 = DIRECTION('',(-0.,1.));
#250 = ( GEOMETRIC_REPRESENTATION_CONTEXT(2) 
PARAMETRIC_REPRESENTATION_CONTEXT() REPRESENTATION_CONTEXT('2D SPACE',''
  ) );
#251 = ORIENTED_EDGE('',*,*,#252,.T.);
#252 = EDGE_CURVE('',#225,#253,#255,.T.);
#253 = VERTEX_POINT('',#254);
#254 = CARTESIAN_POINT('',(-39.,-4.440892098501E-16,3.4));
#255 = SURFACE_CURVE('',#256,(#260,#267),.PCURVE_S1.);
#256 = LINE('',#257,#258);
#257 = CARTESIAN_POINT('',(-32.,-4.440892098501E-16,3.4));
#258 = VECTOR('',#259,1.);
#259 = DIRECTION('',(-1.,0.,0.));
#260 = PCURVE('',#32,#261);
#261 = DEFINITIONAL_REPRESENTATION('',(#262),#266);
#262 = LINE('',#263,#264);
#263 = CARTESIAN_POINT('',(3.4,-1.));
#264 = VECTOR('',#265,1.);
#265 = DIRECTION('',(0.,1.));
#266 = ( GEOMETRIC_REPRESENTATION_CONTEXT(2) 
PARAMETRIC_REPRESENTATION_CONTEXT() REPRESENTATION_CONTEXT('2D SPACE',''
  ) );
#267 = PCURVE('',#268,#273);
#268 = PLANE('',#269);
#269 = AXIS2_PLACEMENT_3D('',#270,#271,#272);
#270 = CARTESIAN_POINT('',(0.,5.708308787886,3.4));
#271 = DIRECTION('',(0.,0.,1.));
#272 = DIRECTION('',(1.,0.,-0.));
#273 = DEFINITIONAL_REPRESENTATION('',(#274),#278);
#274 = LINE('',#275,#276);
#275 = CARTESIAN_POINT('',(-32.,-5.708308787886));
#276 = VECTOR('',#277,1.);
#277 = DIRECTION('',(-1.,0.));
#278 = ( GEOMETRIC_REPRESENTATION_CONTEXT(2) 
PARAMETRIC_REPRESENTATION_CONTEXT() REPRESENTATION_CONTEXT('2D SPACE',''
  ) );
#279 = ORIENTED_EDGE('',*,*,#280,.F.);
#280 = EDGE_CURVE('',#281,#253,#283,.T.);
#281 = VERTEX_POINT('',#282);
#282 = CARTESIAN_POINT('',(-39.,-4.440892098501E-16,0.));
#283 = SURFACE_CURVE('',#284,(#288,#295),.PCURVE_S1.);
#284 = LINE('',#285,#286);
#285 = CARTESIAN_POINT('',(-39.,-4.440892098501E-16,0.));
#286 = VECTOR('',#287,1.);
#287 = DIRECTION('',(0.,0.,1.));
#288 = PCURVE('',#32,#289);
#289 = DEFINITIONAL_REPRESENTATION('',(#290),#294);
#290 = LINE('',#291,#292);
#291 = CARTESIAN_POINT('',(0.,6.));
#292 = VECTOR('',#293,1.);
#293 = DIRECTION('',(1.,0.));
#294 = ( GEOMETRIC_REPRESENTATION_CONTEXT(2) 
PARAMETRIC_REPRESENTATION_CONTEXT() REPRESENTATION_CONTEXT('2D SPACE',''
  ) );
#295 = PCURVE('',#296,#301);
#296 = CYLINDRICAL_SURFACE('',#297,1.);
#297 = AXIS2_PLACEMENT_3D('',#298,#299,#300);
#298 = CARTESIAN_POINT('',(-39.,1.,0.));
#299 = DIRECTION('',(0.,0.,1.));
#300 = DIRECTION('',(0.,-1.,0.));
#301 = DEFINITIONAL_REPRESENTATION('',(#302),#306);
#302 = LINE('',#303,#304);
#303 = CARTESIAN_POINT('',(-0.,0.));
#304 = VECTOR('',#305,1.);
#305 = DIRECTION('',(-0.,1.));
#306 = ( GEOMETRIC_REPRESENTATION_CONTEXT(2) 
PARAMETRIC_REPRESENTATION_CONTEXT() REPRESENTATION_CONTEXT('2D SPACE',''
  ) );
#307 = ORIENTED_EDGE('',*,*,#308,.T.);
#308 = EDGE_CURVE('',#281,#309,#311,.T.);
#309 = VERTEX_POINT('',#310);
#310 = CARTESIAN_POINT('',(39.,-6.661338147751E-16,0.));
#311 = SURFACE_CURVE('',#312,(#316,#323),.PCURVE_S1.);
#312 = LINE('',#313,#314);
#313 = CARTESIAN_POINT('',(-40.,0.,0.));
#314 = VECTOR('',#315,1.);
#315 = DIRECTION('',(1.,0.,0.));
#316 = PCURVE('',#32,#317);
#317 = DEFINITIONAL_REPRESENTATION('',(#318),#322);
#318 = LINE('',#319,#320);
#319 = CARTESIAN_POINT('',(0.,7.));
#320 = VECTOR('',#321,1.);
#321 = DIRECTION('',(0.,-1.));
#322 = ( GEOMETRIC_REPRESENTATION_CONTEXT(2) 
PARAMETRIC_REPRESENTATION_CONTEXT() REPRESENTATION_CONTEXT('2D SPACE',''
  ) );
#323 = PCURVE('',#324,#329);
#324 = PLANE('',#325);
#325 = AXIS2_PLACEMENT_3D('',#326,#327,#328);
#326 = CARTESIAN_POINT('',(-33.,90.031719958694,0.));
#327 = DIRECTION('',(0.,0.,-1.));
#328 = DIRECTION('',(0.,-1.,0.));
#329 = DEFINITIONAL_REPRESENTATION('',(#330),#334);
#330 = LINE('',#331,#332);
#331 = CARTESIAN_POINT('',(90.031719958694,7.));
#332 = VECTOR('',#333,1.);
#333 = DIRECTION('',(0.,-1.));
#334 = ( GEOMETRIC_REPRESENTATION_CONTEXT(2) 
PARAMETRIC_REPRESENTATION_CONTEXT() REPRESENTATION_CONTEXT('2D SPACE',''
  ) );
#335 = ORIENTED_EDGE('',*,*,#336,.T.);
#336 = EDGE_CURVE('',#309,#22,#337,.T.);
#337 = SURFACE_CURVE('',#338,(#342,#349),.PCURVE_S1.);
#338 = LINE('',#339,#340);
#339 = CARTESIAN_POINT('',(39.,-6.661338147751E-16,0.));
#340 = VECTOR('',#341,1.);
#341 = DIRECTION('',(0.,0.,1.));
#342 = PCURVE('',#32,#343);
#343 = DEFINITIONAL_REPRESENTATION('',(#344),#348);
#344 = LINE('',#345,#346);
#345 = CARTESIAN_POINT('',(0.,-72.));
#346 = VECTOR('',#347,1.);
#347 = DIRECTION('',(1.,0.));
#348 = ( GEOMETRIC_REPRESENTATION_CONTEXT(2) 
PARAMETRIC_REPRESENTATION_CONTEXT() REPRESENTATION_CONTEXT('2D SPACE',''
  ) );
#349 = PCURVE('',#350,#355);
#350 = CYLINDRICAL_SURFACE('',#351,1.);
#351 = AXIS2_PLACEMENT_3D('',#352,#353,#354);
#352 = CARTESIAN_POINT('',(39.,1.,0.));
#353 = DIRECTION('',(0.,0.,1.));
#354 = DIRECTION('',(0.,-1.,0.));
#355 = DEFINITIONAL_REPRESENTATION('',(#356),#360);
#356 = LINE('',#357,#358);
#357 = CARTESIAN_POINT('',(0.,0.));
#358 = VECTOR('',#359,1.);
#359 = DIRECTION('',(0.,1.));
#360 = ( GEOMETRIC_REPRESENTATION_CONTEXT(2) 
PARAMETRIC_REPRESENTATION_CONTEXT() REPRESENTATION_CONTEXT('2D SPACE',''
  ) );
#361 = ADVANCED_FACE('',(#362),#350,.T.);
#362 = FACE_BOUND('',#363,.T.);
#363 = EDGE_LOOP('',(#364,#392,#420,#442));
#364 = ORIENTED_EDGE('',*,*,#365,.T.);
#365 = EDGE_CURVE('',#309,#366,#368,.T.);
#366 = VERTEX_POINT('',#367);
#367 = CARTESIAN_POINT('',(40.,1.,0.));
#368 = SURFACE_CURVE('',#369,(#374,#381),.PCURVE_S1.);
#369 = CIRCLE('',#370,1.);
#370 = AXIS2_PLACEMENT_3D('',#371,#372,#373);
#371 = CARTESIAN_POINT('',(39.,1.,0.));
#372 = DIRECTION('',(0.,0.,1.));
#373 = DIRECTION('',(0.,-1.,0.));
#374 = PCURVE('',#350,#375);
#375 = DEFINITIONAL_REPRESENTATION('',(#376),#380);
#376 = LINE('',#377,#378);
#377 = CARTESIAN_POINT('',(0.,0.));
#378 = VECTOR('',#379,1.);
#379 = DIRECTION('',(1.,0.));
#380 = ( GEOMETRIC_REPRESENTATION_CONTEXT(2) 
PARAMETRIC_REPRESENTATION_CONTEXT() REPRESENTATION_CONTEXT('2D SPACE',''
  ) );
#381 = PCURVE('',#324,#382);
#382 = DEFINITIONAL_REPRESENTATION('',(#383),#391);
#383 = ( BOUNDED_CURVE() B_SPLINE_CURVE(2,(#384,#385,#386,#387,#388,#389
,#390),.UNSPECIFIED.,.T.,.F.) B_SPLINE_CURVE_WITH_KNOTS((1,2,2,2,2,1),(
    -2.094395102393,0.,2.094395102393,4.188790204786,6.28318530718,
8.377580409573),.UNSPECIFIED.) CURVE() GEOMETRIC_REPRESENTATION_ITEM() 
RATIONAL_B_SPLINE_CURVE((1.,0.5,1.,0.5,1.,0.5,1.)) REPRESENTATION_ITEM(
  '') );
#384 = CARTESIAN_POINT('',(90.031719958694,-72.));
#385 = CARTESIAN_POINT('',(90.031719958694,-73.73205080756));
#386 = CARTESIAN_POINT('',(88.531719958694,-72.86602540378));
#387 = CARTESIAN_POINT('',(87.031719958694,-72.));
#388 = CARTESIAN_POINT('',(88.531719958694,-71.13397459621));
#389 = CARTESIAN_POINT('',(90.031719958694,-70.26794919243));
#390 = CARTESIAN_POINT('',(90.031719958694,-72.));
#391 = ( GEOMETRIC_REPRESENTATION_CONTEXT(2) 
PARAMETRIC_REPRESENTATION_CONTEXT() REPRESENTATION_CONTEXT('2D SPACE',''
  ) );
#392 = ORIENTED_EDGE('',*,*,#393,.T.);
#393 = EDGE_CURVE('',#366,#394,#396,.T.);
#394 = VERTEX_POINT('',#395);
#395 = CARTESIAN_POINT('',(40.,1.,3.4));
#396 = SURFACE_CURVE('',#397,(#401,#408),.PCURVE_S1.);
#397 = LINE('',#398,#399);
#398 = CARTESIAN_POINT('',(40.,1.,0.));
#399 = VECTOR('',#400,1.);
#400 = DIRECTION('',(0.,0.,1.));
#401 = PCURVE('',#350,#402);
#402 = DEFINITIONAL_REPRESENTATION('',(#403),#407);
#403 = LINE('',#404,#405);
#404 = CARTESIAN_POINT('',(1.570796326795,0.));
#405 = VECTOR('',#406,1.);
#406 = DIRECTION('',(0.,1.));
#407 = ( GEOMETRIC_REPRESENTATION_CONTEXT(2) 
PARAMETRIC_REPRESENTATION_CONTEXT() REPRESENTATION_CONTEXT('2D SPACE',''
  ) );
#408 = PCURVE('',#409,#414);
#409 = PLANE('',#410);
#410 = AXIS2_PLACEMENT_3D('',#411,#412,#413);
#411 = CARTESIAN_POINT('',(40.,0.,0.));
#412 = DIRECTION('',(-1.,0.,0.));
#413 = DIRECTION('',(0.,1.,0.));
#414 = DEFINITIONAL_REPRESENTATION('',(#415),#419);
#415 = LINE('',#416,#417);
#416 = CARTESIAN_POINT('',(1.,0.));
#417 = VECTOR('',#418,1.);
#418 = DIRECTION('',(0.,-1.));
#419 = ( GEOMETRIC_REPRESENTATION_CONTEXT(2) 
PARAMETRIC_REPRESENTATION_CONTEXT() REPRESENTATION_CONTEXT('2D SPACE',''
  ) );
#420 = ORIENTED_EDGE('',*,*,#421,.F.);
#421 = EDGE_CURVE('',#22,#394,#422,.T.);
#422 = SURFACE_CURVE('',#423,(#428,#435),.PCURVE_S1.);
#423 = CIRCLE('',#424,1.);
#424 = AXIS2_PLACEMENT_3D('',#425,#426,#427);
#425 = CARTESIAN_POINT('',(39.,1.,3.4));
#426 = DIRECTION('',(0.,0.,1.));
#427 = DIRECTION('',(0.,-1.,0.));
#428 = PCURVE('',#350,#429);
#429 = DEFINITIONAL_REPRESENTATION('',(#430),#434);
#430 = LINE('',#431,#432);
#431 = CARTESIAN_POINT('',(0.,3.4));
#432 = VECTOR('',#433,1.);
#433 = DIRECTION('',(1.,0.));
#434 = ( GEOMETRIC_REPRESENTATION_CONTEXT(2) 
PARAMETRIC_REPRESENTATION_CONTEXT() REPRESENTATION_CONTEXT('2D SPACE',''
  ) );
#435 = PCURVE('',#44,#436);
#436 = DEFINITIONAL_REPRESENTATION('',(#437),#441);
#437 = CIRCLE('',#438,1.);
#438 = AXIS2_PLACEMENT_2D('',#439,#440);
#439 = CARTESIAN_POINT('',(39.,-4.708308787886));
#440 = DIRECTION('',(0.,-1.));
#441 = ( GEOMETRIC_REPRESENTATION_CONTEXT(2) 
PARAMETRIC_REPRESENTATION_CONTEXT() REPRESENTATION_CONTEXT('2D SPACE',''
  ) );
#442 = ORIENTED_EDGE('',*,*,#336,.F.);
#443 = ADVANCED_FACE('',(#444),#409,.F.);
#444 = FACE_BOUND('',#445,.F.);
#445 = EDGE_LOOP('',(#446,#469,#470,#493));
#446 = ORIENTED_EDGE('',*,*,#447,.F.);
#447 = EDGE_CURVE('',#366,#448,#450,.T.);
#448 = VERTEX_POINT('',#449);
#449 = CARTESIAN_POINT('',(40.,10.416617575771,0.));
#450 = SURFACE_CURVE('',#451,(#455,#462),.PCURVE_S1.);
#451 = LINE('',#452,#453);
#452 = CARTESIAN_POINT('',(40.,0.,0.));
#453 = VECTOR('',#454,1.);
#454 = DIRECTION('',(0.,1.,0.));
#455 = PCURVE('',#409,#456);
#456 = DEFINITIONAL_REPRESENTATION('',(#457),#461);
#457 = LINE('',#458,#459);
#458 = CARTESIAN_POINT('',(0.,0.));
#459 = VECTOR('',#460,1.);
#460 = DIRECTION('',(1.,0.));
#461 = ( GEOMETRIC_REPRESENTATION_CONTEXT(2) 
PARAMETRIC_REPRESENTATION_CONTEXT() REPRESENTATION_CONTEXT('2D SPACE',''
  ) );
#462 = PCURVE('',#324,#463);
#463 = DEFINITIONAL_REPRESENTATION('',(#464),#468);
#464 = LINE('',#465,#466);
#465 = CARTESIAN_POINT('',(90.031719958694,-73.));
#466 = VECTOR('',#467,1.);
#467 = DIRECTION('',(-1.,-0.));
#468 = ( GEOMETRIC_REPRESENTATION_CONTEXT(2) 
PARAMETRIC_REPRESENTATION_CONTEXT() REPRESENTATION_CONTEXT('2D SPACE',''
  ) );
#469 = ORIENTED_EDGE('',*,*,#393,.T.);
#470 = ORIENTED_EDGE('',*,*,#471,.T.);
#471 = EDGE_CURVE('',#394,#472,#474,.T.);
#472 = VERTEX_POINT('',#473);
#473 = CARTESIAN_POINT('',(40.,10.416617575771,3.4));
#474 = SURFACE_CURVE('',#475,(#479,#486),.PCURVE_S1.);
#475 = LINE('',#476,#477);
#476 = CARTESIAN_POINT('',(40.,0.,3.4));
#477 = VECTOR('',#478,1.);
#478 = DIRECTION('',(0.,1.,0.));
#479 = PCURVE('',#409,#480);
#480 = DEFINITIONAL_REPRESENTATION('',(#481),#485);
#481 = LINE('',#482,#483);
#482 = CARTESIAN_POINT('',(0.,-3.4));
#483 = VECTOR('',#484,1.);
#484 = DIRECTION('',(1.,0.));
#485 = ( GEOMETRIC_REPRESENTATION_CONTEXT(2) 
PARAMETRIC_REPRESENTATION_CONTEXT() REPRESENTATION_CONTEXT('2D SPACE',''
  ) );
#486 = PCURVE('',#44,#487);
#487 = DEFINITIONAL_REPRESENTATION('',(#488),#492);
#488 = LINE('',#489,#490);
#489 = CARTESIAN_POINT('',(40.,-5.708308787886));
#490 = VECTOR('',#491,1.);
#491 = DIRECTION('',(0.,1.));
#492 = ( GEOMETRIC_REPRESENTATION_CONTEXT(2) 
PARAMETRIC_REPRESENTATION_CONTEXT() REPRESENTATION_CONTEXT('2D SPACE',''
  ) );
#493 = ORIENTED_EDGE('',*,*,#494,.F.);
#494 = EDGE_CURVE('',#448,#472,#495,.T.);
#495 = SURFACE_CURVE('',#496,(#500,#507),.PCURVE_S1.);
#496 = LINE('',#497,#498);
#497 = CARTESIAN_POINT('',(40.,10.416617575771,0.));
#498 = VECTOR('',#499,1.);
#499 = DIRECTION('',(0.,0.,1.));
#500 = PCURVE('',#409,#501);
#501 = DEFINITIONAL_REPRESENTATION('',(#502),#506);
#502 = LINE('',#503,#504);
#503 = CARTESIAN_POINT('',(10.416617575771,0.));
#504 = VECTOR('',#505,1.);
#505 = DIRECTION('',(0.,-1.));
#506 = ( GEOMETRIC_REPRESENTATION_CONTEXT(2) 
PARAMETRIC_REPRESENTATION_CONTEXT() REPRESENTATION_CONTEXT('2D SPACE',''
  ) );
#507 = PCURVE('',#508,#513);
#508 = CYLINDRICAL_SURFACE('',#509,1.);
#509 = AXIS2_PLACEMENT_3D('',#510,#511,#512);
#510 = CARTESIAN_POINT('',(39.,10.416617575771,0.));
#511 = DIRECTION('',(0.,0.,1.));
#512 = DIRECTION('',(-0.,1.,0.));
#513 = DEFINITIONAL_REPRESENTATION('',(#514),#518);
#514 = LINE('',#515,#516);
#515 = CARTESIAN_POINT('',(-1.570796326795,0.));
#516 = VECTOR('',#517,1.);
#517 = DIRECTION('',(-0.,1.));
#518 = ( GEOMETRIC_REPRESENTATION_CONTEXT(2) 
PARAMETRIC_REPRESENTATION_CONTEXT() REPRESENTATION_CONTEXT('2D SPACE',''
  ) );
#519 = ADVANCED_FACE('',(#520),#508,.T.);
#520 = FACE_BOUND('',#521,.F.);
#521 = EDGE_LOOP('',(#522,#546,#547,#575));
#522 = ORIENTED_EDGE('',*,*,#523,.T.);
#523 = EDGE_CURVE('',#524,#448,#526,.T.);
#524 = VERTEX_POINT('',#525);
#525 = CARTESIAN_POINT('',(39.,11.416617575771,0.));
#526 = SURFACE_CURVE('',#527,(#532,#539),.PCURVE_S1.);
#527 = CIRCLE('',#528,1.);
#528 = AXIS2_PLACEMENT_3D('',#529,#530,#531);
#529 = CARTESIAN_POINT('',(39.,10.416617575771,0.));
#530 = DIRECTION('',(-0.,-0.,-1.));
#531 = DIRECTION('',(0.,-1.,0.));
#532 = PCURVE('',#508,#533);
#533 = DEFINITIONAL_REPRESENTATION('',(#534),#538);
#534 = LINE('',#535,#536);
#535 = CARTESIAN_POINT('',(3.14159265359,-0.));
#536 = VECTOR('',#537,1.);
#537 = DIRECTION('',(-1.,0.));
#538 = ( GEOMETRIC_REPRESENTATION_CONTEXT(2) 
PARAMETRIC_REPRESENTATION_CONTEXT() REPRESENTATION_CONTEXT('2D SPACE',''
  ) );
#539 = PCURVE('',#324,#540);
#540 = DEFINITIONAL_REPRESENTATION('',(#541),#545);
#541 = CIRCLE('',#542,1.);
#542 = AXIS2_PLACEMENT_2D('',#543,#544);
#543 = CARTESIAN_POINT('',(79.615102382922,-72.));
#544 = DIRECTION('',(1.,0.));
#545 = ( GEOMETRIC_REPRESENTATION_CONTEXT(2) 
PARAMETRIC_REPRESENTATION_CONTEXT() REPRESENTATION_CONTEXT('2D SPACE',''
  ) );
#546 = ORIENTED_EDGE('',*,*,#494,.T.);
#547 = ORIENTED_EDGE('',*,*,#548,.F.);
#548 = EDGE_CURVE('',#549,#472,#551,.T.);
#549 = VERTEX_POINT('',#550);
#550 = CARTESIAN_POINT('',(39.,11.416617575771,3.4));
#551 = SURFACE_CURVE('',#552,(#557,#564),.PCURVE_S1.);
#552 = CIRCLE('',#553,1.);
#553 = AXIS2_PLACEMENT_3D('',#554,#555,#556);
#554 = CARTESIAN_POINT('',(39.,10.416617575771,3.4));
#555 = DIRECTION('',(-0.,-0.,-1.));
#556 = DIRECTION('',(0.,-1.,0.));
#557 = PCURVE('',#508,#558);
#558 = DEFINITIONAL_REPRESENTATION('',(#559),#563);
#559 = LINE('',#560,#561);
#560 = CARTESIAN_POINT('',(3.14159265359,3.4));
#561 = VECTOR('',#562,1.);
#562 = DIRECTION('',(-1.,0.));
#563 = ( GEOMETRIC_REPRESENTATION_CONTEXT(2) 
PARAMETRIC_REPRESENTATION_CONTEXT() REPRESENTATION_CONTEXT('2D SPACE',''
  ) );
#564 = PCURVE('',#44,#565);
#565 = DEFINITIONAL_REPRESENTATION('',(#566),#574);
#566 = ( BOUNDED_CURVE() B_SPLINE_CURVE(2,(#567,#568,#569,#570,#571,#572
,#573),.UNSPECIFIED.,.T.,.F.) B_SPLINE_CURVE_WITH_KNOTS((1,2,2,2,2,1),(
    -2.094395102393,0.,2.094395102393,4.188790204786,6.28318530718,
8.377580409573),.UNSPECIFIED.) CURVE() GEOMETRIC_REPRESENTATION_ITEM() 
RATIONAL_B_SPLINE_CURVE((1.,0.5,1.,0.5,1.,0.5,1.)) REPRESENTATION_ITEM(
  '') );
#567 = CARTESIAN_POINT('',(39.,3.708308787886));
#568 = CARTESIAN_POINT('',(37.267949192431,3.708308787886));
#569 = CARTESIAN_POINT('',(38.133974596216,5.208308787886));
#570 = CARTESIAN_POINT('',(39.,6.708308787886));
#571 = CARTESIAN_POINT('',(39.866025403784,5.208308787886));
#572 = CARTESIAN_POINT('',(40.732050807569,3.708308787886));
#573 = CARTESIAN_POINT('',(39.,3.708308787886));
#574 = ( GEOMETRIC_REPRESENTATION_CONTEXT(2) 
PARAMETRIC_REPRESENTATION_CONTEXT() REPRESENTATION_CONTEXT('2D SPACE',''
  ) );
#575 = ORIENTED_EDGE('',*,*,#576,.F.);
#576 = EDGE_CURVE('',#524,#549,#577,.T.);
#577 = SURFACE_CURVE('',#578,(#582,#589),.PCURVE_S1.);
#578 = LINE('',#579,#580);
#579 = CARTESIAN_POINT('',(39.,11.416617575771,0.));
#580 = VECTOR('',#581,1.);
#581 = DIRECTION('',(0.,0.,1.));
#582 = PCURVE('',#508,#583);
#583 = DEFINITIONAL_REPRESENTATION('',(#584),#588);
#584 = LINE('',#585,#586);
#585 = CARTESIAN_POINT('',(-0.,0.));
#586 = VECTOR('',#587,1.);
#587 = DIRECTION('',(-0.,1.));
#588 = ( GEOMETRIC_REPRESENTATION_CONTEXT(2) 
PARAMETRIC_REPRESENTATION_CONTEXT() REPRESENTATION_CONTEXT('2D SPACE',''
  ) );
#589 = PCURVE('',#590,#595);
#590 = PLANE('',#591);
#591 = AXIS2_PLACEMENT_3D('',#592,#593,#594);
#592 = CARTESIAN_POINT('',(40.,11.416617575771,0.));
#593 = DIRECTION('',(0.,-1.,0.));
#594 = DIRECTION('',(-1.,0.,0.));
#595 = DEFINITIONAL_REPRESENTATION('',(#596),#600);
#596 = LINE('',#597,#598);
#597 = CARTESIAN_POINT('',(1.,0.));
#598 = VECTOR('',#599,1.);
#599 = DIRECTION('',(0.,-1.));
#600 = ( GEOMETRIC_REPRESENTATION_CONTEXT(2) 
PARAMETRIC_REPRESENTATION_CONTEXT() REPRESENTATION_CONTEXT('2D SPACE',''
  ) );
#601 = ADVANCED_FACE('',(#602),#590,.F.);
#602 = FACE_BOUND('',#603,.F.);
#603 = EDGE_LOOP('',(#604,#627,#628,#651));
#604 = ORIENTED_EDGE('',*,*,#605,.F.);
#605 = EDGE_CURVE('',#524,#606,#608,.T.);
#606 = VERTEX_POINT('',#607);
#607 = CARTESIAN_POINT('',(34.,11.416617575771,0.));
#608 = SURFACE_CURVE('',#609,(#613,#620),.PCURVE_S1.);
#609 = LINE('',#610,#611);
#610 = CARTESIAN_POINT('',(40.,11.416617575771,0.));
#611 = VECTOR('',#612,1.);
#612 = DIRECTION('',(-1.,0.,0.));
#613 = PCURVE('',#590,#614);
#614 = DEFINITIONAL_REPRESENTATION('',(#615),#619);
#615 = LINE('',#616,#617);
#616 = CARTESIAN_POINT('',(0.,-0.));
#617 = VECTOR('',#618,1.);
#618 = DIRECTION('',(1.,0.));
#619 = ( GEOMETRIC_REPRESENTATION_CONTEXT(2) 
PARAMETRIC_REPRESENTATION_CONTEXT() REPRESENTATION_CONTEXT('2D SPACE',''
  ) );
#620 = PCURVE('',#324,#621);
#621 = DEFINITIONAL_REPRESENTATION('',(#622),#626);
#622 = LINE('',#623,#624);
#623 = CARTESIAN_POINT('',(78.615102382922,-73.));
#624 = VECTOR('',#625,1.);
#625 = DIRECTION('',(0.,1.));
#626 = ( GEOMETRIC_REPRESENTATION_CONTEXT(2) 
PARAMETRIC_REPRESENTATION_CONTEXT() REPRESENTATION_CONTEXT('2D SPACE',''
  ) );
#627 = ORIENTED_EDGE('',*,*,#576,.T.);
#628 = ORIENTED_EDGE('',*,*,#629,.T.);
#629 = EDGE_CURVE('',#549,#630,#632,.T.);
#630 = VERTEX_POINT('',#631);
#631 = CARTESIAN_POINT('',(34.,11.416617575771,3.4));
#632 = SURFACE_CURVE('',#633,(#637,#644),.PCURVE_S1.);
#633 = LINE('',#634,#635);
#634 = CARTESIAN_POINT('',(40.,11.416617575771,3.4));
#635 = VECTOR('',#636,1.);
#636 = DIRECTION('',(-1.,0.,0.));
#637 = PCURVE('',#590,#638);
#638 = DEFINITIONAL_REPRESENTATION('',(#639),#643);
#639 = LINE('',#640,#641);
#640 = CARTESIAN_POINT('',(0.,-3.4));
#641 = VECTOR('',#642,1.);
#642 = DIRECTION('',(1.,0.));
#643 = ( GEOMETRIC_REPRESENTATION_CONTEXT(2) 
PARAMETRIC_REPRESENTATION_CONTEXT() REPRESENTATION_CONTEXT('2D SPACE',''
  ) );
#644 = PCURVE('',#44,#645);
#645 = DEFINITIONAL_REPRESENTATION('',(#646),#650);
#646 = LINE('',#647,#648);
#647 = CARTESIAN_POINT('',(40.,5.708308787886));
#648 = VECTOR('',#649,1.);
#649 = DIRECTION('',(-1.,0.));
#650 = ( GEOMETRIC_REPRESENTATION_CONTEXT(2) 
PARAMETRIC_REPRESENTATION_CONTEXT() REPRESENTATION_CONTEXT('2D SPACE',''
  ) );
#651 = ORIENTED_EDGE('',*,*,#652,.F.);
#652 = EDGE_CURVE('',#606,#630,#653,.T.);
#653 = SURFACE_CURVE('',#654,(#658,#665),.PCURVE_S1.);
#654 = LINE('',#655,#656);
#655 = CARTESIAN_POINT('',(34.,11.416617575771,0.));
#656 = VECTOR('',#657,1.);
#657 = DIRECTION('',(-0.,0.,1.));
#658 = PCURVE('',#590,#659);
#659 = DEFINITIONAL_REPRESENTATION('',(#660),#664);
#660 = LINE('',#661,#662);
#661 = CARTESIAN_POINT('',(6.,0.));
#662 = VECTOR('',#663,1.);
#663 = DIRECTION('',(0.,-1.));
#664 = ( GEOMETRIC_REPRESENTATION_CONTEXT(2) 
PARAMETRIC_REPRESENTATION_CONTEXT() REPRESENTATION_CONTEXT('2D SPACE',''
  ) );
#665 = PCURVE('',#666,#671);
#666 = CYLINDRICAL_SURFACE('',#667,1.);
#667 = AXIS2_PLACEMENT_3D('',#668,#669,#670);
#668 = CARTESIAN_POINT('',(34.,12.416617575771,0.));
#669 = DIRECTION('',(-0.,0.,1.));
#670 = DIRECTION('',(0.,-1.,0.));
#671 = DEFINITIONAL_REPRESENTATION('',(#672),#676);
#672 = LINE('',#673,#674);
#673 = CARTESIAN_POINT('',(-0.,0.));
#674 = VECTOR('',#675,1.);
#675 = DIRECTION('',(-0.,1.));
#676 = ( GEOMETRIC_REPRESENTATION_CONTEXT(2) 
PARAMETRIC_REPRESENTATION_CONTEXT() REPRESENTATION_CONTEXT('2D SPACE',''
  ) );
#677 = ADVANCED_FACE('',(#678),#666,.F.);
#678 = FACE_BOUND('',#679,.T.);
#679 = EDGE_LOOP('',(#680,#704,#732,#758));
#680 = ORIENTED_EDGE('',*,*,#681,.T.);
#681 = EDGE_CURVE('',#606,#682,#684,.T.);
#682 = VERTEX_POINT('',#683);
#683 = CARTESIAN_POINT('',(33.,12.416617575771,0.));
#684 = SURFACE_CURVE('',#685,(#690,#697),.PCURVE_S1.);
#685 = CIRCLE('',#686,1.);
#686 = AXIS2_PLACEMENT_3D('',#687,#688,#689);
#687 = CARTESIAN_POINT('',(34.,12.416617575771,0.));
#688 = DIRECTION('',(0.,-0.,-1.));
#689 = DIRECTION('',(0.,-1.,0.));
#690 = PCURVE('',#666,#691);
#691 = DEFINITIONAL_REPRESENTATION('',(#692),#696);
#692 = LINE('',#693,#694);
#693 = CARTESIAN_POINT('',(-0.,0.));
#694 = VECTOR('',#695,1.);
#695 = DIRECTION('',(-1.,0.));
#696 = ( GEOMETRIC_REPRESENTATION_CONTEXT(2) 
PARAMETRIC_REPRESENTATION_CONTEXT() REPRESENTATION_CONTEXT('2D SPACE',''
  ) );
#697 = PCURVE('',#324,#698);
#698 = DEFINITIONAL_REPRESENTATION('',(#699),#703);
#699 = CIRCLE('',#700,1.);
#700 = AXIS2_PLACEMENT_2D('',#701,#702);
#701 = CARTESIAN_POINT('',(77.615102382922,-67.));
#702 = DIRECTION('',(1.,0.));
#703 = ( GEOMETRIC_REPRESENTATION_CONTEXT(2) 
PARAMETRIC_REPRESENTATION_CONTEXT() REPRESENTATION_CONTEXT('2D SPACE',''
  ) );
#704 = ORIENTED_EDGE('',*,*,#705,.T.);
#705 = EDGE_CURVE('',#682,#706,#708,.T.);
#706 = VERTEX_POINT('',#707);
#707 = CARTESIAN_POINT('',(33.,12.416617575771,3.4));
#708 = SURFACE_CURVE('',#709,(#713,#720),.PCURVE_S1.);
#709 = LINE('',#710,#711);
#710 = CARTESIAN_POINT('',(33.,12.416617575771,0.));
#711 = VECTOR('',#712,1.);
#712 = DIRECTION('',(-0.,0.,1.));
#713 = PCURVE('',#666,#714);
#714 = DEFINITIONAL_REPRESENTATION('',(#715),#719);
#715 = LINE('',#716,#717);
#716 = CARTESIAN_POINT('',(-1.570796326795,0.));
#717 = VECTOR('',#718,1.);
#718 = DIRECTION('',(-0.,1.));
#719 = ( GEOMETRIC_REPRESENTATION_CONTEXT(2) 
PARAMETRIC_REPRESENTATION_CONTEXT() REPRESENTATION_CONTEXT('2D SPACE',''
  ) );
#720 = PCURVE('',#721,#726);
#721 = PLANE('',#722);
#722 = AXIS2_PLACEMENT_3D('',#723,#724,#725);
#723 = CARTESIAN_POINT('',(33.,47.835643968029,8.141318886071));
#724 = DIRECTION('',(-1.,-0.,-0.));
#725 = DIRECTION('',(0.,0.,-1.));
#726 = DEFINITIONAL_REPRESENTATION('',(#727),#731);
#727 = LINE('',#728,#729);
#728 = CARTESIAN_POINT('',(8.141318886071,35.419026392257));
#729 = VECTOR('',#730,1.);
#730 = DIRECTION('',(-1.,0.));
#731 = ( GEOMETRIC_REPRESENTATION_CONTEXT(2) 
PARAMETRIC_REPRESENTATION_CONTEXT() REPRESENTATION_CONTEXT('2D SPACE',''
  ) );
#732 = ORIENTED_EDGE('',*,*,#733,.F.);
#733 = EDGE_CURVE('',#630,#706,#734,.T.);
#734 = SURFACE_CURVE('',#735,(#740,#747),.PCURVE_S1.);
#735 = CIRCLE('',#736,1.);
#736 = AXIS2_PLACEMENT_3D('',#737,#738,#739);
#737 = CARTESIAN_POINT('',(34.,12.416617575771,3.4));
#738 = DIRECTION('',(0.,-0.,-1.));
#739 = DIRECTION('',(0.,-1.,0.));
#740 = PCURVE('',#666,#741);
#741 = DEFINITIONAL_REPRESENTATION('',(#742),#746);
#742 = LINE('',#743,#744);
#743 = CARTESIAN_POINT('',(-0.,3.4));
#744 = VECTOR('',#745,1.);
#745 = DIRECTION('',(-1.,0.));
#746 = ( GEOMETRIC_REPRESENTATION_CONTEXT(2) 
PARAMETRIC_REPRESENTATION_CONTEXT() REPRESENTATION_CONTEXT('2D SPACE',''
  ) );
#747 = PCURVE('',#44,#748);
#748 = DEFINITIONAL_REPRESENTATION('',(#749),#757);
#749 = ( BOUNDED_CURVE() B_SPLINE_CURVE(2,(#750,#751,#752,#753,#754,#755
,#756),.UNSPECIFIED.,.T.,.F.) B_SPLINE_CURVE_WITH_KNOTS((1,2,2,2,2,1),(
    -2.094395102393,0.,2.094395102393,4.188790204786,6.28318530718,
8.377580409573),.UNSPECIFIED.) CURVE() GEOMETRIC_REPRESENTATION_ITEM() 
RATIONAL_B_SPLINE_CURVE((1.,0.5,1.,0.5,1.,0.5,1.)) REPRESENTATION_ITEM(
  '') );
#750 = CARTESIAN_POINT('',(34.,5.708308787886));
#751 = CARTESIAN_POINT('',(32.267949192431,5.708308787886));
#752 = CARTESIAN_POINT('',(33.133974596216,7.208308787886));
#753 = CARTESIAN_POINT('',(34.,8.708308787886));
#754 = CARTESIAN_POINT('',(34.866025403784,7.208308787886));
#755 = CARTESIAN_POINT('',(35.732050807569,5.708308787886));
#756 = CARTESIAN_POINT('',(34.,5.708308787886));
#757 = ( GEOMETRIC_REPRESENTATION_CONTEXT(2) 
PARAMETRIC_REPRESENTATION_CONTEXT() REPRESENTATION_CONTEXT('2D SPACE',''
  ) );
#758 = ORIENTED_EDGE('',*,*,#652,.F.);
#759 = ADVANCED_FACE('',(#760),#721,.F.);
#760 = FACE_BOUND('',#761,.F.);
#761 = EDGE_LOOP('',(#762,#785,#808,#831,#859,#887,#915,#943,#971,#999,
    #1020));
#762 = ORIENTED_EDGE('',*,*,#763,.T.);
#763 = EDGE_CURVE('',#706,#764,#766,.T.);
#764 = VERTEX_POINT('',#765);
#765 = CARTESIAN_POINT('',(33.,1.,3.4));
#766 = SURFACE_CURVE('',#767,(#771,#778),.PCURVE_S1.);
#767 = LINE('',#768,#769);
#768 = CARTESIAN_POINT('',(33.,12.416617575771,3.4));
#769 = VECTOR('',#770,1.);
#770 = DIRECTION('',(0.,-1.,0.));
#771 = PCURVE('',#721,#772);
#772 = DEFINITIONAL_REPRESENTATION('',(#773),#777);
#773 = LINE('',#774,#775);
#774 = CARTESIAN_POINT('',(4.741318886071,35.419026392257));
#775 = VECTOR('',#776,1.);
#776 = DIRECTION('',(0.,1.));
#777 = ( GEOMETRIC_REPRESENTATION_CONTEXT(2) 
PARAMETRIC_REPRESENTATION_CONTEXT() REPRESENTATION_CONTEXT('2D SPACE',''
  ) );
#778 = PCURVE('',#44,#779);
#779 = DEFINITIONAL_REPRESENTATION('',(#780),#784);
#780 = LINE('',#781,#782);
#781 = CARTESIAN_POINT('',(33.,6.708308787886));
#782 = VECTOR('',#783,1.);
#783 = DIRECTION('',(0.,-1.));
#784 = ( GEOMETRIC_REPRESENTATION_CONTEXT(2) 
PARAMETRIC_REPRESENTATION_CONTEXT() REPRESENTATION_CONTEXT('2D SPACE',''
  ) );
#785 = ORIENTED_EDGE('',*,*,#786,.T.);
#786 = EDGE_CURVE('',#764,#787,#789,.T.);
#787 = VERTEX_POINT('',#788);
#788 = CARTESIAN_POINT('',(33.,1.,9.028227969755));
#789 = SURFACE_CURVE('',#790,(#794,#801),.PCURVE_S1.);
#790 = LINE('',#791,#792);
#791 = CARTESIAN_POINT('',(33.,1.,3.4));
#792 = VECTOR('',#793,1.);
#793 = DIRECTION('',(0.,0.,1.));
#794 = PCURVE('',#721,#795);
#795 = DEFINITIONAL_REPRESENTATION('',(#796),#800);
#796 = LINE('',#797,#798);
#797 = CARTESIAN_POINT('',(4.741318886071,46.835643968029));
#798 = VECTOR('',#799,1.);
#799 = DIRECTION('',(-1.,0.));
#800 = ( GEOMETRIC_REPRESENTATION_CONTEXT(2) 
PARAMETRIC_REPRESENTATION_CONTEXT() REPRESENTATION_CONTEXT('2D SPACE',''
  ) );
#801 = PCURVE('',#72,#802);
#802 = DEFINITIONAL_REPRESENTATION('',(#803),#807);
#803 = LINE('',#804,#805);
#804 = CARTESIAN_POINT('',(1.570796326795,0.));
#805 = VECTOR('',#806,1.);
#806 = DIRECTION('',(0.,1.));
#807 = ( GEOMETRIC_REPRESENTATION_CONTEXT(2) 
PARAMETRIC_REPRESENTATION_CONTEXT() REPRESENTATION_CONTEXT('2D SPACE',''
  ) );
#808 = ORIENTED_EDGE('',*,*,#809,.T.);
#809 = EDGE_CURVE('',#787,#810,#812,.T.);
#810 = VERTEX_POINT('',#811);
#811 = CARTESIAN_POINT('',(33.,3.863703305156,9.795554957734));
#812 = SURFACE_CURVE('',#813,(#817,#824),.PCURVE_S1.);
#813 = LINE('',#814,#815);
#814 = CARTESIAN_POINT('',(33.,-4.440892098501E-16,8.760278777324));
#815 = VECTOR('',#816,1.);
#816 = DIRECTION('',(0.,0.965925826289,0.258819045103));
#817 = PCURVE('',#721,#818);
#818 = DEFINITIONAL_REPRESENTATION('',(#819),#823);
#819 = LINE('',#820,#821);
#820 = CARTESIAN_POINT('',(-0.618959891254,47.835643968029));
#821 = VECTOR('',#822,1.);
#822 = DIRECTION('',(-0.258819045103,-0.965925826289));
#823 = ( GEOMETRIC_REPRESENTATION_CONTEXT(2) 
PARAMETRIC_REPRESENTATION_CONTEXT() REPRESENTATION_CONTEXT('2D SPACE',''
  ) );
#824 = PCURVE('',#100,#825);
#825 = DEFINITIONAL_REPRESENTATION('',(#826),#830);
#826 = LINE('',#827,#828);
#827 = CARTESIAN_POINT('',(0.,-6.));
#828 = VECTOR('',#829,1.);
#829 = DIRECTION('',(1.,0.));
#830 = ( GEOMETRIC_REPRESENTATION_CONTEXT(2) 
PARAMETRIC_REPRESENTATION_CONTEXT() REPRESENTATION_CONTEXT('2D SPACE',''
  ) );
#831 = ORIENTED_EDGE('',*,*,#832,.T.);
#832 = EDGE_CURVE('',#810,#833,#835,.T.);
#833 = VERTEX_POINT('',#834);
#834 = CARTESIAN_POINT('',(33.,5.028389008118,5.448888739434));
#835 = SURFACE_CURVE('',#836,(#840,#847),.PCURVE_S1.);
#836 = LINE('',#837,#838);
#837 = CARTESIAN_POINT('',(33.,3.863703305156,9.795554957734));
#838 = VECTOR('',#839,1.);
#839 = DIRECTION('',(0.,0.258819045103,-0.965925826289));
#840 = PCURVE('',#721,#841);
#841 = DEFINITIONAL_REPRESENTATION('',(#842),#846);
#842 = LINE('',#843,#844);
#843 = CARTESIAN_POINT('',(-1.654236071664,43.971940662872));
#844 = VECTOR('',#845,1.);
#845 = DIRECTION('',(0.965925826289,-0.258819045103));
#846 = ( GEOMETRIC_REPRESENTATION_CONTEXT(2) 
PARAMETRIC_REPRESENTATION_CONTEXT() REPRESENTATION_CONTEXT('2D SPACE',''
  ) );
#847 = PCURVE('',#848,#853);
#848 = PLANE('',#849);
#849 = AXIS2_PLACEMENT_3D('',#850,#851,#852);
#850 = CARTESIAN_POINT('',(27.,3.863703305156,9.795554957734));
#851 = DIRECTION('',(-0.,0.965925826289,0.258819045103));
#852 = DIRECTION('',(0.,0.258819045103,-0.965925826289));
#853 = DEFINITIONAL_REPRESENTATION('',(#854),#858);
#854 = LINE('',#855,#856);
#855 = CARTESIAN_POINT('',(0.,-6.));
#856 = VECTOR('',#857,1.);
#857 = DIRECTION('',(1.,0.));
#858 = ( GEOMETRIC_REPRESENTATION_CONTEXT(2) 
PARAMETRIC_REPRESENTATION_CONTEXT() REPRESENTATION_CONTEXT('2D SPACE',''
  ) );
#859 = ORIENTED_EDGE('',*,*,#860,.F.);
#860 = EDGE_CURVE('',#861,#833,#863,.T.);
#861 = VERTEX_POINT('',#862);
#862 = CARTESIAN_POINT('',(33.,5.419205766222,3.990340741737));
#863 = SURFACE_CURVE('',#864,(#868,#875),.PCURVE_S1.);
#864 = LINE('',#865,#866);
#865 = CARTESIAN_POINT('',(33.,5.419205766222,3.990340741737));
#866 = VECTOR('',#867,1.);
#867 = DIRECTION('',(0.,-0.258819045103,0.965925826289));
#868 = PCURVE('',#721,#869);
#869 = DEFINITIONAL_REPRESENTATION('',(#870),#874);
#870 = LINE('',#871,#872);
#871 = CARTESIAN_POINT('',(4.150978144334,42.416438201806));
#872 = VECTOR('',#873,1.);
#873 = DIRECTION('',(-0.965925826289,0.258819045103));
#874 = ( GEOMETRIC_REPRESENTATION_CONTEXT(2) 
PARAMETRIC_REPRESENTATION_CONTEXT() REPRESENTATION_CONTEXT('2D SPACE',''
  ) );
#875 = PCURVE('',#876,#881);
#876 = PLANE('',#877);
#877 = AXIS2_PLACEMENT_3D('',#878,#879,#880);
#878 = CARTESIAN_POINT('',(30.,5.201619875139,4.802382342269));
#879 = DIRECTION('',(-0.,-0.965925826289,-0.258819045103));
#880 = DIRECTION('',(0.,0.258819045103,-0.965925826289));
#881 = DEFINITIONAL_REPRESENTATION('',(#882),#886);
#882 = LINE('',#883,#884);
#883 = CARTESIAN_POINT('',(0.840687326533,3.));
#884 = VECTOR('',#885,1.);
#885 = DIRECTION('',(-1.,0.));
#886 = ( GEOMETRIC_REPRESENTATION_CONTEXT(2) 
PARAMETRIC_REPRESENTATION_CONTEXT() REPRESENTATION_CONTEXT('2D SPACE',''
  ) );
#887 = ORIENTED_EDGE('',*,*,#888,.T.);
#888 = EDGE_CURVE('',#861,#889,#891,.T.);
#889 = VERTEX_POINT('',#890);
#890 = CARTESIAN_POINT('',(33.,89.031719958694,26.394246396746));
#891 = SURFACE_CURVE('',#892,(#896,#903),.PCURVE_S1.);
#892 = LINE('',#893,#894);
#893 = CARTESIAN_POINT('',(33.,5.419205766222,3.990340741737));
#894 = VECTOR('',#895,1.);
#895 = DIRECTION('',(0.,0.965925826289,0.258819045103));
#896 = PCURVE('',#721,#897);
#897 = DEFINITIONAL_REPRESENTATION('',(#898),#902);
#898 = LINE('',#899,#900);
#899 = CARTESIAN_POINT('',(4.150978144334,42.416438201806));
#900 = VECTOR('',#901,1.);
#901 = DIRECTION('',(-0.258819045103,-0.965925826289));
#902 = ( GEOMETRIC_REPRESENTATION_CONTEXT(2) 
PARAMETRIC_REPRESENTATION_CONTEXT() REPRESENTATION_CONTEXT('2D SPACE',''
  ) );
#903 = PCURVE('',#904,#909);
#904 = PLANE('',#905);
#905 = AXIS2_PLACEMENT_3D('',#906,#907,#908);
#906 = CARTESIAN_POINT('',(33.,5.419205766222,3.990340741737));
#907 = DIRECTION('',(0.83374531243,0.1429067322,-0.533335185313));
#908 = DIRECTION('',(0.55214921353,-0.215789165622,0.805336129823));
#909 = DEFINITIONAL_REPRESENTATION('',(#910),#914);
#910 = LINE('',#911,#912);
#911 = CARTESIAN_POINT('',(0.,0.));
#912 = VECTOR('',#913,1.);
#913 = DIRECTION('',(-2.775557561563E-17,-1.));
#914 = ( GEOMETRIC_REPRESENTATION_CONTEXT(2) 
PARAMETRIC_REPRESENTATION_CONTEXT() REPRESENTATION_CONTEXT('2D SPACE',''
  ) );
#915 = ORIENTED_EDGE('',*,*,#916,.T.);
#916 = EDGE_CURVE('',#889,#917,#919,.T.);
#917 = VERTEX_POINT('',#918);
#918 = CARTESIAN_POINT('',(33.,89.031719958694,8.));
#919 = SURFACE_CURVE('',#920,(#924,#931),.PCURVE_S1.);
#920 = LINE('',#921,#922);
#921 = CARTESIAN_POINT('',(33.,89.031719958694,26.672548350981));
#922 = VECTOR('',#923,1.);
#923 = DIRECTION('',(0.,0.,-1.));
#924 = PCURVE('',#721,#925);
#925 = DEFINITIONAL_REPRESENTATION('',(#926),#930);
#926 = LINE('',#927,#928);
#927 = CARTESIAN_POINT('',(-18.53122946491,-41.19607599066));
#928 = VECTOR('',#929,1.);
#929 = DIRECTION('',(1.,0.));
#930 = ( GEOMETRIC_REPRESENTATION_CONTEXT(2) 
PARAMETRIC_REPRESENTATION_CONTEXT() REPRESENTATION_CONTEXT('2D SPACE',''
  ) );
#931 = PCURVE('',#932,#937);
#932 = CYLINDRICAL_SURFACE('',#933,1.);
#933 = AXIS2_PLACEMENT_3D('',#934,#935,#936);
#934 = CARTESIAN_POINT('',(32.,89.031719958694,26.672548350981));
#935 = DIRECTION('',(0.,0.,-1.));
#936 = DIRECTION('',(0.,1.,0.));
#937 = DEFINITIONAL_REPRESENTATION('',(#938),#942);
#938 = LINE('',#939,#940);
#939 = CARTESIAN_POINT('',(1.570796326795,0.));
#940 = VECTOR('',#941,1.);
#941 = DIRECTION('',(0.,1.));
#942 = ( GEOMETRIC_REPRESENTATION_CONTEXT(2) 
PARAMETRIC_REPRESENTATION_CONTEXT() REPRESENTATION_CONTEXT('2D SPACE',''
  ) );
#943 = ORIENTED_EDGE('',*,*,#944,.F.);
#944 = EDGE_CURVE('',#945,#917,#947,.T.);
#945 = VERTEX_POINT('',#946);
#946 = CARTESIAN_POINT('',(33.,83.031719958694,8.));
#947 = SURFACE_CURVE('',#948,(#952,#959),.PCURVE_S1.);
#948 = LINE('',#949,#950);
#949 = CARTESIAN_POINT('',(33.,83.031719958694,8.));
#950 = VECTOR('',#951,1.);
#951 = DIRECTION('',(0.,1.,5.921189464668E-16));
#952 = PCURVE('',#721,#953);
#953 = DEFINITIONAL_REPRESENTATION('',(#954),#958);
#954 = LINE('',#955,#956);
#955 = CARTESIAN_POINT('',(0.141318886071,-35.19607599066));
#956 = VECTOR('',#957,1.);
#957 = DIRECTION('',(-5.921189464668E-16,-1.));
#958 = ( GEOMETRIC_REPRESENTATION_CONTEXT(2) 
PARAMETRIC_REPRESENTATION_CONTEXT() REPRESENTATION_CONTEXT('2D SPACE',''
  ) );
#959 = PCURVE('',#960,#965);
#960 = PLANE('',#961);
#961 = AXIS2_PLACEMENT_3D('',#962,#963,#964);
#962 = CARTESIAN_POINT('',(0.,87.031719958694,8.));
#963 = DIRECTION('',(0.,0.,1.));
#964 = DIRECTION('',(1.,0.,-0.));
#965 = DEFINITIONAL_REPRESENTATION('',(#966),#970);
#966 = LINE('',#967,#968);
#967 = CARTESIAN_POINT('',(33.,-4.));
#968 = VECTOR('',#969,1.);
#969 = DIRECTION('',(0.,1.));
#970 = ( GEOMETRIC_REPRESENTATION_CONTEXT(2) 
PARAMETRIC_REPRESENTATION_CONTEXT() REPRESENTATION_CONTEXT('2D SPACE',''
  ) );
#971 = ORIENTED_EDGE('',*,*,#972,.T.);
#972 = EDGE_CURVE('',#945,#973,#975,.T.);
#973 = VERTEX_POINT('',#974);
#974 = CARTESIAN_POINT('',(33.,83.031719958694,0.));
#975 = SURFACE_CURVE('',#976,(#980,#987),.PCURVE_S1.);
#976 = LINE('',#977,#978);
#977 = CARTESIAN_POINT('',(33.,83.031719958694,8.));
#978 = VECTOR('',#979,1.);
#979 = DIRECTION('',(0.,0.,-1.));
#980 = PCURVE('',#721,#981);
#981 = DEFINITIONAL_REPRESENTATION('',(#982),#986);
#982 = LINE('',#983,#984);
#983 = CARTESIAN_POINT('',(0.141318886071,-35.19607599066));
#984 = VECTOR('',#985,1.);
#985 = DIRECTION('',(1.,0.));
#986 = ( GEOMETRIC_REPRESENTATION_CONTEXT(2) 
PARAMETRIC_REPRESENTATION_CONTEXT() REPRESENTATION_CONTEXT('2D SPACE',''
  ) );
#987 = PCURVE('',#988,#993);
#988 = CYLINDRICAL_SURFACE('',#989,1.);
#989 = AXIS2_PLACEMENT_3D('',#990,#991,#992);
#990 = CARTESIAN_POINT('',(34.,83.031719958694,8.));
#991 = DIRECTION('',(0.,0.,-1.));
#992 = DIRECTION('',(0.,1.,0.));
#993 = DEFINITIONAL_REPRESENTATION('',(#994),#998);
#994 = LINE('',#995,#996);
#995 = CARTESIAN_POINT('',(-1.570796326795,0.));
#996 = VECTOR('',#997,1.);
#997 = DIRECTION('',(-0.,1.));
#998 = ( GEOMETRIC_REPRESENTATION_CONTEXT(2) 
PARAMETRIC_REPRESENTATION_CONTEXT() REPRESENTATION_CONTEXT('2D SPACE',''
  ) );
#999 = ORIENTED_EDGE('',*,*,#1000,.T.);
#1000 = EDGE_CURVE('',#973,#682,#1001,.T.);
#1001 = SURFACE_CURVE('',#1002,(#1006,#1013),.PCURVE_S1.);
#1002 = LINE('',#1003,#1004);
#1003 = CARTESIAN_POINT('',(33.,90.031719958694,0.));
#1004 = VECTOR('',#1005,1.);
#1005 = DIRECTION('',(0.,-1.,0.));
#1006 = PCURVE('',#721,#1007);
#1007 = DEFINITIONAL_REPRESENTATION('',(#1008),#1012);
#1008 = LINE('',#1009,#1010);
#1009 = CARTESIAN_POINT('',(8.141318886071,-42.19607599066));
#1010 = VECTOR('',#1011,1.);
#1011 = DIRECTION('',(0.,1.));
#1012 = ( GEOMETRIC_REPRESENTATION_CONTEXT(2) 
PARAMETRIC_REPRESENTATION_CONTEXT() REPRESENTATION_CONTEXT('2D SPACE',''
  ) );
#1013 = PCURVE('',#324,#1014);
#1014 = DEFINITIONAL_REPRESENTATION('',(#1015),#1019);
#1015 = LINE('',#1016,#1017);
#1016 = CARTESIAN_POINT('',(0.,-66.));
#1017 = VECTOR('',#1018,1.);
#1018 = DIRECTION('',(1.,0.));
#1019 = ( GEOMETRIC_REPRESENTATION_CONTEXT(2) 
PARAMETRIC_REPRESENTATION_CONTEXT() REPRESENTATION_CONTEXT('2D SPACE',''
  ) );
#1020 = ORIENTED_EDGE('',*,*,#705,.T.);
#1021 = ADVANCED_FACE('',(#1022),#988,.F.);
#1022 = FACE_BOUND('',#1023,.T.);
#1023 = EDGE_LOOP('',(#1024,#1048,#1049,#1077));
#1024 = ORIENTED_EDGE('',*,*,#1025,.T.);
#1025 = EDGE_CURVE('',#1026,#945,#1028,.T.);
#1026 = VERTEX_POINT('',#1027);
#1027 = CARTESIAN_POINT('',(34.,84.031719958694,8.));
#1028 = SURFACE_CURVE('',#1029,(#1034,#1041),.PCURVE_S1.);
#1029 = CIRCLE('',#1030,1.);
#1030 = AXIS2_PLACEMENT_3D('',#1031,#1032,#1033);
#1031 = CARTESIAN_POINT('',(34.,83.031719958694,8.));
#1032 = DIRECTION('',(0.,-0.,1.));
#1033 = DIRECTION('',(0.,1.,0.));
#1034 = PCURVE('',#988,#1035);
#1035 = DEFINITIONAL_REPRESENTATION('',(#1036),#1040);
#1036 = LINE('',#1037,#1038);
#1037 = CARTESIAN_POINT('',(-0.,0.));
#1038 = VECTOR('',#1039,1.);
#1039 = DIRECTION('',(-1.,0.));
#1040 = ( GEOMETRIC_REPRESENTATION_CONTEXT(2) 
PARAMETRIC_REPRESENTATION_CONTEXT() REPRESENTATION_CONTEXT('2D SPACE',''
  ) );
#1041 = PCURVE('',#960,#1042);
#1042 = DEFINITIONAL_REPRESENTATION('',(#1043),#1047);
#1043 = CIRCLE('',#1044,1.);
#1044 = AXIS2_PLACEMENT_2D('',#1045,#1046);
#1045 = CARTESIAN_POINT('',(34.,-4.));
#1046 = DIRECTION('',(0.,1.));
#1047 = ( GEOMETRIC_REPRESENTATION_CONTEXT(2) 
PARAMETRIC_REPRESENTATION_CONTEXT() REPRESENTATION_CONTEXT('2D SPACE',''
  ) );
#1048 = ORIENTED_EDGE('',*,*,#972,.T.);
#1049 = ORIENTED_EDGE('',*,*,#1050,.F.);
#1050 = EDGE_CURVE('',#1051,#973,#1053,.T.);
#1051 = VERTEX_POINT('',#1052);
#1052 = CARTESIAN_POINT('',(34.,84.031719958694,0.));
#1053 = SURFACE_CURVE('',#1054,(#1059,#1066),.PCURVE_S1.);
#1054 = CIRCLE('',#1055,1.);
#1055 = AXIS2_PLACEMENT_3D('',#1056,#1057,#1058);
#1056 = CARTESIAN_POINT('',(34.,83.031719958694,0.));
#1057 = DIRECTION('',(0.,-0.,1.));
#1058 = DIRECTION('',(0.,1.,0.));
#1059 = PCURVE('',#988,#1060);
#1060 = DEFINITIONAL_REPRESENTATION('',(#1061),#1065);
#1061 = LINE('',#1062,#1063);
#1062 = CARTESIAN_POINT('',(-0.,8.));
#1063 = VECTOR('',#1064,1.);
#1064 = DIRECTION('',(-1.,0.));
#1065 = ( GEOMETRIC_REPRESENTATION_CONTEXT(2) 
PARAMETRIC_REPRESENTATION_CONTEXT() REPRESENTATION_CONTEXT('2D SPACE',''
  ) );
#1066 = PCURVE('',#324,#1067);
#1067 = DEFINITIONAL_REPRESENTATION('',(#1068),#1076);
#1068 = ( BOUNDED_CURVE() B_SPLINE_CURVE(2,(#1069,#1070,#1071,#1072,
#1073,#1074,#1075),.UNSPECIFIED.,.T.,.F.) B_SPLINE_CURVE_WITH_KNOTS((1,2
    ,2,2,2,1),(-2.094395102393,0.,2.094395102393,4.188790204786,
6.28318530718,8.377580409573),.UNSPECIFIED.) CURVE() 
GEOMETRIC_REPRESENTATION_ITEM() RATIONAL_B_SPLINE_CURVE((1.,0.5,1.,0.5,
1.,0.5,1.)) REPRESENTATION_ITEM('') );
#1069 = CARTESIAN_POINT('',(6.,-67.));
#1070 = CARTESIAN_POINT('',(6.,-65.26794919243));
#1071 = CARTESIAN_POINT('',(7.5,-66.13397459621));
#1072 = CARTESIAN_POINT('',(9.,-67.));
#1073 = CARTESIAN_POINT('',(7.5,-67.86602540378));
#1074 = CARTESIAN_POINT('',(6.,-68.73205080756));
#1075 = CARTESIAN_POINT('',(6.,-67.));
#1076 = ( GEOMETRIC_REPRESENTATION_CONTEXT(2) 
PARAMETRIC_REPRESENTATION_CONTEXT() REPRESENTATION_CONTEXT('2D SPACE',''
  ) );
#1077 = ORIENTED_EDGE('',*,*,#1078,.F.);
#1078 = EDGE_CURVE('',#1026,#1051,#1079,.T.);
#1079 = SURFACE_CURVE('',#1080,(#1084,#1091),.PCURVE_S1.);
#1080 = LINE('',#1081,#1082);
#1081 = CARTESIAN_POINT('',(34.,84.031719958694,8.));
#1082 = VECTOR('',#1083,1.);
#1083 = DIRECTION('',(0.,0.,-1.));
#1084 = PCURVE('',#988,#1085);
#1085 = DEFINITIONAL_REPRESENTATION('',(#1086),#1090);
#1086 = LINE('',#1087,#1088);
#1087 = CARTESIAN_POINT('',(-0.,0.));
#1088 = VECTOR('',#1089,1.);
#1089 = DIRECTION('',(-0.,1.));
#1090 = ( GEOMETRIC_REPRESENTATION_CONTEXT(2) 
PARAMETRIC_REPRESENTATION_CONTEXT() REPRESENTATION_CONTEXT('2D SPACE',''
  ) );
#1091 = PCURVE('',#1092,#1097);
#1092 = PLANE('',#1093);
#1093 = AXIS2_PLACEMENT_3D('',#1094,#1095,#1096);
#1094 = CARTESIAN_POINT('',(-40.,84.031719958694,0.));
#1095 = DIRECTION('',(0.,1.,0.));
#1096 = DIRECTION('',(1.,0.,0.));
#1097 = DEFINITIONAL_REPRESENTATION('',(#1098),#1102);
#1098 = LINE('',#1099,#1100);
#1099 = CARTESIAN_POINT('',(74.,-8.));
#1100 = VECTOR('',#1101,1.);
#1101 = DIRECTION('',(0.,1.));
#1102 = ( GEOMETRIC_REPRESENTATION_CONTEXT(2) 
PARAMETRIC_REPRESENTATION_CONTEXT() REPRESENTATION_CONTEXT('2D SPACE',''
  ) );
#1103 = ADVANCED_FACE('',(#1104),#1092,.F.);
#1104 = FACE_BOUND('',#1105,.F.);
#1105 = EDGE_LOOP('',(#1106,#1129,#1130,#1153));
#1106 = ORIENTED_EDGE('',*,*,#1107,.F.);
#1107 = EDGE_CURVE('',#1051,#1108,#1110,.T.);
#1108 = VERTEX_POINT('',#1109);
#1109 = CARTESIAN_POINT('',(39.,84.031719958694,0.));
#1110 = SURFACE_CURVE('',#1111,(#1115,#1122),.PCURVE_S1.);
#1111 = LINE('',#1112,#1113);
#1112 = CARTESIAN_POINT('',(-40.,84.031719958694,0.));
#1113 = VECTOR('',#1114,1.);
#1114 = DIRECTION('',(1.,0.,0.));
#1115 = PCURVE('',#1092,#1116);
#1116 = DEFINITIONAL_REPRESENTATION('',(#1117),#1121);
#1117 = LINE('',#1118,#1119);
#1118 = CARTESIAN_POINT('',(0.,0.));
#1119 = VECTOR('',#1120,1.);
#1120 = DIRECTION('',(1.,0.));
#1121 = ( GEOMETRIC_REPRESENTATION_CONTEXT(2) 
PARAMETRIC_REPRESENTATION_CONTEXT() REPRESENTATION_CONTEXT('2D SPACE',''
  ) );
#1122 = PCURVE('',#324,#1123);
#1123 = DEFINITIONAL_REPRESENTATION('',(#1124),#1128);
#1124 = LINE('',#1125,#1126);
#1125 = CARTESIAN_POINT('',(6.,7.));
#1126 = VECTOR('',#1127,1.);
#1127 = DIRECTION('',(0.,-1.));
#1128 = ( GEOMETRIC_REPRESENTATION_CONTEXT(2) 
PARAMETRIC_REPRESENTATION_CONTEXT() REPRESENTATION_CONTEXT('2D SPACE',''
  ) );
#1129 = ORIENTED_EDGE('',*,*,#1078,.F.);
#1130 = ORIENTED_EDGE('',*,*,#1131,.T.);
#1131 = EDGE_CURVE('',#1026,#1132,#1134,.T.);
#1132 = VERTEX_POINT('',#1133);
#1133 = CARTESIAN_POINT('',(39.,84.031719958694,8.));
#1134 = SURFACE_CURVE('',#1135,(#1139,#1146),.PCURVE_S1.);
#1135 = LINE('',#1136,#1137);
#1136 = CARTESIAN_POINT('',(-40.,84.031719958694,8.));
#1137 = VECTOR('',#1138,1.);
#1138 = DIRECTION('',(1.,0.,0.));
#1139 = PCURVE('',#1092,#1140);
#1140 = DEFINITIONAL_REPRESENTATION('',(#1141),#1145);
#1141 = LINE('',#1142,#1143);
#1142 = CARTESIAN_POINT('',(0.,-8.));
#1143 = VECTOR('',#1144,1.);
#1144 = DIRECTION('',(1.,0.));
#1145 = ( GEOMETRIC_REPRESENTATION_CONTEXT(2) 
PARAMETRIC_REPRESENTATION_CONTEXT() REPRESENTATION_CONTEXT('2D SPACE',''
  ) );
#1146 = PCURVE('',#960,#1147);
#1147 = DEFINITIONAL_REPRESENTATION('',(#1148),#1152);
#1148 = LINE('',#1149,#1150);
#1149 = CARTESIAN_POINT('',(-40.,-3.));
#1150 = VECTOR('',#1151,1.);
#1151 = DIRECTION('',(1.,0.));
#1152 = ( GEOMETRIC_REPRESENTATION_CONTEXT(2) 
PARAMETRIC_REPRESENTATION_CONTEXT() REPRESENTATION_CONTEXT('2D SPACE',''
  ) );
#1153 = ORIENTED_EDGE('',*,*,#1154,.F.);
#1154 = EDGE_CURVE('',#1108,#1132,#1155,.T.);
#1155 = SURFACE_CURVE('',#1156,(#1160,#1167),.PCURVE_S1.);
#1156 = LINE('',#1157,#1158);
#1157 = CARTESIAN_POINT('',(39.,84.031719958694,0.));
#1158 = VECTOR('',#1159,1.);
#1159 = DIRECTION('',(0.,0.,1.));
#1160 = PCURVE('',#1092,#1161);
#1161 = DEFINITIONAL_REPRESENTATION('',(#1162),#1166);
#1162 = LINE('',#1163,#1164);
#1163 = CARTESIAN_POINT('',(79.,0.));
#1164 = VECTOR('',#1165,1.);
#1165 = DIRECTION('',(0.,-1.));
#1166 = ( GEOMETRIC_REPRESENTATION_CONTEXT(2) 
PARAMETRIC_REPRESENTATION_CONTEXT() REPRESENTATION_CONTEXT('2D SPACE',''
  ) );
#1167 = PCURVE('',#1168,#1173);
#1168 = CYLINDRICAL_SURFACE('',#1169,1.);
#1169 = AXIS2_PLACEMENT_3D('',#1170,#1171,#1172);
#1170 = CARTESIAN_POINT('',(39.,85.031719958694,0.));
#1171 = DIRECTION('',(0.,0.,1.));
#1172 = DIRECTION('',(0.,-1.,0.));
#1173 = DEFINITIONAL_REPRESENTATION('',(#1174),#1178);
#1174 = LINE('',#1175,#1176);
#1175 = CARTESIAN_POINT('',(0.,0.));
#1176 = VECTOR('',#1177,1.);
#1177 = DIRECTION('',(0.,1.));
#1178 = ( GEOMETRIC_REPRESENTATION_CONTEXT(2) 
PARAMETRIC_REPRESENTATION_CONTEXT() REPRESENTATION_CONTEXT('2D SPACE',''
  ) );
#1179 = ADVANCED_FACE('',(#1180),#1168,.T.);
#1180 = FACE_BOUND('',#1181,.T.);
#1181 = EDGE_LOOP('',(#1182,#1210,#1238,#1260));
#1182 = ORIENTED_EDGE('',*,*,#1183,.T.);
#1183 = EDGE_CURVE('',#1108,#1184,#1186,.T.);
#1184 = VERTEX_POINT('',#1185);
#1185 = CARTESIAN_POINT('',(40.,85.031719958694,0.));
#1186 = SURFACE_CURVE('',#1187,(#1192,#1199),.PCURVE_S1.);
#1187 = CIRCLE('',#1188,1.);
#1188 = AXIS2_PLACEMENT_3D('',#1189,#1190,#1191);
#1189 = CARTESIAN_POINT('',(39.,85.031719958694,0.));
#1190 = DIRECTION('',(0.,0.,1.));
#1191 = DIRECTION('',(0.,-1.,0.));
#1192 = PCURVE('',#1168,#1193);
#1193 = DEFINITIONAL_REPRESENTATION('',(#1194),#1198);
#1194 = LINE('',#1195,#1196);
#1195 = CARTESIAN_POINT('',(0.,0.));
#1196 = VECTOR('',#1197,1.);
#1197 = DIRECTION('',(1.,0.));
#1198 = ( GEOMETRIC_REPRESENTATION_CONTEXT(2) 
PARAMETRIC_REPRESENTATION_CONTEXT() REPRESENTATION_CONTEXT('2D SPACE',''
  ) );
#1199 = PCURVE('',#324,#1200);
#1200 = DEFINITIONAL_REPRESENTATION('',(#1201),#1209);
#1201 = ( BOUNDED_CURVE() B_SPLINE_CURVE(2,(#1202,#1203,#1204,#1205,
#1206,#1207,#1208),.UNSPECIFIED.,.T.,.F.) B_SPLINE_CURVE_WITH_KNOTS((1,2
    ,2,2,2,1),(-2.094395102393,0.,2.094395102393,4.188790204786,
6.28318530718,8.377580409573),.UNSPECIFIED.) CURVE() 
GEOMETRIC_REPRESENTATION_ITEM() RATIONAL_B_SPLINE_CURVE((1.,0.5,1.,0.5,
1.,0.5,1.)) REPRESENTATION_ITEM('') );
#1202 = CARTESIAN_POINT('',(6.,-72.));
#1203 = CARTESIAN_POINT('',(6.,-73.73205080756));
#1204 = CARTESIAN_POINT('',(4.5,-72.86602540378));
#1205 = CARTESIAN_POINT('',(3.,-72.));
#1206 = CARTESIAN_POINT('',(4.5,-71.13397459621));
#1207 = CARTESIAN_POINT('',(6.,-70.26794919243));
#1208 = CARTESIAN_POINT('',(6.,-72.));
#1209 = ( GEOMETRIC_REPRESENTATION_CONTEXT(2) 
PARAMETRIC_REPRESENTATION_CONTEXT() REPRESENTATION_CONTEXT('2D SPACE',''
  ) );
#1210 = ORIENTED_EDGE('',*,*,#1211,.T.);
#1211 = EDGE_CURVE('',#1184,#1212,#1214,.T.);
#1212 = VERTEX_POINT('',#1213);
#1213 = CARTESIAN_POINT('',(40.,85.031719958694,8.));
#1214 = SURFACE_CURVE('',#1215,(#1219,#1226),.PCURVE_S1.);
#1215 = LINE('',#1216,#1217);
#1216 = CARTESIAN_POINT('',(40.,85.031719958694,0.));
#1217 = VECTOR('',#1218,1.);
#1218 = DIRECTION('',(0.,0.,1.));
#1219 = PCURVE('',#1168,#1220);
#1220 = DEFINITIONAL_REPRESENTATION('',(#1221),#1225);
#1221 = LINE('',#1222,#1223);
#1222 = CARTESIAN_POINT('',(1.570796326795,0.));
#1223 = VECTOR('',#1224,1.);
#1224 = DIRECTION('',(0.,1.));
#1225 = ( GEOMETRIC_REPRESENTATION_CONTEXT(2) 
PARAMETRIC_REPRESENTATION_CONTEXT() REPRESENTATION_CONTEXT('2D SPACE',''
  ) );
#1226 = PCURVE('',#1227,#1232);
#1227 = PLANE('',#1228);
#1228 = AXIS2_PLACEMENT_3D('',#1229,#1230,#1231);
#1229 = CARTESIAN_POINT('',(40.,84.031719958694,0.));
#1230 = DIRECTION('',(-1.,0.,0.));
#1231 = DIRECTION('',(0.,1.,0.));
#1232 = DEFINITIONAL_REPRESENTATION('',(#1233),#1237);
#1233 = LINE('',#1234,#1235);
#1234 = CARTESIAN_POINT('',(1.,0.));
#1235 = VECTOR('',#1236,1.);
#1236 = DIRECTION('',(0.,-1.));
#1237 = ( GEOMETRIC_REPRESENTATION_CONTEXT(2) 
PARAMETRIC_REPRESENTATION_CONTEXT() REPRESENTATION_CONTEXT('2D SPACE',''
  ) );
#1238 = ORIENTED_EDGE('',*,*,#1239,.F.);
#1239 = EDGE_CURVE('',#1132,#1212,#1240,.T.);
#1240 = SURFACE_CURVE('',#1241,(#1246,#1253),.PCURVE_S1.);
#1241 = CIRCLE('',#1242,1.);
#1242 = AXIS2_PLACEMENT_3D('',#1243,#1244,#1245);
#1243 = CARTESIAN_POINT('',(39.,85.031719958694,8.));
#1244 = DIRECTION('',(0.,0.,1.));
#1245 = DIRECTION('',(0.,-1.,0.));
#1246 = PCURVE('',#1168,#1247);
#1247 = DEFINITIONAL_REPRESENTATION('',(#1248),#1252);
#1248 = LINE('',#1249,#1250);
#1249 = CARTESIAN_POINT('',(0.,8.));
#1250 = VECTOR('',#1251,1.);
#1251 = DIRECTION('',(1.,0.));
#1252 = ( GEOMETRIC_REPRESENTATION_CONTEXT(2) 
PARAMETRIC_REPRESENTATION_CONTEXT() REPRESENTATION_CONTEXT('2D SPACE',''
  ) );
#1253 = PCURVE('',#960,#1254);
#1254 = DEFINITIONAL_REPRESENTATION('',(#1255),#1259);
#1255 = CIRCLE('',#1256,1.);
#1256 = AXIS2_PLACEMENT_2D('',#1257,#1258);
#1257 = CARTESIAN_POINT('',(39.,-2.));
#1258 = DIRECTION('',(0.,-1.));
#1259 = ( GEOMETRIC_REPRESENTATION_CONTEXT(2) 
PARAMETRIC_REPRESENTATION_CONTEXT() REPRESENTATION_CONTEXT('2D SPACE',''
  ) );
#1260 = ORIENTED_EDGE('',*,*,#1154,.F.);
#1261 = ADVANCED_FACE('',(#1262),#1227,.F.);
#1262 = FACE_BOUND('',#1263,.F.);
#1263 = EDGE_LOOP('',(#1264,#1287,#1288,#1311));
#1264 = ORIENTED_EDGE('',*,*,#1265,.F.);
#1265 = EDGE_CURVE('',#1184,#1266,#1268,.T.);
#1266 = VERTEX_POINT('',#1267);
#1267 = CARTESIAN_POINT('',(40.,89.031719958694,0.));
#1268 = SURFACE_CURVE('',#1269,(#1273,#1280),.PCURVE_S1.);
#1269 = LINE('',#1270,#1271);
#1270 = CARTESIAN_POINT('',(40.,84.031719958694,0.));
#1271 = VECTOR('',#1272,1.);
#1272 = DIRECTION('',(0.,1.,0.));
#1273 = PCURVE('',#1227,#1274);
#1274 = DEFINITIONAL_REPRESENTATION('',(#1275),#1279);
#1275 = LINE('',#1276,#1277);
#1276 = CARTESIAN_POINT('',(0.,0.));
#1277 = VECTOR('',#1278,1.);
#1278 = DIRECTION('',(1.,0.));
#1279 = ( GEOMETRIC_REPRESENTATION_CONTEXT(2) 
PARAMETRIC_REPRESENTATION_CONTEXT() REPRESENTATION_CONTEXT('2D SPACE',''
  ) );
#1280 = PCURVE('',#324,#1281);
#1281 = DEFINITIONAL_REPRESENTATION('',(#1282),#1286);
#1282 = LINE('',#1283,#1284);
#1283 = CARTESIAN_POINT('',(6.,-73.));
#1284 = VECTOR('',#1285,1.);
#1285 = DIRECTION('',(-1.,-0.));
#1286 = ( GEOMETRIC_REPRESENTATION_CONTEXT(2) 
PARAMETRIC_REPRESENTATION_CONTEXT() REPRESENTATION_CONTEXT('2D SPACE',''
  ) );
#1287 = ORIENTED_EDGE('',*,*,#1211,.T.);
#1288 = ORIENTED_EDGE('',*,*,#1289,.T.);
#1289 = EDGE_CURVE('',#1212,#1290,#1292,.T.);
#1290 = VERTEX_POINT('',#1291);
#1291 = CARTESIAN_POINT('',(40.,89.031719958694,8.));
#1292 = SURFACE_CURVE('',#1293,(#1297,#1304),.PCURVE_S1.);
#1293 = LINE('',#1294,#1295);
#1294 = CARTESIAN_POINT('',(40.,84.031719958694,8.));
#1295 = VECTOR('',#1296,1.);
#1296 = DIRECTION('',(0.,1.,0.));
#1297 = PCURVE('',#1227,#1298);
#1298 = DEFINITIONAL_REPRESENTATION('',(#1299),#1303);
#1299 = LINE('',#1300,#1301);
#1300 = CARTESIAN_POINT('',(0.,-8.));
#1301 = VECTOR('',#1302,1.);
#1302 = DIRECTION('',(1.,0.));
#1303 = ( GEOMETRIC_REPRESENTATION_CONTEXT(2) 
PARAMETRIC_REPRESENTATION_CONTEXT() REPRESENTATION_CONTEXT('2D SPACE',''
  ) );
#1304 = PCURVE('',#960,#1305);
#1305 = DEFINITIONAL_REPRESENTATION('',(#1306),#1310);
#1306 = LINE('',#1307,#1308);
#1307 = CARTESIAN_POINT('',(40.,-3.));
#1308 = VECTOR('',#1309,1.);
#1309 = DIRECTION('',(0.,1.));
#1310 = ( GEOMETRIC_REPRESENTATION_CONTEXT(2) 
PARAMETRIC_REPRESENTATION_CONTEXT() REPRESENTATION_CONTEXT('2D SPACE',''
  ) );
#1311 = ORIENTED_EDGE('',*,*,#1312,.F.);
#1312 = EDGE_CURVE('',#1266,#1290,#1313,.T.);
#1313 = SURFACE_CURVE('',#1314,(#1318,#1325),.PCURVE_S1.);
#1314 = LINE('',#1315,#1316);
#1315 = CARTESIAN_POINT('',(40.,89.031719958694,0.));
#1316 = VECTOR('',#1317,1.);
#1317 = DIRECTION('',(0.,0.,1.));
#1318 = PCURVE('',#1227,#1319);
#1319 = DEFINITIONAL_REPRESENTATION('',(#1320),#1324);
#1320 = LINE('',#1321,#1322);
#1321 = CARTESIAN_POINT('',(5.,0.));
#1322 = VECTOR('',#1323,1.);
#1323 = DIRECTION('',(0.,-1.));
#1324 = ( GEOMETRIC_REPRESENTATION_CONTEXT(2) 
PARAMETRIC_REPRESENTATION_CONTEXT() REPRESENTATION_CONTEXT('2D SPACE',''
  ) );
#1325 = PCURVE('',#1326,#1331);
#1326 = CYLINDRICAL_SURFACE('',#1327,1.);
#1327 = AXIS2_PLACEMENT_3D('',#1328,#1329,#1330);
#1328 = CARTESIAN_POINT('',(39.,89.031719958694,0.));
#1329 = DIRECTION('',(0.,0.,1.));
#1330 = DIRECTION('',(1.,0.,-0.));
#1331 = DEFINITIONAL_REPRESENTATION('',(#1332),#1336);
#1332 = LINE('',#1333,#1334);
#1333 = CARTESIAN_POINT('',(0.,0.));
#1334 = VECTOR('',#1335,1.);
#1335 = DIRECTION('',(0.,1.));
#1336 = ( GEOMETRIC_REPRESENTATION_CONTEXT(2) 
PARAMETRIC_REPRESENTATION_CONTEXT() REPRESENTATION_CONTEXT('2D SPACE',''
  ) );
#1337 = ADVANCED_FACE('',(#1338),#1326,.T.);
#1338 = FACE_BOUND('',#1339,.T.);
#1339 = EDGE_LOOP('',(#1340,#1368,#1396,#1418));
#1340 = ORIENTED_EDGE('',*,*,#1341,.T.);
#1341 = EDGE_CURVE('',#1266,#1342,#1344,.T.);
#1342 = VERTEX_POINT('',#1343);
#1343 = CARTESIAN_POINT('',(39.,90.031719958694,0.));
#1344 = SURFACE_CURVE('',#1345,(#1350,#1357),.PCURVE_S1.);
#1345 = CIRCLE('',#1346,1.);
#1346 = AXIS2_PLACEMENT_3D('',#1347,#1348,#1349);
#1347 = CARTESIAN_POINT('',(39.,89.031719958694,0.));
#1348 = DIRECTION('',(0.,0.,1.));
#1349 = DIRECTION('',(0.,-1.,0.));
#1350 = PCURVE('',#1326,#1351);
#1351 = DEFINITIONAL_REPRESENTATION('',(#1352),#1356);
#1352 = LINE('',#1353,#1354);
#1353 = CARTESIAN_POINT('',(-1.570796326795,0.));
#1354 = VECTOR('',#1355,1.);
#1355 = DIRECTION('',(1.,0.));
#1356 = ( GEOMETRIC_REPRESENTATION_CONTEXT(2) 
PARAMETRIC_REPRESENTATION_CONTEXT() REPRESENTATION_CONTEXT('2D SPACE',''
  ) );
#1357 = PCURVE('',#324,#1358);
#1358 = DEFINITIONAL_REPRESENTATION('',(#1359),#1367);
#1359 = ( BOUNDED_CURVE() B_SPLINE_CURVE(2,(#1360,#1361,#1362,#1363,
#1364,#1365,#1366),.UNSPECIFIED.,.T.,.F.) B_SPLINE_CURVE_WITH_KNOTS((1,2
    ,2,2,2,1),(-2.094395102393,0.,2.094395102393,4.188790204786,
6.28318530718,8.377580409573),.UNSPECIFIED.) CURVE() 
GEOMETRIC_REPRESENTATION_ITEM() RATIONAL_B_SPLINE_CURVE((1.,0.5,1.,0.5,
1.,0.5,1.)) REPRESENTATION_ITEM('') );
#1360 = CARTESIAN_POINT('',(2.,-72.));
#1361 = CARTESIAN_POINT('',(2.,-73.73205080756));
#1362 = CARTESIAN_POINT('',(0.5,-72.86602540378));
#1363 = CARTESIAN_POINT('',(-1.,-72.));
#1364 = CARTESIAN_POINT('',(0.5,-71.13397459621));
#1365 = CARTESIAN_POINT('',(2.,-70.26794919243));
#1366 = CARTESIAN_POINT('',(2.,-72.));
#1367 = ( GEOMETRIC_REPRESENTATION_CONTEXT(2) 
PARAMETRIC_REPRESENTATION_CONTEXT() REPRESENTATION_CONTEXT('2D SPACE',''
  ) );
#1368 = ORIENTED_EDGE('',*,*,#1369,.T.);
#1369 = EDGE_CURVE('',#1342,#1370,#1372,.T.);
#1370 = VERTEX_POINT('',#1371);
#1371 = CARTESIAN_POINT('',(39.,90.031719958694,8.));
#1372 = SURFACE_CURVE('',#1373,(#1377,#1384),.PCURVE_S1.);
#1373 = LINE('',#1374,#1375);
#1374 = CARTESIAN_POINT('',(39.,90.031719958694,0.));
#1375 = VECTOR('',#1376,1.);
#1376 = DIRECTION('',(0.,0.,1.));
#1377 = PCURVE('',#1326,#1378);
#1378 = DEFINITIONAL_REPRESENTATION('',(#1379),#1383);
#1379 = LINE('',#1380,#1381);
#1380 = CARTESIAN_POINT('',(1.570796326795,0.));
#1381 = VECTOR('',#1382,1.);
#1382 = DIRECTION('',(0.,1.));
#1383 = ( GEOMETRIC_REPRESENTATION_CONTEXT(2) 
PARAMETRIC_REPRESENTATION_CONTEXT() REPRESENTATION_CONTEXT('2D SPACE',''
  ) );
#1384 = PCURVE('',#1385,#1390);
#1385 = PLANE('',#1386);
#1386 = AXIS2_PLACEMENT_3D('',#1387,#1388,#1389);
#1387 = CARTESIAN_POINT('',(27.,90.031719958694,26.672548350981));
#1388 = DIRECTION('',(-0.,1.,0.));
#1389 = DIRECTION('',(0.,0.,-1.));
#1390 = DEFINITIONAL_REPRESENTATION('',(#1391),#1395);
#1391 = LINE('',#1392,#1393);
#1392 = CARTESIAN_POINT('',(26.672548350981,-12.));
#1393 = VECTOR('',#1394,1.);
#1394 = DIRECTION('',(-1.,0.));
#1395 = ( GEOMETRIC_REPRESENTATION_CONTEXT(2) 
PARAMETRIC_REPRESENTATION_CONTEXT() REPRESENTATION_CONTEXT('2D SPACE',''
  ) );
#1396 = ORIENTED_EDGE('',*,*,#1397,.F.);
#1397 = EDGE_CURVE('',#1290,#1370,#1398,.T.);
#1398 = SURFACE_CURVE('',#1399,(#1404,#1411),.PCURVE_S1.);
#1399 = CIRCLE('',#1400,1.);
#1400 = AXIS2_PLACEMENT_3D('',#1401,#1402,#1403);
#1401 = CARTESIAN_POINT('',(39.,89.031719958694,8.));
#1402 = DIRECTION('',(0.,0.,1.));
#1403 = DIRECTION('',(0.,-1.,0.));
#1404 = PCURVE('',#1326,#1405);
#1405 = DEFINITIONAL_REPRESENTATION('',(#1406),#1410);
#1406 = LINE('',#1407,#1408);
#1407 = CARTESIAN_POINT('',(-1.570796326795,8.));
#1408 = VECTOR('',#1409,1.);
#1409 = DIRECTION('',(1.,0.));
#1410 = ( GEOMETRIC_REPRESENTATION_CONTEXT(2) 
PARAMETRIC_REPRESENTATION_CONTEXT() REPRESENTATION_CONTEXT('2D SPACE',''
  ) );
#1411 = PCURVE('',#960,#1412);
#1412 = DEFINITIONAL_REPRESENTATION('',(#1413),#1417);
#1413 = CIRCLE('',#1414,1.);
#1414 = AXIS2_PLACEMENT_2D('',#1415,#1416);
#1415 = CARTESIAN_POINT('',(39.,2.));
#1416 = DIRECTION('',(0.,-1.));
#1417 = ( GEOMETRIC_REPRESENTATION_CONTEXT(2) 
PARAMETRIC_REPRESENTATION_CONTEXT() REPRESENTATION_CONTEXT('2D SPACE',''
  ) );
#1418 = ORIENTED_EDGE('',*,*,#1312,.F.);
#1419 = ADVANCED_FACE('',(#1420),#1385,.T.);
#1420 = FACE_BOUND('',#1421,.T.);
#1421 = EDGE_LOOP('',(#1422,#1452,#1478,#1501,#1522,#1523,#1546,#1574,
    #1602,#1630,#1656,#1684,#1712,#1740,#1768,#1796));
#1422 = ORIENTED_EDGE('',*,*,#1423,.F.);
#1423 = EDGE_CURVE('',#1424,#1426,#1428,.T.);
#1424 = VERTEX_POINT('',#1425);
#1425 = CARTESIAN_POINT('',(28.,90.031719958694,26.662195589177));
#1426 = VERTEX_POINT('',#1427);
#1427 = CARTESIAN_POINT('',(28.,90.031719958694,8.));
#1428 = SURFACE_CURVE('',#1429,(#1433,#1440),.PCURVE_S1.);
#1429 = LINE('',#1430,#1431);
#1430 = CARTESIAN_POINT('',(28.,90.031719958694,26.672548350981));
#1431 = VECTOR('',#1432,1.);
#1432 = DIRECTION('',(0.,0.,-1.));
#1433 = PCURVE('',#1385,#1434);
#1434 = DEFINITIONAL_REPRESENTATION('',(#1435),#1439);
#1435 = LINE('',#1436,#1437);
#1436 = CARTESIAN_POINT('',(0.,-1.));
#1437 = VECTOR('',#1438,1.);
#1438 = DIRECTION('',(1.,0.));
#1439 = ( GEOMETRIC_REPRESENTATION_CONTEXT(2) 
PARAMETRIC_REPRESENTATION_CONTEXT() REPRESENTATION_CONTEXT('2D SPACE',''
  ) );
#1440 = PCURVE('',#1441,#1446);
#1441 = CYLINDRICAL_SURFACE('',#1442,1.);
#1442 = AXIS2_PLACEMENT_3D('',#1443,#1444,#1445);
#1443 = CARTESIAN_POINT('',(28.,89.031719958694,26.672548350981));
#1444 = DIRECTION('',(0.,0.,-1.));
#1445 = DIRECTION('',(0.,1.,0.));
#1446 = DEFINITIONAL_REPRESENTATION('',(#1447),#1451);
#1447 = LINE('',#1448,#1449);
#1448 = CARTESIAN_POINT('',(-0.,0.));
#1449 = VECTOR('',#1450,1.);
#1450 = DIRECTION('',(-0.,1.));
#1451 = ( GEOMETRIC_REPRESENTATION_CONTEXT(2) 
PARAMETRIC_REPRESENTATION_CONTEXT() REPRESENTATION_CONTEXT('2D SPACE',''
  ) );
#1452 = ORIENTED_EDGE('',*,*,#1453,.F.);
#1453 = EDGE_CURVE('',#1454,#1424,#1456,.T.);
#1454 = VERTEX_POINT('',#1455);
#1455 = CARTESIAN_POINT('',(32.,90.031719958694,26.662195589177));
#1456 = SURFACE_CURVE('',#1457,(#1461,#1467),.PCURVE_S1.);
#1457 = LINE('',#1458,#1459);
#1458 = CARTESIAN_POINT('',(27.,90.031719958694,26.662195589177));
#1459 = VECTOR('',#1460,1.);
#1460 = DIRECTION('',(-1.,0.,-0.));
#1461 = PCURVE('',#1385,#1462);
#1462 = DEFINITIONAL_REPRESENTATION('',(#1463),#1466);
#1463 = B_SPLINE_CURVE_WITH_KNOTS('',1,(#1464,#1465),.UNSPECIFIED.,.F.,
  .F.,(2,2),(-6.,0.),.PIECEWISE_BEZIER_KNOTS.);
#1464 = CARTESIAN_POINT('',(1.03527618041E-02,-6.));
#1465 = CARTESIAN_POINT('',(1.03527618041E-02,0.));
#1466 = ( GEOMETRIC_REPRESENTATION_CONTEXT(2) 
PARAMETRIC_REPRESENTATION_CONTEXT() REPRESENTATION_CONTEXT('2D SPACE',''
  ) );
#1467 = PCURVE('',#1468,#1473);
#1468 = PLANE('',#1469);
#1469 = AXIS2_PLACEMENT_3D('',#1470,#1471,#1472);
#1470 = CARTESIAN_POINT('',(27.,5.419205766222,3.990340741737));
#1471 = DIRECTION('',(0.,0.258819045103,-0.965925826289));
#1472 = DIRECTION('',(1.,0.,0.));
#1473 = DEFINITIONAL_REPRESENTATION('',(#1474),#1477);
#1474 = B_SPLINE_CURVE_WITH_KNOTS('',1,(#1475,#1476),.UNSPECIFIED.,.F.,
  .F.,(2,2),(-6.,0.),.PIECEWISE_BEZIER_KNOTS.);
#1475 = CARTESIAN_POINT('',(6.,-87.59732050807));
#1476 = CARTESIAN_POINT('',(0.,-87.59732050807));
#1477 = ( GEOMETRIC_REPRESENTATION_CONTEXT(2) 
PARAMETRIC_REPRESENTATION_CONTEXT() REPRESENTATION_CONTEXT('2D SPACE',''
  ) );
#1478 = ORIENTED_EDGE('',*,*,#1479,.T.);
#1479 = EDGE_CURVE('',#1454,#1480,#1482,.T.);
#1480 = VERTEX_POINT('',#1481);
#1481 = CARTESIAN_POINT('',(32.,90.031719958694,8.));
#1482 = SURFACE_CURVE('',#1483,(#1487,#1494),.PCURVE_S1.);
#1483 = LINE('',#1484,#1485);
#1484 = CARTESIAN_POINT('',(32.,90.031719958694,26.672548350981));
#1485 = VECTOR('',#1486,1.);
#1486 = DIRECTION('',(0.,0.,-1.));
#1487 = PCURVE('',#1385,#1488);
#1488 = DEFINITIONAL_REPRESENTATION('',(#1489),#1493);
#1489 = LINE('',#1490,#1491);
#1490 = CARTESIAN_POINT('',(0.,-5.));
#1491 = VECTOR('',#1492,1.);
#1492 = DIRECTION('',(1.,0.));
#1493 = ( GEOMETRIC_REPRESENTATION_CONTEXT(2) 
PARAMETRIC_REPRESENTATION_CONTEXT() REPRESENTATION_CONTEXT('2D SPACE',''
  ) );
#1494 = PCURVE('',#932,#1495);
#1495 = DEFINITIONAL_REPRESENTATION('',(#1496),#1500);
#1496 = LINE('',#1497,#1498);
#1497 = CARTESIAN_POINT('',(0.,0.));
#1498 = VECTOR('',#1499,1.);
#1499 = DIRECTION('',(0.,1.));
#1500 = ( GEOMETRIC_REPRESENTATION_CONTEXT(2) 
PARAMETRIC_REPRESENTATION_CONTEXT() REPRESENTATION_CONTEXT('2D SPACE',''
  ) );
#1501 = ORIENTED_EDGE('',*,*,#1502,.T.);
#1502 = EDGE_CURVE('',#1480,#1370,#1503,.T.);
#1503 = SURFACE_CURVE('',#1504,(#1508,#1515),.PCURVE_S1.);
#1504 = LINE('',#1505,#1506);
#1505 = CARTESIAN_POINT('',(32.,90.031719958694,8.));
#1506 = VECTOR('',#1507,1.);
#1507 = DIRECTION('',(1.,0.,0.));
#1508 = PCURVE('',#1385,#1509);
#1509 = DEFINITIONAL_REPRESENTATION('',(#1510),#1514);
#1510 = LINE('',#1511,#1512);
#1511 = CARTESIAN_POINT('',(18.672548350981,-5.));
#1512 = VECTOR('',#1513,1.);
#1513 = DIRECTION('',(0.,-1.));
#1514 = ( GEOMETRIC_REPRESENTATION_CONTEXT(2) 
PARAMETRIC_REPRESENTATION_CONTEXT() REPRESENTATION_CONTEXT('2D SPACE',''
  ) );
#1515 = PCURVE('',#960,#1516);
#1516 = DEFINITIONAL_REPRESENTATION('',(#1517),#1521);
#1517 = LINE('',#1518,#1519);
#1518 = CARTESIAN_POINT('',(32.,3.));
#1519 = VECTOR('',#1520,1.);
#1520 = DIRECTION('',(1.,0.));
#1521 = ( GEOMETRIC_REPRESENTATION_CONTEXT(2) 
PARAMETRIC_REPRESENTATION_CONTEXT() REPRESENTATION_CONTEXT('2D SPACE',''
  ) );
#1522 = ORIENTED_EDGE('',*,*,#1369,.F.);
#1523 = ORIENTED_EDGE('',*,*,#1524,.F.);
#1524 = EDGE_CURVE('',#1525,#1342,#1527,.T.);
#1525 = VERTEX_POINT('',#1526);
#1526 = CARTESIAN_POINT('',(-39.,90.031719958694,0.));
#1527 = SURFACE_CURVE('',#1528,(#1532,#1539),.PCURVE_S1.);
#1528 = LINE('',#1529,#1530);
#1529 = CARTESIAN_POINT('',(-40.,90.031719958694,0.));
#1530 = VECTOR('',#1531,1.);
#1531 = DIRECTION('',(1.,0.,0.));
#1532 = PCURVE('',#1385,#1533);
#1533 = DEFINITIONAL_REPRESENTATION('',(#1534),#1538);
#1534 = LINE('',#1535,#1536);
#1535 = CARTESIAN_POINT('',(26.672548350981,67.));
#1536 = VECTOR('',#1537,1.);
#1537 = DIRECTION('',(0.,-1.));
#1538 = ( GEOMETRIC_REPRESENTATION_CONTEXT(2) 
PARAMETRIC_REPRESENTATION_CONTEXT() REPRESENTATION_CONTEXT('2D SPACE',''
  ) );
#1539 = PCURVE('',#324,#1540);
#1540 = DEFINITIONAL_REPRESENTATION('',(#1541),#1545);
#1541 = LINE('',#1542,#1543);
#1542 = CARTESIAN_POINT('',(0.,7.));
#1543 = VECTOR('',#1544,1.);
#1544 = DIRECTION('',(0.,-1.));
#1545 = ( GEOMETRIC_REPRESENTATION_CONTEXT(2) 
PARAMETRIC_REPRESENTATION_CONTEXT() REPRESENTATION_CONTEXT('2D SPACE',''
  ) );
#1546 = ORIENTED_EDGE('',*,*,#1547,.T.);
#1547 = EDGE_CURVE('',#1525,#1548,#1550,.T.);
#1548 = VERTEX_POINT('',#1549);
#1549 = CARTESIAN_POINT('',(-39.,90.031719958694,8.));
#1550 = SURFACE_CURVE('',#1551,(#1555,#1562),.PCURVE_S1.);
#1551 = LINE('',#1552,#1553);
#1552 = CARTESIAN_POINT('',(-39.,90.031719958694,0.));
#1553 = VECTOR('',#1554,1.);
#1554 = DIRECTION('',(0.,0.,1.));
#1555 = PCURVE('',#1385,#1556);
#1556 = DEFINITIONAL_REPRESENTATION('',(#1557),#1561);
#1557 = LINE('',#1558,#1559);
#1558 = CARTESIAN_POINT('',(26.672548350981,66.));
#1559 = VECTOR('',#1560,1.);
#1560 = DIRECTION('',(-1.,0.));
#1561 = ( GEOMETRIC_REPRESENTATION_CONTEXT(2) 
PARAMETRIC_REPRESENTATION_CONTEXT() REPRESENTATION_CONTEXT('2D SPACE',''
  ) );
#1562 = PCURVE('',#1563,#1568);
#1563 = CYLINDRICAL_SURFACE('',#1564,1.);
#1564 = AXIS2_PLACEMENT_3D('',#1565,#1566,#1567);
#1565 = CARTESIAN_POINT('',(-39.,89.031719958694,0.));
#1566 = DIRECTION('',(0.,0.,1.));
#1567 = DIRECTION('',(0.,1.,0.));
#1568 = DEFINITIONAL_REPRESENTATION('',(#1569),#1573);
#1569 = LINE('',#1570,#1571);
#1570 = CARTESIAN_POINT('',(0.,0.));
#1571 = VECTOR('',#1572,1.);
#1572 = DIRECTION('',(0.,1.));
#1573 = ( GEOMETRIC_REPRESENTATION_CONTEXT(2) 
PARAMETRIC_REPRESENTATION_CONTEXT() REPRESENTATION_CONTEXT('2D SPACE',''
  ) );
#1574 = ORIENTED_EDGE('',*,*,#1575,.T.);
#1575 = EDGE_CURVE('',#1548,#1576,#1578,.T.);
#1576 = VERTEX_POINT('',#1577);
#1577 = CARTESIAN_POINT('',(-32.,90.031719958694,8.));
#1578 = SURFACE_CURVE('',#1579,(#1583,#1590),.PCURVE_S1.);
#1579 = LINE('',#1580,#1581);
#1580 = CARTESIAN_POINT('',(-39.,90.031719958694,8.));
#1581 = VECTOR('',#1582,1.);
#1582 = DIRECTION('',(1.,0.,0.));
#1583 = PCURVE('',#1385,#1584);
#1584 = DEFINITIONAL_REPRESENTATION('',(#1585),#1589);
#1585 = LINE('',#1586,#1587);
#1586 = CARTESIAN_POINT('',(18.672548350981,66.));
#1587 = VECTOR('',#1588,1.);
#1588 = DIRECTION('',(0.,-1.));
#1589 = ( GEOMETRIC_REPRESENTATION_CONTEXT(2) 
PARAMETRIC_REPRESENTATION_CONTEXT() REPRESENTATION_CONTEXT('2D SPACE',''
  ) );
#1590 = PCURVE('',#1591,#1596);
#1591 = PLANE('',#1592);
#1592 = AXIS2_PLACEMENT_3D('',#1593,#1594,#1595);
#1593 = CARTESIAN_POINT('',(0.,87.031719958694,8.));
#1594 = DIRECTION('',(0.,0.,1.));
#1595 = DIRECTION('',(1.,0.,-0.));
#1596 = DEFINITIONAL_REPRESENTATION('',(#1597),#1601);
#1597 = LINE('',#1598,#1599);
#1598 = CARTESIAN_POINT('',(-39.,3.));
#1599 = VECTOR('',#1600,1.);
#1600 = DIRECTION('',(1.,0.));
#1601 = ( GEOMETRIC_REPRESENTATION_CONTEXT(2) 
PARAMETRIC_REPRESENTATION_CONTEXT() REPRESENTATION_CONTEXT('2D SPACE',''
  ) );
#1602 = ORIENTED_EDGE('',*,*,#1603,.F.);
#1603 = EDGE_CURVE('',#1604,#1576,#1606,.T.);
#1604 = VERTEX_POINT('',#1605);
#1605 = CARTESIAN_POINT('',(-32.,90.031719958694,26.662195589177));
#1606 = SURFACE_CURVE('',#1607,(#1611,#1618),.PCURVE_S1.);
#1607 = LINE('',#1608,#1609);
#1608 = CARTESIAN_POINT('',(-32.,90.031719958694,26.672548350981));
#1609 = VECTOR('',#1610,1.);
#1610 = DIRECTION('',(0.,0.,-1.));
#1611 = PCURVE('',#1385,#1612);
#1612 = DEFINITIONAL_REPRESENTATION('',(#1613),#1617);
#1613 = LINE('',#1614,#1615);
#1614 = CARTESIAN_POINT('',(0.,59.));
#1615 = VECTOR('',#1616,1.);
#1616 = DIRECTION('',(1.,0.));
#1617 = ( GEOMETRIC_REPRESENTATION_CONTEXT(2) 
PARAMETRIC_REPRESENTATION_CONTEXT() REPRESENTATION_CONTEXT('2D SPACE',''
  ) );
#1618 = PCURVE('',#1619,#1624);
#1619 = CYLINDRICAL_SURFACE('',#1620,1.);
#1620 = AXIS2_PLACEMENT_3D('',#1621,#1622,#1623);
#1621 = CARTESIAN_POINT('',(-32.,89.031719958694,26.672548350981));
#1622 = DIRECTION('',(0.,0.,-1.));
#1623 = DIRECTION('',(0.,1.,0.));
#1624 = DEFINITIONAL_REPRESENTATION('',(#1625),#1629);
#1625 = LINE('',#1626,#1627);
#1626 = CARTESIAN_POINT('',(-0.,0.));
#1627 = VECTOR('',#1628,1.);
#1628 = DIRECTION('',(-0.,1.));
#1629 = ( GEOMETRIC_REPRESENTATION_CONTEXT(2) 
PARAMETRIC_REPRESENTATION_CONTEXT() REPRESENTATION_CONTEXT('2D SPACE',''
  ) );
#1630 = ORIENTED_EDGE('',*,*,#1631,.F.);
#1631 = EDGE_CURVE('',#1632,#1604,#1634,.T.);
#1632 = VERTEX_POINT('',#1633);
#1633 = CARTESIAN_POINT('',(-28.,90.031719958694,26.662195589177));
#1634 = SURFACE_CURVE('',#1635,(#1639,#1645),.PCURVE_S1.);
#1635 = LINE('',#1636,#1637);
#1636 = CARTESIAN_POINT('',(-3.,90.031719958694,26.662195589177));
#1637 = VECTOR('',#1638,1.);
#1638 = DIRECTION('',(-1.,0.,-0.));
#1639 = PCURVE('',#1385,#1640);
#1640 = DEFINITIONAL_REPRESENTATION('',(#1641),#1644);
#1641 = B_SPLINE_CURVE_WITH_KNOTS('',1,(#1642,#1643),.UNSPECIFIED.,.F.,
  .F.,(2,2),(24.,30.),.PIECEWISE_BEZIER_KNOTS.);
#1642 = CARTESIAN_POINT('',(1.03527618041E-02,54.));
#1643 = CARTESIAN_POINT('',(1.03527618041E-02,60.));
#1644 = ( GEOMETRIC_REPRESENTATION_CONTEXT(2) 
PARAMETRIC_REPRESENTATION_CONTEXT() REPRESENTATION_CONTEXT('2D SPACE',''
  ) );
#1645 = PCURVE('',#1646,#1651);
#1646 = PLANE('',#1647);
#1647 = AXIS2_PLACEMENT_3D('',#1648,#1649,#1650);
#1648 = CARTESIAN_POINT('',(-33.,5.419205766222,3.990340741737));
#1649 = DIRECTION('',(0.,0.258819045103,-0.965925826289));
#1650 = DIRECTION('',(1.,0.,0.));
#1651 = DEFINITIONAL_REPRESENTATION('',(#1652),#1655);
#1652 = B_SPLINE_CURVE_WITH_KNOTS('',1,(#1653,#1654),.UNSPECIFIED.,.F.,
  .F.,(2,2),(24.,30.),.PIECEWISE_BEZIER_KNOTS.);
#1653 = CARTESIAN_POINT('',(6.,-87.59732050807));
#1654 = CARTESIAN_POINT('',(0.,-87.59732050807));
#1655 = ( GEOMETRIC_REPRESENTATION_CONTEXT(2) 
PARAMETRIC_REPRESENTATION_CONTEXT() REPRESENTATION_CONTEXT('2D SPACE',''
  ) );
#1656 = ORIENTED_EDGE('',*,*,#1657,.T.);
#1657 = EDGE_CURVE('',#1632,#1658,#1660,.T.);
#1658 = VERTEX_POINT('',#1659);
#1659 = CARTESIAN_POINT('',(-28.,90.031719958694,8.));
#1660 = SURFACE_CURVE('',#1661,(#1665,#1672),.PCURVE_S1.);
#1661 = LINE('',#1662,#1663);
#1662 = CARTESIAN_POINT('',(-28.,90.031719958694,26.672548350981));
#1663 = VECTOR('',#1664,1.);
#1664 = DIRECTION('',(0.,0.,-1.));
#1665 = PCURVE('',#1385,#1666);
#1666 = DEFINITIONAL_REPRESENTATION('',(#1667),#1671);
#1667 = LINE('',#1668,#1669);
#1668 = CARTESIAN_POINT('',(0.,55.));
#1669 = VECTOR('',#1670,1.);
#1670 = DIRECTION('',(1.,0.));
#1671 = ( GEOMETRIC_REPRESENTATION_CONTEXT(2) 
PARAMETRIC_REPRESENTATION_CONTEXT() REPRESENTATION_CONTEXT('2D SPACE',''
  ) );
#1672 = PCURVE('',#1673,#1678);
#1673 = CYLINDRICAL_SURFACE('',#1674,1.);
#1674 = AXIS2_PLACEMENT_3D('',#1675,#1676,#1677);
#1675 = CARTESIAN_POINT('',(-28.,89.031719958694,26.672548350981));
#1676 = DIRECTION('',(0.,0.,-1.));
#1677 = DIRECTION('',(0.,1.,0.));
#1678 = DEFINITIONAL_REPRESENTATION('',(#1679),#1683);
#1679 = LINE('',#1680,#1681);
#1680 = CARTESIAN_POINT('',(0.,0.));
#1681 = VECTOR('',#1682,1.);
#1682 = DIRECTION('',(0.,1.));
#1683 = ( GEOMETRIC_REPRESENTATION_CONTEXT(2) 
PARAMETRIC_REPRESENTATION_CONTEXT() REPRESENTATION_CONTEXT('2D SPACE',''
  ) );
#1684 = ORIENTED_EDGE('',*,*,#1685,.T.);
#1685 = EDGE_CURVE('',#1658,#1686,#1688,.T.);
#1686 = VERTEX_POINT('',#1687);
#1687 = CARTESIAN_POINT('',(-2.,90.031719958694,8.));
#1688 = SURFACE_CURVE('',#1689,(#1693,#1700),.PCURVE_S1.);
#1689 = LINE('',#1690,#1691);
#1690 = CARTESIAN_POINT('',(-28.,90.031719958694,8.));
#1691 = VECTOR('',#1692,1.);
#1692 = DIRECTION('',(1.,0.,0.));
#1693 = PCURVE('',#1385,#1694);
#1694 = DEFINITIONAL_REPRESENTATION('',(#1695),#1699);
#1695 = LINE('',#1696,#1697);
#1696 = CARTESIAN_POINT('',(18.672548350981,55.));
#1697 = VECTOR('',#1698,1.);
#1698 = DIRECTION('',(0.,-1.));
#1699 = ( GEOMETRIC_REPRESENTATION_CONTEXT(2) 
PARAMETRIC_REPRESENTATION_CONTEXT() REPRESENTATION_CONTEXT('2D SPACE',''
  ) );
#1700 = PCURVE('',#1701,#1706);
#1701 = PLANE('',#1702);
#1702 = AXIS2_PLACEMENT_3D('',#1703,#1704,#1705);
#1703 = CARTESIAN_POINT('',(0.,87.031719958694,8.));
#1704 = DIRECTION('',(0.,0.,1.));
#1705 = DIRECTION('',(1.,0.,-0.));
#1706 = DEFINITIONAL_REPRESENTATION('',(#1707),#1711);
#1707 = LINE('',#1708,#1709);
#1708 = CARTESIAN_POINT('',(-28.,3.));
#1709 = VECTOR('',#1710,1.);
#1710 = DIRECTION('',(1.,0.));
#1711 = ( GEOMETRIC_REPRESENTATION_CONTEXT(2) 
PARAMETRIC_REPRESENTATION_CONTEXT() REPRESENTATION_CONTEXT('2D SPACE',''
  ) );
#1712 = ORIENTED_EDGE('',*,*,#1713,.F.);
#1713 = EDGE_CURVE('',#1714,#1686,#1716,.T.);
#1714 = VERTEX_POINT('',#1715);
#1715 = CARTESIAN_POINT('',(-2.,90.031719958694,26.672548350981));
#1716 = SURFACE_CURVE('',#1717,(#1721,#1728),.PCURVE_S1.);
#1717 = LINE('',#1718,#1719);
#1718 = CARTESIAN_POINT('',(-2.,90.031719958694,26.672548350981));
#1719 = VECTOR('',#1720,1.);
#1720 = DIRECTION('',(0.,0.,-1.));
#1721 = PCURVE('',#1385,#1722);
#1722 = DEFINITIONAL_REPRESENTATION('',(#1723),#1727);
#1723 = LINE('',#1724,#1725);
#1724 = CARTESIAN_POINT('',(0.,29.));
#1725 = VECTOR('',#1726,1.);
#1726 = DIRECTION('',(1.,0.));
#1727 = ( GEOMETRIC_REPRESENTATION_CONTEXT(2) 
PARAMETRIC_REPRESENTATION_CONTEXT() REPRESENTATION_CONTEXT('2D SPACE',''
  ) );
#1728 = PCURVE('',#1729,#1734);
#1729 = CYLINDRICAL_SURFACE('',#1730,1.);
#1730 = AXIS2_PLACEMENT_3D('',#1731,#1732,#1733);
#1731 = CARTESIAN_POINT('',(-2.,89.031719958694,26.672548350981));
#1732 = DIRECTION('',(0.,0.,-1.));
#1733 = DIRECTION('',(-1.,-0.,-0.));
#1734 = DEFINITIONAL_REPRESENTATION('',(#1735),#1739);
#1735 = LINE('',#1736,#1737);
#1736 = CARTESIAN_POINT('',(1.570796326795,0.));
#1737 = VECTOR('',#1738,1.);
#1738 = DIRECTION('',(0.,1.));
#1739 = ( GEOMETRIC_REPRESENTATION_CONTEXT(2) 
PARAMETRIC_REPRESENTATION_CONTEXT() REPRESENTATION_CONTEXT('2D SPACE',''
  ) );
#1740 = ORIENTED_EDGE('',*,*,#1741,.T.);
#1741 = EDGE_CURVE('',#1714,#1742,#1744,.T.);
#1742 = VERTEX_POINT('',#1743);
#1743 = CARTESIAN_POINT('',(2.,90.031719958694,26.672548350981));
#1744 = SURFACE_CURVE('',#1745,(#1749,#1756),.PCURVE_S1.);
#1745 = LINE('',#1746,#1747);
#1746 = CARTESIAN_POINT('',(-3.,90.031719958694,26.672548350981));
#1747 = VECTOR('',#1748,1.);
#1748 = DIRECTION('',(1.,0.,0.));
#1749 = PCURVE('',#1385,#1750);
#1750 = DEFINITIONAL_REPRESENTATION('',(#1751),#1755);
#1751 = LINE('',#1752,#1753);
#1752 = CARTESIAN_POINT('',(0.,30.));
#1753 = VECTOR('',#1754,1.);
#1754 = DIRECTION('',(0.,-1.));
#1755 = ( GEOMETRIC_REPRESENTATION_CONTEXT(2) 
PARAMETRIC_REPRESENTATION_CONTEXT() REPRESENTATION_CONTEXT('2D SPACE',''
  ) );
#1756 = PCURVE('',#1757,#1762);
#1757 = PLANE('',#1758);
#1758 = AXIS2_PLACEMENT_3D('',#1759,#1760,#1761);
#1759 = CARTESIAN_POINT('',(-3.,5.416617575771,4.));
#1760 = DIRECTION('',(0.,-0.258819045103,0.965925826289));
#1761 = DIRECTION('',(0.,0.965925826289,0.258819045103));
#1762 = DEFINITIONAL_REPRESENTATION('',(#1763),#1767);
#1763 = LINE('',#1764,#1765);
#1764 = CARTESIAN_POINT('',(87.6,0.));
#1765 = VECTOR('',#1766,1.);
#1766 = DIRECTION('',(0.,-1.));
#1767 = ( GEOMETRIC_REPRESENTATION_CONTEXT(2) 
PARAMETRIC_REPRESENTATION_CONTEXT() REPRESENTATION_CONTEXT('2D SPACE',''
  ) );
#1768 = ORIENTED_EDGE('',*,*,#1769,.T.);
#1769 = EDGE_CURVE('',#1742,#1770,#1772,.T.);
#1770 = VERTEX_POINT('',#1771);
#1771 = CARTESIAN_POINT('',(2.,90.031719958694,8.));
#1772 = SURFACE_CURVE('',#1773,(#1777,#1784),.PCURVE_S1.);
#1773 = LINE('',#1774,#1775);
#1774 = CARTESIAN_POINT('',(2.,90.031719958694,26.672548350981));
#1775 = VECTOR('',#1776,1.);
#1776 = DIRECTION('',(0.,0.,-1.));
#1777 = PCURVE('',#1385,#1778);
#1778 = DEFINITIONAL_REPRESENTATION('',(#1779),#1783);
#1779 = LINE('',#1780,#1781);
#1780 = CARTESIAN_POINT('',(0.,25.));
#1781 = VECTOR('',#1782,1.);
#1782 = DIRECTION('',(1.,0.));
#1783 = ( GEOMETRIC_REPRESENTATION_CONTEXT(2) 
PARAMETRIC_REPRESENTATION_CONTEXT() REPRESENTATION_CONTEXT('2D SPACE',''
  ) );
#1784 = PCURVE('',#1785,#1790);
#1785 = CYLINDRICAL_SURFACE('',#1786,1.);
#1786 = AXIS2_PLACEMENT_3D('',#1787,#1788,#1789);
#1787 = CARTESIAN_POINT('',(2.,89.031719958694,26.672548350981));
#1788 = DIRECTION('',(0.,0.,-1.));
#1789 = DIRECTION('',(1.,0.,0.));
#1790 = DEFINITIONAL_REPRESENTATION('',(#1791),#1795);
#1791 = LINE('',#1792,#1793);
#1792 = CARTESIAN_POINT('',(-1.570796326795,0.));
#1793 = VECTOR('',#1794,1.);
#1794 = DIRECTION('',(-0.,1.));
#1795 = ( GEOMETRIC_REPRESENTATION_CONTEXT(2) 
PARAMETRIC_REPRESENTATION_CONTEXT() REPRESENTATION_CONTEXT('2D SPACE',''
  ) );
#1796 = ORIENTED_EDGE('',*,*,#1797,.T.);
#1797 = EDGE_CURVE('',#1770,#1426,#1798,.T.);
#1798 = SURFACE_CURVE('',#1799,(#1803,#1810),.PCURVE_S1.);
#1799 = LINE('',#1800,#1801);
#1800 = CARTESIAN_POINT('',(2.,90.031719958694,8.));
#1801 = VECTOR('',#1802,1.);
#1802 = DIRECTION('',(1.,0.,0.));
#1803 = PCURVE('',#1385,#1804);
#1804 = DEFINITIONAL_REPRESENTATION('',(#1805),#1809);
#1805 = LINE('',#1806,#1807);
#1806 = CARTESIAN_POINT('',(18.672548350981,25.));
#1807 = VECTOR('',#1808,1.);
#1808 = DIRECTION('',(0.,-1.));
#1809 = ( GEOMETRIC_REPRESENTATION_CONTEXT(2) 
PARAMETRIC_REPRESENTATION_CONTEXT() REPRESENTATION_CONTEXT('2D SPACE',''
  ) );
#1810 = PCURVE('',#1811,#1816);
#1811 = PLANE('',#1812);
#1812 = AXIS2_PLACEMENT_3D('',#1813,#1814,#1815);
#1813 = CARTESIAN_POINT('',(0.,87.031719958694,8.));
#1814 = DIRECTION('',(0.,0.,1.));
#1815 = DIRECTION('',(1.,0.,-0.));
#1816 = DEFINITIONAL_REPRESENTATION('',(#1817),#1821);
#1817 = LINE('',#1818,#1819);
#1818 = CARTESIAN_POINT('',(2.,3.));
#1819 = VECTOR('',#1820,1.);
#1820 = DIRECTION('',(1.,0.));
#1821 = ( GEOMETRIC_REPRESENTATION_CONTEXT(2) 
PARAMETRIC_REPRESENTATION_CONTEXT() REPRESENTATION_CONTEXT('2D SPACE',''
  ) );
#1822 = ADVANCED_FACE('',(#1823),#1468,.T.);
#1823 = FACE_BOUND('',#1824,.T.);
#1824 = EDGE_LOOP('',(#1825,#1854,#1882,#1910,#1931,#1958));
#1825 = ORIENTED_EDGE('',*,*,#1826,.F.);
#1826 = EDGE_CURVE('',#1827,#1424,#1829,.T.);
#1827 = VERTEX_POINT('',#1828);
#1828 = CARTESIAN_POINT('',(27.,89.031719958694,26.394246396746));
#1829 = SURFACE_CURVE('',#1830,(#1835,#1842),.PCURVE_S1.);
#1830 = ELLIPSE('',#1831,1.03527618041,1.);
#1831 = AXIS2_PLACEMENT_3D('',#1832,#1833,#1834);
#1832 = CARTESIAN_POINT('',(28.,89.031719958694,26.394246396746));
#1833 = DIRECTION('',(0.,0.258819045103,-0.965925826289));
#1834 = DIRECTION('',(0.,-0.965925826289,-0.258819045103));
#1835 = PCURVE('',#1468,#1836);
#1836 = DEFINITIONAL_REPRESENTATION('',(#1837),#1841);
#1837 = ELLIPSE('',#1838,1.03527618041,1.);
#1838 = AXIS2_PLACEMENT_2D('',#1839,#1840);
#1839 = CARTESIAN_POINT('',(1.,-86.56204432766));
#1840 = DIRECTION('',(0.,1.));
#1841 = ( GEOMETRIC_REPRESENTATION_CONTEXT(2) 
PARAMETRIC_REPRESENTATION_CONTEXT() REPRESENTATION_CONTEXT('2D SPACE',''
  ) );
#1842 = PCURVE('',#1441,#1843);
#1843 = DEFINITIONAL_REPRESENTATION('',(#1844),#1853);
#1844 = B_SPLINE_CURVE_WITH_KNOTS('',7,(#1845,#1846,#1847,#1848,#1849,
    #1850,#1851,#1852),.UNSPECIFIED.,.F.,.F.,(8,8),(1.570796326795,
    3.14159265359),.PIECEWISE_BEZIER_KNOTS.);
#1845 = CARTESIAN_POINT('',(-1.570796326795,0.278301954235));
#1846 = CARTESIAN_POINT('',(-1.346396851538,0.218174296058));
#1847 = CARTESIAN_POINT('',(-1.121997376282,0.158046882035));
#1848 = CARTESIAN_POINT('',(-0.897597901026,0.102863071022));
#1849 = CARTESIAN_POINT('',(-0.673198425769,5.757545636593E-02));
#1850 = CARTESIAN_POINT('',(-0.448798950513,2.609442118634E-02));
#1851 = CARTESIAN_POINT('',(-0.224399475256,1.03527618041E-02));
#1852 = CARTESIAN_POINT('',(0.,1.03527618041E-02));
#1853 = ( GEOMETRIC_REPRESENTATION_CONTEXT(2) 
PARAMETRIC_REPRESENTATION_CONTEXT() REPRESENTATION_CONTEXT('2D SPACE',''
  ) );
#1854 = ORIENTED_EDGE('',*,*,#1855,.T.);
#1855 = EDGE_CURVE('',#1827,#1856,#1858,.T.);
#1856 = VERTEX_POINT('',#1857);
#1857 = CARTESIAN_POINT('',(27.,90.034308149145,26.662889092718));
#1858 = SURFACE_CURVE('',#1859,(#1863,#1870),.PCURVE_S1.);
#1859 = LINE('',#1860,#1861);
#1860 = CARTESIAN_POINT('',(27.,5.419205766222,3.990340741737));
#1861 = VECTOR('',#1862,1.);
#1862 = DIRECTION('',(0.,0.965925826289,0.258819045103));
#1863 = PCURVE('',#1468,#1864);
#1864 = DEFINITIONAL_REPRESENTATION('',(#1865),#1869);
#1865 = LINE('',#1866,#1867);
#1866 = CARTESIAN_POINT('',(0.,0.));
#1867 = VECTOR('',#1868,1.);
#1868 = DIRECTION('',(0.,-1.));
#1869 = ( GEOMETRIC_REPRESENTATION_CONTEXT(2) 
PARAMETRIC_REPRESENTATION_CONTEXT() REPRESENTATION_CONTEXT('2D SPACE',''
  ) );
#1870 = PCURVE('',#1871,#1876);
#1871 = PLANE('',#1872);
#1872 = AXIS2_PLACEMENT_3D('',#1873,#1874,#1875);
#1873 = CARTESIAN_POINT('',(26.,5.028389008118,5.448888739434));
#1874 = DIRECTION('',(-0.83374531243,0.1429067322,-0.533335185313));
#1875 = DIRECTION('',(0.55214921353,0.215789165622,-0.805336129823));
#1876 = DEFINITIONAL_REPRESENTATION('',(#1877),#1881);
#1877 = LINE('',#1878,#1879);
#1878 = CARTESIAN_POINT('',(1.811104635299,-1.665334536938E-16));
#1879 = VECTOR('',#1880,1.);
#1880 = DIRECTION('',(2.775557561563E-17,-1.));
#1881 = ( GEOMETRIC_REPRESENTATION_CONTEXT(2) 
PARAMETRIC_REPRESENTATION_CONTEXT() REPRESENTATION_CONTEXT('2D SPACE',''
  ) );
#1882 = ORIENTED_EDGE('',*,*,#1883,.T.);
#1883 = EDGE_CURVE('',#1856,#1884,#1886,.T.);
#1884 = VERTEX_POINT('',#1885);
#1885 = CARTESIAN_POINT('',(33.,90.034308149145,26.662889092718));
#1886 = SURFACE_CURVE('',#1887,(#1891,#1898),.PCURVE_S1.);
#1887 = LINE('',#1888,#1889);
#1888 = CARTESIAN_POINT('',(27.,90.034308149145,26.662889092718));
#1889 = VECTOR('',#1890,1.);
#1890 = DIRECTION('',(1.,0.,0.));
#1891 = PCURVE('',#1468,#1892);
#1892 = DEFINITIONAL_REPRESENTATION('',(#1893),#1897);
#1893 = LINE('',#1894,#1895);
#1894 = CARTESIAN_POINT('',(0.,-87.6));
#1895 = VECTOR('',#1896,1.);
#1896 = DIRECTION('',(1.,0.));
#1897 = ( GEOMETRIC_REPRESENTATION_CONTEXT(2) 
PARAMETRIC_REPRESENTATION_CONTEXT() REPRESENTATION_CONTEXT('2D SPACE',''
  ) );
#1898 = PCURVE('',#1899,#1904);
#1899 = PLANE('',#1900);
#1900 = AXIS2_PLACEMENT_3D('',#1901,#1902,#1903);
#1901 = CARTESIAN_POINT('',(30.,89.816722258062,27.47493069325));
#1902 = DIRECTION('',(-0.,-0.965925826289,-0.258819045103));
#1903 = DIRECTION('',(0.,0.258819045103,-0.965925826289));
#1904 = DEFINITIONAL_REPRESENTATION('',(#1905),#1909);
#1905 = LINE('',#1906,#1907);
#1906 = CARTESIAN_POINT('',(0.840687326533,-3.));
#1907 = VECTOR('',#1908,1.);
#1908 = DIRECTION('',(0.,1.));
#1909 = ( GEOMETRIC_REPRESENTATION_CONTEXT(2) 
PARAMETRIC_REPRESENTATION_CONTEXT() REPRESENTATION_CONTEXT('2D SPACE',''
  ) );
#1910 = ORIENTED_EDGE('',*,*,#1911,.F.);
#1911 = EDGE_CURVE('',#889,#1884,#1912,.T.);
#1912 = SURFACE_CURVE('',#1913,(#1917,#1924),.PCURVE_S1.);
#1913 = LINE('',#1914,#1915);
#1914 = CARTESIAN_POINT('',(33.,5.419205766222,3.990340741737));
#1915 = VECTOR('',#1916,1.);
#1916 = DIRECTION('',(0.,0.965925826289,0.258819045103));
#1917 = PCURVE('',#1468,#1918);
#1918 = DEFINITIONAL_REPRESENTATION('',(#1919),#1923);
#1919 = LINE('',#1920,#1921);
#1920 = CARTESIAN_POINT('',(6.,0.));
#1921 = VECTOR('',#1922,1.);
#1922 = DIRECTION('',(0.,-1.));
#1923 = ( GEOMETRIC_REPRESENTATION_CONTEXT(2) 
PARAMETRIC_REPRESENTATION_CONTEXT() REPRESENTATION_CONTEXT('2D SPACE',''
  ) );
#1924 = PCURVE('',#904,#1925);
#1925 = DEFINITIONAL_REPRESENTATION('',(#1926),#1930);
#1926 = LINE('',#1927,#1928);
#1927 = CARTESIAN_POINT('',(0.,0.));
#1928 = VECTOR('',#1929,1.);
#1929 = DIRECTION('',(-2.775557561563E-17,-1.));
#1930 = ( GEOMETRIC_REPRESENTATION_CONTEXT(2) 
PARAMETRIC_REPRESENTATION_CONTEXT() REPRESENTATION_CONTEXT('2D SPACE',''
  ) );
#1931 = ORIENTED_EDGE('',*,*,#1932,.F.);
#1932 = EDGE_CURVE('',#1454,#889,#1933,.T.);
#1933 = SURFACE_CURVE('',#1934,(#1939,#1946),.PCURVE_S1.);
#1934 = ELLIPSE('',#1935,1.03527618041,1.);
#1935 = AXIS2_PLACEMENT_3D('',#1936,#1937,#1938);
#1936 = CARTESIAN_POINT('',(32.,89.031719958694,26.394246396746));
#1937 = DIRECTION('',(0.,0.258819045103,-0.965925826289));
#1938 = DIRECTION('',(0.,-0.965925826289,-0.258819045103));
#1939 = PCURVE('',#1468,#1940);
#1940 = DEFINITIONAL_REPRESENTATION('',(#1941),#1945);
#1941 = ELLIPSE('',#1942,1.03527618041,1.);
#1942 = AXIS2_PLACEMENT_2D('',#1943,#1944);
#1943 = CARTESIAN_POINT('',(5.,-86.56204432766));
#1944 = DIRECTION('',(0.,1.));
#1945 = ( GEOMETRIC_REPRESENTATION_CONTEXT(2) 
PARAMETRIC_REPRESENTATION_CONTEXT() REPRESENTATION_CONTEXT('2D SPACE',''
  ) );
#1946 = PCURVE('',#932,#1947);
#1947 = DEFINITIONAL_REPRESENTATION('',(#1948),#1957);
#1948 = B_SPLINE_CURVE_WITH_KNOTS('',7,(#1949,#1950,#1951,#1952,#1953,
    #1954,#1955,#1956),.UNSPECIFIED.,.F.,.F.,(8,8),(3.14159265359,
    4.712388980385),.PIECEWISE_BEZIER_KNOTS.);
#1949 = CARTESIAN_POINT('',(0.,1.03527618041E-02));
#1950 = CARTESIAN_POINT('',(0.224399475256,1.03527618041E-02));
#1951 = CARTESIAN_POINT('',(0.448798950513,2.609442118633E-02));
#1952 = CARTESIAN_POINT('',(0.67319842577,5.757545636592E-02));
#1953 = CARTESIAN_POINT('',(0.897597901025,0.102863071022));
#1954 = CARTESIAN_POINT('',(1.121997376282,0.158046882035));
#1955 = CARTESIAN_POINT('',(1.346396851538,0.218174296058));
#1956 = CARTESIAN_POINT('',(1.570796326795,0.278301954235));
#1957 = ( GEOMETRIC_REPRESENTATION_CONTEXT(2) 
PARAMETRIC_REPRESENTATION_CONTEXT() REPRESENTATION_CONTEXT('2D SPACE',''
  ) );
#1958 = ORIENTED_EDGE('',*,*,#1453,.T.);
#1959 = ADVANCED_FACE('',(#1960),#1871,.T.);
#1960 = FACE_BOUND('',#1961,.T.);
#1961 = EDGE_LOOP('',(#1962,#1992,#2013,#2014,#2042));
#1962 = ORIENTED_EDGE('',*,*,#1963,.T.);
#1963 = EDGE_CURVE('',#1964,#1966,#1968,.T.);
#1964 = VERTEX_POINT('',#1965);
#1965 = CARTESIAN_POINT('',(26.,5.028389008118,5.448888739434));
#1966 = VERTEX_POINT('',#1967);
#1967 = CARTESIAN_POINT('',(26.,89.64349139104,28.121437090414));
#1968 = SURFACE_CURVE('',#1969,(#1973,#1980),.PCURVE_S1.);
#1969 = LINE('',#1970,#1971);
#1970 = CARTESIAN_POINT('',(26.,5.028389008118,5.448888739434));
#1971 = VECTOR('',#1972,1.);
#1972 = DIRECTION('',(0.,0.965925826289,0.258819045103));
#1973 = PCURVE('',#1871,#1974);
#1974 = DEFINITIONAL_REPRESENTATION('',(#1975),#1979);
#1975 = LINE('',#1976,#1977);
#1976 = CARTESIAN_POINT('',(0.,0.));
#1977 = VECTOR('',#1978,1.);
#1978 = DIRECTION('',(2.775557561563E-17,-1.));
#1979 = ( GEOMETRIC_REPRESENTATION_CONTEXT(2) 
PARAMETRIC_REPRESENTATION_CONTEXT() REPRESENTATION_CONTEXT('2D SPACE',''
  ) );
#1980 = PCURVE('',#1981,#1986);
#1981 = PLANE('',#1982);
#1982 = AXIS2_PLACEMENT_3D('',#1983,#1984,#1985);
#1983 = CARTESIAN_POINT('',(34.,5.028389008118,5.448888739434));
#1984 = DIRECTION('',(0.,-0.258819045103,0.965925826289));
#1985 = DIRECTION('',(-1.,0.,0.));
#1986 = DEFINITIONAL_REPRESENTATION('',(#1987),#1991);
#1987 = LINE('',#1988,#1989);
#1988 = CARTESIAN_POINT('',(8.,-0.));
#1989 = VECTOR('',#1990,1.);
#1990 = DIRECTION('',(0.,-1.));
#1991 = ( GEOMETRIC_REPRESENTATION_CONTEXT(2) 
PARAMETRIC_REPRESENTATION_CONTEXT() REPRESENTATION_CONTEXT('2D SPACE',''
  ) );
#1992 = ORIENTED_EDGE('',*,*,#1993,.T.);
#1993 = EDGE_CURVE('',#1966,#1856,#1994,.T.);
#1994 = SURFACE_CURVE('',#1995,(#1999,#2006),.PCURVE_S1.);
#1995 = LINE('',#1996,#1997);
#1996 = CARTESIAN_POINT('',(26.,89.64349139104,28.121437090414));
#1997 = VECTOR('',#1998,1.);
#1998 = DIRECTION('',(0.55214921353,0.215789165622,-0.805336129823));
#1999 = PCURVE('',#1871,#2000);
#2000 = DEFINITIONAL_REPRESENTATION('',(#2001),#2005);
#2001 = LINE('',#2002,#2003);
#2002 = CARTESIAN_POINT('',(0.,-87.6));
#2003 = VECTOR('',#2004,1.);
#2004 = DIRECTION('',(1.,-2.775557561563E-17));
#2005 = ( GEOMETRIC_REPRESENTATION_CONTEXT(2) 
PARAMETRIC_REPRESENTATION_CONTEXT() REPRESENTATION_CONTEXT('2D SPACE',''
  ) );
#2006 = PCURVE('',#1899,#2007);
#2007 = DEFINITIONAL_REPRESENTATION('',(#2008),#2012);
#2008 = LINE('',#2009,#2010);
#2009 = CARTESIAN_POINT('',(-0.669312673467,-4.));
#2010 = VECTOR('',#2011,1.);
#2011 = DIRECTION('',(0.83374531243,0.55214921353));
#2012 = ( GEOMETRIC_REPRESENTATION_CONTEXT(2) 
PARAMETRIC_REPRESENTATION_CONTEXT() REPRESENTATION_CONTEXT('2D SPACE',''
  ) );
#2013 = ORIENTED_EDGE('',*,*,#1855,.F.);
#2014 = ORIENTED_EDGE('',*,*,#2015,.F.);
#2015 = EDGE_CURVE('',#2016,#1827,#2018,.T.);
#2016 = VERTEX_POINT('',#2017);
#2017 = CARTESIAN_POINT('',(27.,5.419205766222,3.990340741737));
#2018 = SURFACE_CURVE('',#2019,(#2023,#2030),.PCURVE_S1.);
#2019 = LINE('',#2020,#2021);
#2020 = CARTESIAN_POINT('',(27.,5.419205766222,3.990340741737));
#2021 = VECTOR('',#2022,1.);
#2022 = DIRECTION('',(0.,0.965925826289,0.258819045103));
#2023 = PCURVE('',#1871,#2024);
#2024 = DEFINITIONAL_REPRESENTATION('',(#2025),#2029);
#2025 = LINE('',#2026,#2027);
#2026 = CARTESIAN_POINT('',(1.811104635299,-1.665334536938E-16));
#2027 = VECTOR('',#2028,1.);
#2028 = DIRECTION('',(2.775557561563E-17,-1.));
#2029 = ( GEOMETRIC_REPRESENTATION_CONTEXT(2) 
PARAMETRIC_REPRESENTATION_CONTEXT() REPRESENTATION_CONTEXT('2D SPACE',''
  ) );
#2030 = PCURVE('',#2031,#2036);
#2031 = PLANE('',#2032);
#2032 = AXIS2_PLACEMENT_3D('',#2033,#2034,#2035);
#2033 = CARTESIAN_POINT('',(27.,47.835643968029,8.141318886071));
#2034 = DIRECTION('',(-1.,-0.,-0.));
#2035 = DIRECTION('',(0.,0.,-1.));
#2036 = DEFINITIONAL_REPRESENTATION('',(#2037),#2041);
#2037 = LINE('',#2038,#2039);
#2038 = CARTESIAN_POINT('',(4.150978144334,42.416438201806));
#2039 = VECTOR('',#2040,1.);
#2040 = DIRECTION('',(-0.258819045103,-0.965925826289));
#2041 = ( GEOMETRIC_REPRESENTATION_CONTEXT(2) 
PARAMETRIC_REPRESENTATION_CONTEXT() REPRESENTATION_CONTEXT('2D SPACE',''
  ) );
#2042 = ORIENTED_EDGE('',*,*,#2043,.F.);
#2043 = EDGE_CURVE('',#1964,#2016,#2044,.T.);
#2044 = SURFACE_CURVE('',#2045,(#2049,#2056),.PCURVE_S1.);
#2045 = LINE('',#2046,#2047);
#2046 = CARTESIAN_POINT('',(26.,5.028389008118,5.448888739434));
#2047 = VECTOR('',#2048,1.);
#2048 = DIRECTION('',(0.55214921353,0.215789165622,-0.805336129823));
#2049 = PCURVE('',#1871,#2050);
#2050 = DEFINITIONAL_REPRESENTATION('',(#2051),#2055);
#2051 = LINE('',#2052,#2053);
#2052 = CARTESIAN_POINT('',(0.,0.));
#2053 = VECTOR('',#2054,1.);
#2054 = DIRECTION('',(1.,-2.775557561563E-17));
#2055 = ( GEOMETRIC_REPRESENTATION_CONTEXT(2) 
PARAMETRIC_REPRESENTATION_CONTEXT() REPRESENTATION_CONTEXT('2D SPACE',''
  ) );
#2056 = PCURVE('',#2057,#2062);
#2057 = PLANE('',#2058);
#2058 = AXIS2_PLACEMENT_3D('',#2059,#2060,#2061);
#2059 = CARTESIAN_POINT('',(30.,5.201619875139,4.802382342269));
#2060 = DIRECTION('',(-0.,-0.965925826289,-0.258819045103));
#2061 = DIRECTION('',(0.,0.258819045103,-0.965925826289));
#2062 = DEFINITIONAL_REPRESENTATION('',(#2063),#2067);
#2063 = LINE('',#2064,#2065);
#2064 = CARTESIAN_POINT('',(-0.669312673467,-4.));
#2065 = VECTOR('',#2066,1.);
#2066 = DIRECTION('',(0.83374531243,0.55214921353));
#2067 = ( GEOMETRIC_REPRESENTATION_CONTEXT(2) 
PARAMETRIC_REPRESENTATION_CONTEXT() REPRESENTATION_CONTEXT('2D SPACE',''
  ) );
#2068 = ADVANCED_FACE('',(#2069),#2057,.T.);
#2069 = FACE_BOUND('',#2070,.T.);
#2070 = EDGE_LOOP('',(#2071,#2072,#2095));
#2071 = ORIENTED_EDGE('',*,*,#2043,.T.);
#2072 = ORIENTED_EDGE('',*,*,#2073,.F.);
#2073 = EDGE_CURVE('',#2074,#2016,#2076,.T.);
#2074 = VERTEX_POINT('',#2075);
#2075 = CARTESIAN_POINT('',(27.,5.028389008118,5.448888739434));
#2076 = SURFACE_CURVE('',#2077,(#2081,#2088),.PCURVE_S1.);
#2077 = LINE('',#2078,#2079);
#2078 = CARTESIAN_POINT('',(27.,5.028389008118,5.448888739434));
#2079 = VECTOR('',#2080,1.);
#2080 = DIRECTION('',(0.,0.258819045103,-0.965925826289));
#2081 = PCURVE('',#2057,#2082);
#2082 = DEFINITIONAL_REPRESENTATION('',(#2083),#2087);
#2083 = LINE('',#2084,#2085);
#2084 = CARTESIAN_POINT('',(-0.669312673467,-3.));
#2085 = VECTOR('',#2086,1.);
#2086 = DIRECTION('',(1.,0.));
#2087 = ( GEOMETRIC_REPRESENTATION_CONTEXT(2) 
PARAMETRIC_REPRESENTATION_CONTEXT() REPRESENTATION_CONTEXT('2D SPACE',''
  ) );
#2088 = PCURVE('',#2031,#2089);
#2089 = DEFINITIONAL_REPRESENTATION('',(#2090),#2094);
#2090 = LINE('',#2091,#2092);
#2091 = CARTESIAN_POINT('',(2.692430146637,42.807254959911));
#2092 = VECTOR('',#2093,1.);
#2093 = DIRECTION('',(0.965925826289,-0.258819045103));
#2094 = ( GEOMETRIC_REPRESENTATION_CONTEXT(2) 
PARAMETRIC_REPRESENTATION_CONTEXT() REPRESENTATION_CONTEXT('2D SPACE',''
  ) );
#2095 = ORIENTED_EDGE('',*,*,#2096,.T.);
#2096 = EDGE_CURVE('',#2074,#1964,#2097,.T.);
#2097 = SURFACE_CURVE('',#2098,(#2102,#2109),.PCURVE_S1.);
#2098 = LINE('',#2099,#2100);
#2099 = CARTESIAN_POINT('',(34.,5.028389008118,5.448888739434));
#2100 = VECTOR('',#2101,1.);
#2101 = DIRECTION('',(-1.,0.,0.));
#2102 = PCURVE('',#2057,#2103);
#2103 = DEFINITIONAL_REPRESENTATION('',(#2104),#2108);
#2104 = LINE('',#2105,#2106);
#2105 = CARTESIAN_POINT('',(-0.669312673467,4.));
#2106 = VECTOR('',#2107,1.);
#2107 = DIRECTION('',(0.,-1.));
#2108 = ( GEOMETRIC_REPRESENTATION_CONTEXT(2) 
PARAMETRIC_REPRESENTATION_CONTEXT() REPRESENTATION_CONTEXT('2D SPACE',''
  ) );
#2109 = PCURVE('',#1981,#2110);
#2110 = DEFINITIONAL_REPRESENTATION('',(#2111),#2115);
#2111 = LINE('',#2112,#2113);
#2112 = CARTESIAN_POINT('',(0.,0.));
#2113 = VECTOR('',#2114,1.);
#2114 = DIRECTION('',(1.,-0.));
#2115 = ( GEOMETRIC_REPRESENTATION_CONTEXT(2) 
PARAMETRIC_REPRESENTATION_CONTEXT() REPRESENTATION_CONTEXT('2D SPACE',''
  ) );
#2116 = ADVANCED_FACE('',(#2117),#2031,.T.);
#2117 = FACE_BOUND('',#2118,.T.);
#2118 = EDGE_LOOP('',(#2119,#2144,#2167,#2190,#2211,#2212,#2213,#2236,
    #2259,#2287,#2310));
#2119 = ORIENTED_EDGE('',*,*,#2120,.F.);
#2120 = EDGE_CURVE('',#2121,#2123,#2125,.T.);
#2121 = VERTEX_POINT('',#2122);
#2122 = CARTESIAN_POINT('',(27.,1.,3.4));
#2123 = VERTEX_POINT('',#2124);
#2124 = CARTESIAN_POINT('',(27.,12.416617575771,3.4));
#2125 = SURFACE_CURVE('',#2126,(#2130,#2137),.PCURVE_S1.);
#2126 = LINE('',#2127,#2128);
#2127 = CARTESIAN_POINT('',(27.,1.,3.4));
#2128 = VECTOR('',#2129,1.);
#2129 = DIRECTION('',(0.,1.,0.));
#2130 = PCURVE('',#2031,#2131);
#2131 = DEFINITIONAL_REPRESENTATION('',(#2132),#2136);
#2132 = LINE('',#2133,#2134);
#2133 = CARTESIAN_POINT('',(4.741318886071,46.835643968029));
#2134 = VECTOR('',#2135,1.);
#2135 = DIRECTION('',(0.,-1.));
#2136 = ( GEOMETRIC_REPRESENTATION_CONTEXT(2) 
PARAMETRIC_REPRESENTATION_CONTEXT() REPRESENTATION_CONTEXT('2D SPACE',''
  ) );
#2137 = PCURVE('',#156,#2138);
#2138 = DEFINITIONAL_REPRESENTATION('',(#2139),#2143);
#2139 = LINE('',#2140,#2141);
#2140 = CARTESIAN_POINT('',(27.,-4.708308787886));
#2141 = VECTOR('',#2142,1.);
#2142 = DIRECTION('',(0.,1.));
#2143 = ( GEOMETRIC_REPRESENTATION_CONTEXT(2) 
PARAMETRIC_REPRESENTATION_CONTEXT() REPRESENTATION_CONTEXT('2D SPACE',''
  ) );
#2144 = ORIENTED_EDGE('',*,*,#2145,.T.);
#2145 = EDGE_CURVE('',#2121,#2146,#2148,.T.);
#2146 = VERTEX_POINT('',#2147);
#2147 = CARTESIAN_POINT('',(27.,1.,9.028227969755));
#2148 = SURFACE_CURVE('',#2149,(#2153,#2160),.PCURVE_S1.);
#2149 = LINE('',#2150,#2151);
#2150 = CARTESIAN_POINT('',(27.,1.,3.4));
#2151 = VECTOR('',#2152,1.);
#2152 = DIRECTION('',(0.,0.,1.));
#2153 = PCURVE('',#2031,#2154);
#2154 = DEFINITIONAL_REPRESENTATION('',(#2155),#2159);
#2155 = LINE('',#2156,#2157);
#2156 = CARTESIAN_POINT('',(4.741318886071,46.835643968029));
#2157 = VECTOR('',#2158,1.);
#2158 = DIRECTION('',(-1.,0.));
#2159 = ( GEOMETRIC_REPRESENTATION_CONTEXT(2) 
PARAMETRIC_REPRESENTATION_CONTEXT() REPRESENTATION_CONTEXT('2D SPACE',''
  ) );
#2160 = PCURVE('',#128,#2161);
#2161 = DEFINITIONAL_REPRESENTATION('',(#2162),#2166);
#2162 = LINE('',#2163,#2164);
#2163 = CARTESIAN_POINT('',(-1.570796326795,0.));
#2164 = VECTOR('',#2165,1.);
#2165 = DIRECTION('',(-0.,1.));
#2166 = ( GEOMETRIC_REPRESENTATION_CONTEXT(2) 
PARAMETRIC_REPRESENTATION_CONTEXT() REPRESENTATION_CONTEXT('2D SPACE',''
  ) );
#2167 = ORIENTED_EDGE('',*,*,#2168,.T.);
#2168 = EDGE_CURVE('',#2146,#2169,#2171,.T.);
#2169 = VERTEX_POINT('',#2170);
#2170 = CARTESIAN_POINT('',(27.,3.863703305156,9.795554957734));
#2171 = SURFACE_CURVE('',#2172,(#2176,#2183),.PCURVE_S1.);
#2172 = LINE('',#2173,#2174);
#2173 = CARTESIAN_POINT('',(27.,-4.440892098501E-16,8.760278777324));
#2174 = VECTOR('',#2175,1.);
#2175 = DIRECTION('',(0.,0.965925826289,0.258819045103));
#2176 = PCURVE('',#2031,#2177);
#2177 = DEFINITIONAL_REPRESENTATION('',(#2178),#2182);
#2178 = LINE('',#2179,#2180);
#2179 = CARTESIAN_POINT('',(-0.618959891254,47.835643968029));
#2180 = VECTOR('',#2181,1.);
#2181 = DIRECTION('',(-0.258819045103,-0.965925826289));
#2182 = ( GEOMETRIC_REPRESENTATION_CONTEXT(2) 
PARAMETRIC_REPRESENTATION_CONTEXT() REPRESENTATION_CONTEXT('2D SPACE',''
  ) );
#2183 = PCURVE('',#100,#2184);
#2184 = DEFINITIONAL_REPRESENTATION('',(#2185),#2189);
#2185 = LINE('',#2186,#2187);
#2186 = CARTESIAN_POINT('',(0.,0.));
#2187 = VECTOR('',#2188,1.);
#2188 = DIRECTION('',(1.,0.));
#2189 = ( GEOMETRIC_REPRESENTATION_CONTEXT(2) 
PARAMETRIC_REPRESENTATION_CONTEXT() REPRESENTATION_CONTEXT('2D SPACE',''
  ) );
#2190 = ORIENTED_EDGE('',*,*,#2191,.T.);
#2191 = EDGE_CURVE('',#2169,#2074,#2192,.T.);
#2192 = SURFACE_CURVE('',#2193,(#2197,#2204),.PCURVE_S1.);
#2193 = LINE('',#2194,#2195);
#2194 = CARTESIAN_POINT('',(27.,3.863703305156,9.795554957734));
#2195 = VECTOR('',#2196,1.);
#2196 = DIRECTION('',(0.,0.258819045103,-0.965925826289));
#2197 = PCURVE('',#2031,#2198);
#2198 = DEFINITIONAL_REPRESENTATION('',(#2199),#2203);
#2199 = LINE('',#2200,#2201);
#2200 = CARTESIAN_POINT('',(-1.654236071664,43.971940662872));
#2201 = VECTOR('',#2202,1.);
#2202 = DIRECTION('',(0.965925826289,-0.258819045103));
#2203 = ( GEOMETRIC_REPRESENTATION_CONTEXT(2) 
PARAMETRIC_REPRESENTATION_CONTEXT() REPRESENTATION_CONTEXT('2D SPACE',''
  ) );
#2204 = PCURVE('',#848,#2205);
#2205 = DEFINITIONAL_REPRESENTATION('',(#2206),#2210);
#2206 = LINE('',#2207,#2208);
#2207 = CARTESIAN_POINT('',(0.,0.));
#2208 = VECTOR('',#2209,1.);
#2209 = DIRECTION('',(1.,0.));
#2210 = ( GEOMETRIC_REPRESENTATION_CONTEXT(2) 
PARAMETRIC_REPRESENTATION_CONTEXT() REPRESENTATION_CONTEXT('2D SPACE',''
  ) );
#2211 = ORIENTED_EDGE('',*,*,#2073,.T.);
#2212 = ORIENTED_EDGE('',*,*,#2015,.T.);
#2213 = ORIENTED_EDGE('',*,*,#2214,.T.);
#2214 = EDGE_CURVE('',#1827,#2215,#2217,.T.);
#2215 = VERTEX_POINT('',#2216);
#2216 = CARTESIAN_POINT('',(27.,89.031719958694,8.));
#2217 = SURFACE_CURVE('',#2218,(#2222,#2229),.PCURVE_S1.);
#2218 = LINE('',#2219,#2220);
#2219 = CARTESIAN_POINT('',(27.,89.031719958694,26.672548350981));
#2220 = VECTOR('',#2221,1.);
#2221 = DIRECTION('',(0.,0.,-1.));
#2222 = PCURVE('',#2031,#2223);
#2223 = DEFINITIONAL_REPRESENTATION('',(#2224),#2228);
#2224 = LINE('',#2225,#2226);
#2225 = CARTESIAN_POINT('',(-18.53122946491,-41.19607599066));
#2226 = VECTOR('',#2227,1.);
#2227 = DIRECTION('',(1.,0.));
#2228 = ( GEOMETRIC_REPRESENTATION_CONTEXT(2) 
PARAMETRIC_REPRESENTATION_CONTEXT() REPRESENTATION_CONTEXT('2D SPACE',''
  ) );
#2229 = PCURVE('',#1441,#2230);
#2230 = DEFINITIONAL_REPRESENTATION('',(#2231),#2235);
#2231 = LINE('',#2232,#2233);
#2232 = CARTESIAN_POINT('',(-1.570796326795,0.));
#2233 = VECTOR('',#2234,1.);
#2234 = DIRECTION('',(-0.,1.));
#2235 = ( GEOMETRIC_REPRESENTATION_CONTEXT(2) 
PARAMETRIC_REPRESENTATION_CONTEXT() REPRESENTATION_CONTEXT('2D SPACE',''
  ) );
#2236 = ORIENTED_EDGE('',*,*,#2237,.T.);
#2237 = EDGE_CURVE('',#2215,#2238,#2240,.T.);
#2238 = VERTEX_POINT('',#2239);
#2239 = CARTESIAN_POINT('',(27.,83.031719958694,8.));
#2240 = SURFACE_CURVE('',#2241,(#2245,#2252),.PCURVE_S1.);
#2241 = LINE('',#2242,#2243);
#2242 = CARTESIAN_POINT('',(27.,89.031719958694,8.));
#2243 = VECTOR('',#2244,1.);
#2244 = DIRECTION('',(0.,-1.,-5.921189464668E-16));
#2245 = PCURVE('',#2031,#2246);
#2246 = DEFINITIONAL_REPRESENTATION('',(#2247),#2251);
#2247 = LINE('',#2248,#2249);
#2248 = CARTESIAN_POINT('',(0.141318886071,-41.19607599066));
#2249 = VECTOR('',#2250,1.);
#2250 = DIRECTION('',(5.921189464668E-16,1.));
#2251 = ( GEOMETRIC_REPRESENTATION_CONTEXT(2) 
PARAMETRIC_REPRESENTATION_CONTEXT() REPRESENTATION_CONTEXT('2D SPACE',''
  ) );
#2252 = PCURVE('',#1811,#2253);
#2253 = DEFINITIONAL_REPRESENTATION('',(#2254),#2258);
#2254 = LINE('',#2255,#2256);
#2255 = CARTESIAN_POINT('',(27.,2.));
#2256 = VECTOR('',#2257,1.);
#2257 = DIRECTION('',(0.,-1.));
#2258 = ( GEOMETRIC_REPRESENTATION_CONTEXT(2) 
PARAMETRIC_REPRESENTATION_CONTEXT() REPRESENTATION_CONTEXT('2D SPACE',''
  ) );
#2259 = ORIENTED_EDGE('',*,*,#2260,.T.);
#2260 = EDGE_CURVE('',#2238,#2261,#2263,.T.);
#2261 = VERTEX_POINT('',#2262);
#2262 = CARTESIAN_POINT('',(27.,83.031719958694,0.));
#2263 = SURFACE_CURVE('',#2264,(#2268,#2275),.PCURVE_S1.);
#2264 = LINE('',#2265,#2266);
#2265 = CARTESIAN_POINT('',(27.,83.031719958694,8.));
#2266 = VECTOR('',#2267,1.);
#2267 = DIRECTION('',(0.,0.,-1.));
#2268 = PCURVE('',#2031,#2269);
#2269 = DEFINITIONAL_REPRESENTATION('',(#2270),#2274);
#2270 = LINE('',#2271,#2272);
#2271 = CARTESIAN_POINT('',(0.141318886071,-35.19607599066));
#2272 = VECTOR('',#2273,1.);
#2273 = DIRECTION('',(1.,0.));
#2274 = ( GEOMETRIC_REPRESENTATION_CONTEXT(2) 
PARAMETRIC_REPRESENTATION_CONTEXT() REPRESENTATION_CONTEXT('2D SPACE',''
  ) );
#2275 = PCURVE('',#2276,#2281);
#2276 = CYLINDRICAL_SURFACE('',#2277,1.);
#2277 = AXIS2_PLACEMENT_3D('',#2278,#2279,#2280);
#2278 = CARTESIAN_POINT('',(26.,83.031719958694,8.));
#2279 = DIRECTION('',(0.,0.,-1.));
#2280 = DIRECTION('',(0.,1.,0.));
#2281 = DEFINITIONAL_REPRESENTATION('',(#2282),#2286);
#2282 = LINE('',#2283,#2284);
#2283 = CARTESIAN_POINT('',(1.570796326795,0.));
#2284 = VECTOR('',#2285,1.);
#2285 = DIRECTION('',(0.,1.));
#2286 = ( GEOMETRIC_REPRESENTATION_CONTEXT(2) 
PARAMETRIC_REPRESENTATION_CONTEXT() REPRESENTATION_CONTEXT('2D SPACE',''
  ) );
#2287 = ORIENTED_EDGE('',*,*,#2288,.T.);
#2288 = EDGE_CURVE('',#2261,#2289,#2291,.T.);
#2289 = VERTEX_POINT('',#2290);
#2290 = CARTESIAN_POINT('',(27.,12.416617575771,0.));
#2291 = SURFACE_CURVE('',#2292,(#2296,#2303),.PCURVE_S1.);
#2292 = LINE('',#2293,#2294);
#2293 = CARTESIAN_POINT('',(27.,90.031719958694,0.));
#2294 = VECTOR('',#2295,1.);
#2295 = DIRECTION('',(0.,-1.,0.));
#2296 = PCURVE('',#2031,#2297);
#2297 = DEFINITIONAL_REPRESENTATION('',(#2298),#2302);
#2298 = LINE('',#2299,#2300);
#2299 = CARTESIAN_POINT('',(8.141318886071,-42.19607599066));
#2300 = VECTOR('',#2301,1.);
#2301 = DIRECTION('',(0.,1.));
#2302 = ( GEOMETRIC_REPRESENTATION_CONTEXT(2) 
PARAMETRIC_REPRESENTATION_CONTEXT() REPRESENTATION_CONTEXT('2D SPACE',''
  ) );
#2303 = PCURVE('',#324,#2304);
#2304 = DEFINITIONAL_REPRESENTATION('',(#2305),#2309);
#2305 = LINE('',#2306,#2307);
#2306 = CARTESIAN_POINT('',(0.,-60.));
#2307 = VECTOR('',#2308,1.);
#2308 = DIRECTION('',(1.,0.));
#2309 = ( GEOMETRIC_REPRESENTATION_CONTEXT(2) 
PARAMETRIC_REPRESENTATION_CONTEXT() REPRESENTATION_CONTEXT('2D SPACE',''
  ) );
#2310 = ORIENTED_EDGE('',*,*,#2311,.T.);
#2311 = EDGE_CURVE('',#2289,#2123,#2312,.T.);
#2312 = SURFACE_CURVE('',#2313,(#2317,#2324),.PCURVE_S1.);
#2313 = LINE('',#2314,#2315);
#2314 = CARTESIAN_POINT('',(27.,12.416617575771,0.));
#2315 = VECTOR('',#2316,1.);
#2316 = DIRECTION('',(-0.,0.,1.));
#2317 = PCURVE('',#2031,#2318);
#2318 = DEFINITIONAL_REPRESENTATION('',(#2319),#2323);
#2319 = LINE('',#2320,#2321);
#2320 = CARTESIAN_POINT('',(8.141318886071,35.419026392257));
#2321 = VECTOR('',#2322,1.);
#2322 = DIRECTION('',(-1.,0.));
#2323 = ( GEOMETRIC_REPRESENTATION_CONTEXT(2) 
PARAMETRIC_REPRESENTATION_CONTEXT() REPRESENTATION_CONTEXT('2D SPACE',''
  ) );
#2324 = PCURVE('',#2325,#2330);
#2325 = CYLINDRICAL_SURFACE('',#2326,1.);
#2326 = AXIS2_PLACEMENT_3D('',#2327,#2328,#2329);
#2327 = CARTESIAN_POINT('',(26.,12.416617575771,0.));
#2328 = DIRECTION('',(-0.,0.,1.));
#2329 = DIRECTION('',(0.,-1.,0.));
#2330 = DEFINITIONAL_REPRESENTATION('',(#2331),#2335);
#2331 = LINE('',#2332,#2333);
#2332 = CARTESIAN_POINT('',(1.570796326795,0.));
#2333 = VECTOR('',#2334,1.);
#2334 = DIRECTION('',(0.,1.));
#2335 = ( GEOMETRIC_REPRESENTATION_CONTEXT(2) 
PARAMETRIC_REPRESENTATION_CONTEXT() REPRESENTATION_CONTEXT('2D SPACE',''
  ) );
#2336 = ADVANCED_FACE('',(#2337),#2325,.F.);
#2337 = FACE_BOUND('',#2338,.F.);
#2338 = EDGE_LOOP('',(#2339,#2367,#2368,#2392));
#2339 = ORIENTED_EDGE('',*,*,#2340,.T.);
#2340 = EDGE_CURVE('',#2341,#2289,#2343,.T.);
#2341 = VERTEX_POINT('',#2342);
#2342 = CARTESIAN_POINT('',(26.,11.416617575771,0.));
#2343 = SURFACE_CURVE('',#2344,(#2349,#2356),.PCURVE_S1.);
#2344 = CIRCLE('',#2345,1.);
#2345 = AXIS2_PLACEMENT_3D('',#2346,#2347,#2348);
#2346 = CARTESIAN_POINT('',(26.,12.416617575771,0.));
#2347 = DIRECTION('',(-0.,0.,1.));
#2348 = DIRECTION('',(0.,-1.,0.));
#2349 = PCURVE('',#2325,#2350);
#2350 = DEFINITIONAL_REPRESENTATION('',(#2351),#2355);
#2351 = LINE('',#2352,#2353);
#2352 = CARTESIAN_POINT('',(0.,0.));
#2353 = VECTOR('',#2354,1.);
#2354 = DIRECTION('',(1.,0.));
#2355 = ( GEOMETRIC_REPRESENTATION_CONTEXT(2) 
PARAMETRIC_REPRESENTATION_CONTEXT() REPRESENTATION_CONTEXT('2D SPACE',''
  ) );
#2356 = PCURVE('',#324,#2357);
#2357 = DEFINITIONAL_REPRESENTATION('',(#2358),#2366);
#2358 = ( BOUNDED_CURVE() B_SPLINE_CURVE(2,(#2359,#2360,#2361,#2362,
#2363,#2364,#2365),.UNSPECIFIED.,.T.,.F.) B_SPLINE_CURVE_WITH_KNOTS((1,2
    ,2,2,2,1),(-2.094395102393,0.,2.094395102393,4.188790204786,
6.28318530718,8.377580409573),.UNSPECIFIED.) CURVE() 
GEOMETRIC_REPRESENTATION_ITEM() RATIONAL_B_SPLINE_CURVE((1.,0.5,1.,0.5,
1.,0.5,1.)) REPRESENTATION_ITEM('') );
#2359 = CARTESIAN_POINT('',(78.615102382922,-59.));
#2360 = CARTESIAN_POINT('',(78.615102382922,-60.73205080756));
#2361 = CARTESIAN_POINT('',(77.115102382922,-59.86602540378));
#2362 = CARTESIAN_POINT('',(75.615102382922,-59.));
#2363 = CARTESIAN_POINT('',(77.115102382922,-58.13397459621));
#2364 = CARTESIAN_POINT('',(78.615102382922,-57.26794919243));
#2365 = CARTESIAN_POINT('',(78.615102382922,-59.));
#2366 = ( GEOMETRIC_REPRESENTATION_CONTEXT(2) 
PARAMETRIC_REPRESENTATION_CONTEXT() REPRESENTATION_CONTEXT('2D SPACE',''
  ) );
#2367 = ORIENTED_EDGE('',*,*,#2311,.T.);
#2368 = ORIENTED_EDGE('',*,*,#2369,.F.);
#2369 = EDGE_CURVE('',#2370,#2123,#2372,.T.);
#2370 = VERTEX_POINT('',#2371);
#2371 = CARTESIAN_POINT('',(26.,11.416617575771,3.4));
#2372 = SURFACE_CURVE('',#2373,(#2378,#2385),.PCURVE_S1.);
#2373 = CIRCLE('',#2374,1.);
#2374 = AXIS2_PLACEMENT_3D('',#2375,#2376,#2377);
#2375 = CARTESIAN_POINT('',(26.,12.416617575771,3.4));
#2376 = DIRECTION('',(-0.,0.,1.));
#2377 = DIRECTION('',(0.,-1.,0.));
#2378 = PCURVE('',#2325,#2379);
#2379 = DEFINITIONAL_REPRESENTATION('',(#2380),#2384);
#2380 = LINE('',#2381,#2382);
#2381 = CARTESIAN_POINT('',(0.,3.4));
#2382 = VECTOR('',#2383,1.);
#2383 = DIRECTION('',(1.,0.));
#2384 = ( GEOMETRIC_REPRESENTATION_CONTEXT(2) 
PARAMETRIC_REPRESENTATION_CONTEXT() REPRESENTATION_CONTEXT('2D SPACE',''
  ) );
#2385 = PCURVE('',#156,#2386);
#2386 = DEFINITIONAL_REPRESENTATION('',(#2387),#2391);
#2387 = CIRCLE('',#2388,1.);
#2388 = AXIS2_PLACEMENT_2D('',#2389,#2390);
#2389 = CARTESIAN_POINT('',(26.,6.708308787886));
#2390 = DIRECTION('',(0.,-1.));
#2391 = ( GEOMETRIC_REPRESENTATION_CONTEXT(2) 
PARAMETRIC_REPRESENTATION_CONTEXT() REPRESENTATION_CONTEXT('2D SPACE',''
  ) );
#2392 = ORIENTED_EDGE('',*,*,#2393,.F.);
#2393 = EDGE_CURVE('',#2341,#2370,#2394,.T.);
#2394 = SURFACE_CURVE('',#2395,(#2399,#2406),.PCURVE_S1.);
#2395 = LINE('',#2396,#2397);
#2396 = CARTESIAN_POINT('',(26.,11.416617575771,0.));
#2397 = VECTOR('',#2398,1.);
#2398 = DIRECTION('',(-0.,0.,1.));
#2399 = PCURVE('',#2325,#2400);
#2400 = DEFINITIONAL_REPRESENTATION('',(#2401),#2405);
#2401 = LINE('',#2402,#2403);
#2402 = CARTESIAN_POINT('',(0.,0.));
#2403 = VECTOR('',#2404,1.);
#2404 = DIRECTION('',(0.,1.));
#2405 = ( GEOMETRIC_REPRESENTATION_CONTEXT(2) 
PARAMETRIC_REPRESENTATION_CONTEXT() REPRESENTATION_CONTEXT('2D SPACE',''
  ) );
#2406 = PCURVE('',#2407,#2412);
#2407 = PLANE('',#2408);
#2408 = AXIS2_PLACEMENT_3D('',#2409,#2410,#2411);
#2409 = CARTESIAN_POINT('',(40.,11.416617575771,0.));
#2410 = DIRECTION('',(0.,-1.,0.));
#2411 = DIRECTION('',(-1.,0.,0.));
#2412 = DEFINITIONAL_REPRESENTATION('',(#2413),#2417);
#2413 = LINE('',#2414,#2415);
#2414 = CARTESIAN_POINT('',(14.,0.));
#2415 = VECTOR('',#2416,1.);
#2416 = DIRECTION('',(0.,-1.));
#2417 = ( GEOMETRIC_REPRESENTATION_CONTEXT(2) 
PARAMETRIC_REPRESENTATION_CONTEXT() REPRESENTATION_CONTEXT('2D SPACE',''
  ) );
#2418 = ADVANCED_FACE('',(#2419),#2407,.F.);
#2419 = FACE_BOUND('',#2420,.F.);
#2420 = EDGE_LOOP('',(#2421,#2444,#2445,#2468));
#2421 = ORIENTED_EDGE('',*,*,#2422,.F.);
#2422 = EDGE_CURVE('',#2341,#2423,#2425,.T.);
#2423 = VERTEX_POINT('',#2424);
#2424 = CARTESIAN_POINT('',(4.,11.416617575771,0.));
#2425 = SURFACE_CURVE('',#2426,(#2430,#2437),.PCURVE_S1.);
#2426 = LINE('',#2427,#2428);
#2427 = CARTESIAN_POINT('',(40.,11.416617575771,0.));
#2428 = VECTOR('',#2429,1.);
#2429 = DIRECTION('',(-1.,0.,0.));
#2430 = PCURVE('',#2407,#2431);
#2431 = DEFINITIONAL_REPRESENTATION('',(#2432),#2436);
#2432 = LINE('',#2433,#2434);
#2433 = CARTESIAN_POINT('',(0.,-0.));
#2434 = VECTOR('',#2435,1.);
#2435 = DIRECTION('',(1.,0.));
#2436 = ( GEOMETRIC_REPRESENTATION_CONTEXT(2) 
PARAMETRIC_REPRESENTATION_CONTEXT() REPRESENTATION_CONTEXT('2D SPACE',''
  ) );
#2437 = PCURVE('',#324,#2438);
#2438 = DEFINITIONAL_REPRESENTATION('',(#2439),#2443);
#2439 = LINE('',#2440,#2441);
#2440 = CARTESIAN_POINT('',(78.615102382922,-73.));
#2441 = VECTOR('',#2442,1.);
#2442 = DIRECTION('',(0.,1.));
#2443 = ( GEOMETRIC_REPRESENTATION_CONTEXT(2) 
PARAMETRIC_REPRESENTATION_CONTEXT() REPRESENTATION_CONTEXT('2D SPACE',''
  ) );
#2444 = ORIENTED_EDGE('',*,*,#2393,.T.);
#2445 = ORIENTED_EDGE('',*,*,#2446,.T.);
#2446 = EDGE_CURVE('',#2370,#2447,#2449,.T.);
#2447 = VERTEX_POINT('',#2448);
#2448 = CARTESIAN_POINT('',(4.,11.416617575771,3.4));
#2449 = SURFACE_CURVE('',#2450,(#2454,#2461),.PCURVE_S1.);
#2450 = LINE('',#2451,#2452);
#2451 = CARTESIAN_POINT('',(40.,11.416617575771,3.4));
#2452 = VECTOR('',#2453,1.);
#2453 = DIRECTION('',(-1.,0.,0.));
#2454 = PCURVE('',#2407,#2455);
#2455 = DEFINITIONAL_REPRESENTATION('',(#2456),#2460);
#2456 = LINE('',#2457,#2458);
#2457 = CARTESIAN_POINT('',(0.,-3.4));
#2458 = VECTOR('',#2459,1.);
#2459 = DIRECTION('',(1.,0.));
#2460 = ( GEOMETRIC_REPRESENTATION_CONTEXT(2) 
PARAMETRIC_REPRESENTATION_CONTEXT() REPRESENTATION_CONTEXT('2D SPACE',''
  ) );
#2461 = PCURVE('',#156,#2462);
#2462 = DEFINITIONAL_REPRESENTATION('',(#2463),#2467);
#2463 = LINE('',#2464,#2465);
#2464 = CARTESIAN_POINT('',(40.,5.708308787886));
#2465 = VECTOR('',#2466,1.);
#2466 = DIRECTION('',(-1.,0.));
#2467 = ( GEOMETRIC_REPRESENTATION_CONTEXT(2) 
PARAMETRIC_REPRESENTATION_CONTEXT() REPRESENTATION_CONTEXT('2D SPACE',''
  ) );
#2468 = ORIENTED_EDGE('',*,*,#2469,.F.);
#2469 = EDGE_CURVE('',#2423,#2447,#2470,.T.);
#2470 = SURFACE_CURVE('',#2471,(#2475,#2482),.PCURVE_S1.);
#2471 = LINE('',#2472,#2473);
#2472 = CARTESIAN_POINT('',(4.,11.416617575771,0.));
#2473 = VECTOR('',#2474,1.);
#2474 = DIRECTION('',(-0.,0.,1.));
#2475 = PCURVE('',#2407,#2476);
#2476 = DEFINITIONAL_REPRESENTATION('',(#2477),#2481);
#2477 = LINE('',#2478,#2479);
#2478 = CARTESIAN_POINT('',(36.,0.));
#2479 = VECTOR('',#2480,1.);
#2480 = DIRECTION('',(0.,-1.));
#2481 = ( GEOMETRIC_REPRESENTATION_CONTEXT(2) 
PARAMETRIC_REPRESENTATION_CONTEXT() REPRESENTATION_CONTEXT('2D SPACE',''
  ) );
#2482 = PCURVE('',#2483,#2488);
#2483 = CYLINDRICAL_SURFACE('',#2484,1.);
#2484 = AXIS2_PLACEMENT_3D('',#2485,#2486,#2487);
#2485 = CARTESIAN_POINT('',(4.,12.416617575771,0.));
#2486 = DIRECTION('',(-0.,0.,1.));
#2487 = DIRECTION('',(0.,-1.,0.));
#2488 = DEFINITIONAL_REPRESENTATION('',(#2489),#2493);
#2489 = LINE('',#2490,#2491);
#2490 = CARTESIAN_POINT('',(-0.,0.));
#2491 = VECTOR('',#2492,1.);
#2492 = DIRECTION('',(-0.,1.));
#2493 = ( GEOMETRIC_REPRESENTATION_CONTEXT(2) 
PARAMETRIC_REPRESENTATION_CONTEXT() REPRESENTATION_CONTEXT('2D SPACE',''
  ) );
#2494 = ADVANCED_FACE('',(#2495),#2483,.F.);
#2495 = FACE_BOUND('',#2496,.T.);
#2496 = EDGE_LOOP('',(#2497,#2521,#2549,#2575));
#2497 = ORIENTED_EDGE('',*,*,#2498,.T.);
#2498 = EDGE_CURVE('',#2423,#2499,#2501,.T.);
#2499 = VERTEX_POINT('',#2500);
#2500 = CARTESIAN_POINT('',(3.,12.416617575771,0.));
#2501 = SURFACE_CURVE('',#2502,(#2507,#2514),.PCURVE_S1.);
#2502 = CIRCLE('',#2503,1.);
#2503 = AXIS2_PLACEMENT_3D('',#2504,#2505,#2506);
#2504 = CARTESIAN_POINT('',(4.,12.416617575771,0.));
#2505 = DIRECTION('',(0.,-0.,-1.));
#2506 = DIRECTION('',(0.,-1.,0.));
#2507 = PCURVE('',#2483,#2508);
#2508 = DEFINITIONAL_REPRESENTATION('',(#2509),#2513);
#2509 = LINE('',#2510,#2511);
#2510 = CARTESIAN_POINT('',(-0.,0.));
#2511 = VECTOR('',#2512,1.);
#2512 = DIRECTION('',(-1.,0.));
#2513 = ( GEOMETRIC_REPRESENTATION_CONTEXT(2) 
PARAMETRIC_REPRESENTATION_CONTEXT() REPRESENTATION_CONTEXT('2D SPACE',''
  ) );
#2514 = PCURVE('',#324,#2515);
#2515 = DEFINITIONAL_REPRESENTATION('',(#2516),#2520);
#2516 = CIRCLE('',#2517,1.);
#2517 = AXIS2_PLACEMENT_2D('',#2518,#2519);
#2518 = CARTESIAN_POINT('',(77.615102382922,-37.));
#2519 = DIRECTION('',(1.,0.));
#2520 = ( GEOMETRIC_REPRESENTATION_CONTEXT(2) 
PARAMETRIC_REPRESENTATION_CONTEXT() REPRESENTATION_CONTEXT('2D SPACE',''
  ) );
#2521 = ORIENTED_EDGE('',*,*,#2522,.T.);
#2522 = EDGE_CURVE('',#2499,#2523,#2525,.T.);
#2523 = VERTEX_POINT('',#2524);
#2524 = CARTESIAN_POINT('',(3.,12.416617575771,3.4));
#2525 = SURFACE_CURVE('',#2526,(#2530,#2537),.PCURVE_S1.);
#2526 = LINE('',#2527,#2528);
#2527 = CARTESIAN_POINT('',(3.,12.416617575771,0.));
#2528 = VECTOR('',#2529,1.);
#2529 = DIRECTION('',(-0.,0.,1.));
#2530 = PCURVE('',#2483,#2531);
#2531 = DEFINITIONAL_REPRESENTATION('',(#2532),#2536);
#2532 = LINE('',#2533,#2534);
#2533 = CARTESIAN_POINT('',(-1.570796326795,0.));
#2534 = VECTOR('',#2535,1.);
#2535 = DIRECTION('',(-0.,1.));
#2536 = ( GEOMETRIC_REPRESENTATION_CONTEXT(2) 
PARAMETRIC_REPRESENTATION_CONTEXT() REPRESENTATION_CONTEXT('2D SPACE',''
  ) );
#2537 = PCURVE('',#2538,#2543);
#2538 = PLANE('',#2539);
#2539 = AXIS2_PLACEMENT_3D('',#2540,#2541,#2542);
#2540 = CARTESIAN_POINT('',(3.,52.452007038957,8.414361492015));
#2541 = DIRECTION('',(-1.,-0.,-0.));
#2542 = DIRECTION('',(0.,0.,-1.));
#2543 = DEFINITIONAL_REPRESENTATION('',(#2544),#2548);
#2544 = LINE('',#2545,#2546);
#2545 = CARTESIAN_POINT('',(8.414361492015,40.035389463186));
#2546 = VECTOR('',#2547,1.);
#2547 = DIRECTION('',(-1.,0.));
#2548 = ( GEOMETRIC_REPRESENTATION_CONTEXT(2) 
PARAMETRIC_REPRESENTATION_CONTEXT() REPRESENTATION_CONTEXT('2D SPACE',''
  ) );
#2549 = ORIENTED_EDGE('',*,*,#2550,.F.);
#2550 = EDGE_CURVE('',#2447,#2523,#2551,.T.);
#2551 = SURFACE_CURVE('',#2552,(#2557,#2564),.PCURVE_S1.);
#2552 = CIRCLE('',#2553,1.);
#2553 = AXIS2_PLACEMENT_3D('',#2554,#2555,#2556);
#2554 = CARTESIAN_POINT('',(4.,12.416617575771,3.4));
#2555 = DIRECTION('',(0.,-0.,-1.));
#2556 = DIRECTION('',(0.,-1.,0.));
#2557 = PCURVE('',#2483,#2558);
#2558 = DEFINITIONAL_REPRESENTATION('',(#2559),#2563);
#2559 = LINE('',#2560,#2561);
#2560 = CARTESIAN_POINT('',(-0.,3.4));
#2561 = VECTOR('',#2562,1.);
#2562 = DIRECTION('',(-1.,0.));
#2563 = ( GEOMETRIC_REPRESENTATION_CONTEXT(2) 
PARAMETRIC_REPRESENTATION_CONTEXT() REPRESENTATION_CONTEXT('2D SPACE',''
  ) );
#2564 = PCURVE('',#156,#2565);
#2565 = DEFINITIONAL_REPRESENTATION('',(#2566),#2574);
#2566 = ( BOUNDED_CURVE() B_SPLINE_CURVE(2,(#2567,#2568,#2569,#2570,
#2571,#2572,#2573),.UNSPECIFIED.,.T.,.F.) B_SPLINE_CURVE_WITH_KNOTS((1,2
    ,2,2,2,1),(-2.094395102393,0.,2.094395102393,4.188790204786,
6.28318530718,8.377580409573),.UNSPECIFIED.) CURVE() 
GEOMETRIC_REPRESENTATION_ITEM() RATIONAL_B_SPLINE_CURVE((1.,0.5,1.,0.5,
1.,0.5,1.)) REPRESENTATION_ITEM('') );
#2567 = CARTESIAN_POINT('',(4.,5.708308787886));
#2568 = CARTESIAN_POINT('',(2.267949192431,5.708308787886));
#2569 = CARTESIAN_POINT('',(3.133974596216,7.208308787886));
#2570 = CARTESIAN_POINT('',(4.,8.708308787886));
#2571 = CARTESIAN_POINT('',(4.866025403784,7.208308787886));
#2572 = CARTESIAN_POINT('',(5.732050807569,5.708308787886));
#2573 = CARTESIAN_POINT('',(4.,5.708308787886));
#2574 = ( GEOMETRIC_REPRESENTATION_CONTEXT(2) 
PARAMETRIC_REPRESENTATION_CONTEXT() REPRESENTATION_CONTEXT('2D SPACE',''
  ) );
#2575 = ORIENTED_EDGE('',*,*,#2469,.F.);
#2576 = ADVANCED_FACE('',(#2577),#2538,.F.);
#2577 = FACE_BOUND('',#2578,.F.);
#2578 = EDGE_LOOP('',(#2579,#2609,#2632,#2655,#2678,#2706,#2727,#2728));
#2579 = ORIENTED_EDGE('',*,*,#2580,.T.);
#2580 = EDGE_CURVE('',#2581,#2583,#2585,.T.);
#2581 = VERTEX_POINT('',#2582);
#2582 = CARTESIAN_POINT('',(3.,6.416617575771,3.4));
#2583 = VERTEX_POINT('',#2584);
#2584 = CARTESIAN_POINT('',(3.,6.416617575771,4.267949192431));
#2585 = SURFACE_CURVE('',#2586,(#2590,#2597),.PCURVE_S1.);
#2586 = LINE('',#2587,#2588);
#2587 = CARTESIAN_POINT('',(3.,6.416617575771,3.4));
#2588 = VECTOR('',#2589,1.);
#2589 = DIRECTION('',(0.,0.,1.));
#2590 = PCURVE('',#2538,#2591);
#2591 = DEFINITIONAL_REPRESENTATION('',(#2592),#2596);
#2592 = LINE('',#2593,#2594);
#2593 = CARTESIAN_POINT('',(5.014361492015,46.035389463186));
#2594 = VECTOR('',#2595,1.);
#2595 = DIRECTION('',(-1.,0.));
#2596 = ( GEOMETRIC_REPRESENTATION_CONTEXT(2) 
PARAMETRIC_REPRESENTATION_CONTEXT() REPRESENTATION_CONTEXT('2D SPACE',''
  ) );
#2597 = PCURVE('',#2598,#2603);
#2598 = CYLINDRICAL_SURFACE('',#2599,1.);
#2599 = AXIS2_PLACEMENT_3D('',#2600,#2601,#2602);
#2600 = CARTESIAN_POINT('',(2.,6.416617575771,3.4));
#2601 = DIRECTION('',(0.,0.,1.));
#2602 = DIRECTION('',(0.,-1.,0.));
#2603 = DEFINITIONAL_REPRESENTATION('',(#2604),#2608);
#2604 = LINE('',#2605,#2606);
#2605 = CARTESIAN_POINT('',(1.570796326795,0.));
#2606 = VECTOR('',#2607,1.);
#2607 = DIRECTION('',(0.,1.));
#2608 = ( GEOMETRIC_REPRESENTATION_CONTEXT(2) 
PARAMETRIC_REPRESENTATION_CONTEXT() REPRESENTATION_CONTEXT('2D SPACE',''
  ) );
#2609 = ORIENTED_EDGE('',*,*,#2610,.T.);
#2610 = EDGE_CURVE('',#2583,#2611,#2613,.T.);
#2611 = VERTEX_POINT('',#2612);
#2612 = CARTESIAN_POINT('',(3.,89.031719958694,26.40459915855));
#2613 = SURFACE_CURVE('',#2614,(#2618,#2625),.PCURVE_S1.);
#2614 = LINE('',#2615,#2616);
#2615 = CARTESIAN_POINT('',(3.,5.416617575771,4.));
#2616 = VECTOR('',#2617,1.);
#2617 = DIRECTION('',(0.,0.965925826289,0.258819045103));
#2618 = PCURVE('',#2538,#2619);
#2619 = DEFINITIONAL_REPRESENTATION('',(#2620),#2624);
#2620 = LINE('',#2621,#2622);
#2621 = CARTESIAN_POINT('',(4.414361492015,47.035389463186));
#2622 = VECTOR('',#2623,1.);
#2623 = DIRECTION('',(-0.258819045103,-0.965925826289));
#2624 = ( GEOMETRIC_REPRESENTATION_CONTEXT(2) 
PARAMETRIC_REPRESENTATION_CONTEXT() REPRESENTATION_CONTEXT('2D SPACE',''
  ) );
#2625 = PCURVE('',#1757,#2626);
#2626 = DEFINITIONAL_REPRESENTATION('',(#2627),#2631);
#2627 = LINE('',#2628,#2629);
#2628 = CARTESIAN_POINT('',(0.,-6.));
#2629 = VECTOR('',#2630,1.);
#2630 = DIRECTION('',(1.,0.));
#2631 = ( GEOMETRIC_REPRESENTATION_CONTEXT(2) 
PARAMETRIC_REPRESENTATION_CONTEXT() REPRESENTATION_CONTEXT('2D SPACE',''
  ) );
#2632 = ORIENTED_EDGE('',*,*,#2633,.T.);
#2633 = EDGE_CURVE('',#2611,#2634,#2636,.T.);
#2634 = VERTEX_POINT('',#2635);
#2635 = CARTESIAN_POINT('',(3.,89.031719958694,8.));
#2636 = SURFACE_CURVE('',#2637,(#2641,#2648),.PCURVE_S1.);
#2637 = LINE('',#2638,#2639);
#2638 = CARTESIAN_POINT('',(3.,89.031719958694,26.672548350981));
#2639 = VECTOR('',#2640,1.);
#2640 = DIRECTION('',(0.,0.,-1.));
#2641 = PCURVE('',#2538,#2642);
#2642 = DEFINITIONAL_REPRESENTATION('',(#2643),#2647);
#2643 = LINE('',#2644,#2645);
#2644 = CARTESIAN_POINT('',(-18.25818685896,-36.57971291973));
#2645 = VECTOR('',#2646,1.);
#2646 = DIRECTION('',(1.,0.));
#2647 = ( GEOMETRIC_REPRESENTATION_CONTEXT(2) 
PARAMETRIC_REPRESENTATION_CONTEXT() REPRESENTATION_CONTEXT('2D SPACE',''
  ) );
#2648 = PCURVE('',#1785,#2649);
#2649 = DEFINITIONAL_REPRESENTATION('',(#2650),#2654);
#2650 = LINE('',#2651,#2652);
#2651 = CARTESIAN_POINT('',(-0.,0.));
#2652 = VECTOR('',#2653,1.);
#2653 = DIRECTION('',(-0.,1.));
#2654 = ( GEOMETRIC_REPRESENTATION_CONTEXT(2) 
PARAMETRIC_REPRESENTATION_CONTEXT() REPRESENTATION_CONTEXT('2D SPACE',''
  ) );
#2655 = ORIENTED_EDGE('',*,*,#2656,.F.);
#2656 = EDGE_CURVE('',#2657,#2634,#2659,.T.);
#2657 = VERTEX_POINT('',#2658);
#2658 = CARTESIAN_POINT('',(3.,83.031719958694,8.));
#2659 = SURFACE_CURVE('',#2660,(#2664,#2671),.PCURVE_S1.);
#2660 = LINE('',#2661,#2662);
#2661 = CARTESIAN_POINT('',(3.,83.031719958694,8.));
#2662 = VECTOR('',#2663,1.);
#2663 = DIRECTION('',(0.,1.,5.921189464668E-16));
#2664 = PCURVE('',#2538,#2665);
#2665 = DEFINITIONAL_REPRESENTATION('',(#2666),#2670);
#2666 = LINE('',#2667,#2668);
#2667 = CARTESIAN_POINT('',(0.414361492015,-30.57971291973));
#2668 = VECTOR('',#2669,1.);
#2669 = DIRECTION('',(-5.921189464668E-16,-1.));
#2670 = ( GEOMETRIC_REPRESENTATION_CONTEXT(2) 
PARAMETRIC_REPRESENTATION_CONTEXT() REPRESENTATION_CONTEXT('2D SPACE',''
  ) );
#2671 = PCURVE('',#1811,#2672);
#2672 = DEFINITIONAL_REPRESENTATION('',(#2673),#2677);
#2673 = LINE('',#2674,#2675);
#2674 = CARTESIAN_POINT('',(3.,-4.));
#2675 = VECTOR('',#2676,1.);
#2676 = DIRECTION('',(0.,1.));
#2677 = ( GEOMETRIC_REPRESENTATION_CONTEXT(2) 
PARAMETRIC_REPRESENTATION_CONTEXT() REPRESENTATION_CONTEXT('2D SPACE',''
  ) );
#2678 = ORIENTED_EDGE('',*,*,#2679,.T.);
#2679 = EDGE_CURVE('',#2657,#2680,#2682,.T.);
#2680 = VERTEX_POINT('',#2681);
#2681 = CARTESIAN_POINT('',(3.,83.031719958694,0.));
#2682 = SURFACE_CURVE('',#2683,(#2687,#2694),.PCURVE_S1.);
#2683 = LINE('',#2684,#2685);
#2684 = CARTESIAN_POINT('',(3.,83.031719958694,8.));
#2685 = VECTOR('',#2686,1.);
#2686 = DIRECTION('',(0.,0.,-1.));
#2687 = PCURVE('',#2538,#2688);
#2688 = DEFINITIONAL_REPRESENTATION('',(#2689),#2693);
#2689 = LINE('',#2690,#2691);
#2690 = CARTESIAN_POINT('',(0.414361492015,-30.57971291973));
#2691 = VECTOR('',#2692,1.);
#2692 = DIRECTION('',(1.,0.));
#2693 = ( GEOMETRIC_REPRESENTATION_CONTEXT(2) 
PARAMETRIC_REPRESENTATION_CONTEXT() REPRESENTATION_CONTEXT('2D SPACE',''
  ) );
#2694 = PCURVE('',#2695,#2700);
#2695 = CYLINDRICAL_SURFACE('',#2696,1.);
#2696 = AXIS2_PLACEMENT_3D('',#2697,#2698,#2699);
#2697 = CARTESIAN_POINT('',(4.,83.031719958694,8.));
#2698 = DIRECTION('',(0.,0.,-1.));
#2699 = DIRECTION('',(-1.,-0.,-0.));
#2700 = DEFINITIONAL_REPRESENTATION('',(#2701),#2705);
#2701 = LINE('',#2702,#2703);
#2702 = CARTESIAN_POINT('',(0.,0.));
#2703 = VECTOR('',#2704,1.);
#2704 = DIRECTION('',(0.,1.));
#2705 = ( GEOMETRIC_REPRESENTATION_CONTEXT(2) 
PARAMETRIC_REPRESENTATION_CONTEXT() REPRESENTATION_CONTEXT('2D SPACE',''
  ) );
#2706 = ORIENTED_EDGE('',*,*,#2707,.T.);
#2707 = EDGE_CURVE('',#2680,#2499,#2708,.T.);
#2708 = SURFACE_CURVE('',#2709,(#2713,#2720),.PCURVE_S1.);
#2709 = LINE('',#2710,#2711);
#2710 = CARTESIAN_POINT('',(3.,90.031719958694,0.));
#2711 = VECTOR('',#2712,1.);
#2712 = DIRECTION('',(0.,-1.,0.));
#2713 = PCURVE('',#2538,#2714);
#2714 = DEFINITIONAL_REPRESENTATION('',(#2715),#2719);
#2715 = LINE('',#2716,#2717);
#2716 = CARTESIAN_POINT('',(8.414361492015,-37.57971291973));
#2717 = VECTOR('',#2718,1.);
#2718 = DIRECTION('',(0.,1.));
#2719 = ( GEOMETRIC_REPRESENTATION_CONTEXT(2) 
PARAMETRIC_REPRESENTATION_CONTEXT() REPRESENTATION_CONTEXT('2D SPACE',''
  ) );
#2720 = PCURVE('',#324,#2721);
#2721 = DEFINITIONAL_REPRESENTATION('',(#2722),#2726);
#2722 = LINE('',#2723,#2724);
#2723 = CARTESIAN_POINT('',(0.,-36.));
#2724 = VECTOR('',#2725,1.);
#2725 = DIRECTION('',(1.,0.));
#2726 = ( GEOMETRIC_REPRESENTATION_CONTEXT(2) 
PARAMETRIC_REPRESENTATION_CONTEXT() REPRESENTATION_CONTEXT('2D SPACE',''
  ) );
#2727 = ORIENTED_EDGE('',*,*,#2522,.T.);
#2728 = ORIENTED_EDGE('',*,*,#2729,.T.);
#2729 = EDGE_CURVE('',#2523,#2581,#2730,.T.);
#2730 = SURFACE_CURVE('',#2731,(#2735,#2742),.PCURVE_S1.);
#2731 = LINE('',#2732,#2733);
#2732 = CARTESIAN_POINT('',(3.,12.416617575771,3.4));
#2733 = VECTOR('',#2734,1.);
#2734 = DIRECTION('',(0.,-1.,0.));
#2735 = PCURVE('',#2538,#2736);
#2736 = DEFINITIONAL_REPRESENTATION('',(#2737),#2741);
#2737 = LINE('',#2738,#2739);
#2738 = CARTESIAN_POINT('',(5.014361492015,40.035389463186));
#2739 = VECTOR('',#2740,1.);
#2740 = DIRECTION('',(0.,1.));
#2741 = ( GEOMETRIC_REPRESENTATION_CONTEXT(2) 
PARAMETRIC_REPRESENTATION_CONTEXT() REPRESENTATION_CONTEXT('2D SPACE',''
  ) );
#2742 = PCURVE('',#156,#2743);
#2743 = DEFINITIONAL_REPRESENTATION('',(#2744),#2748);
#2744 = LINE('',#2745,#2746);
#2745 = CARTESIAN_POINT('',(3.,6.708308787886));
#2746 = VECTOR('',#2747,1.);
#2747 = DIRECTION('',(0.,-1.));
#2748 = ( GEOMETRIC_REPRESENTATION_CONTEXT(2) 
PARAMETRIC_REPRESENTATION_CONTEXT() REPRESENTATION_CONTEXT('2D SPACE',''
  ) );
#2749 = ADVANCED_FACE('',(#2750),#2695,.F.);
#2750 = FACE_BOUND('',#2751,.F.);
#2751 = EDGE_LOOP('',(#2752,#2780,#2808,#2830));
#2752 = ORIENTED_EDGE('',*,*,#2753,.T.);
#2753 = EDGE_CURVE('',#2657,#2754,#2756,.T.);
#2754 = VERTEX_POINT('',#2755);
#2755 = CARTESIAN_POINT('',(4.,84.031719958694,8.));
#2756 = SURFACE_CURVE('',#2757,(#2762,#2769),.PCURVE_S1.);
#2757 = CIRCLE('',#2758,1.);
#2758 = AXIS2_PLACEMENT_3D('',#2759,#2760,#2761);
#2759 = CARTESIAN_POINT('',(4.,83.031719958694,8.));
#2760 = DIRECTION('',(0.,0.,-1.));
#2761 = DIRECTION('',(0.,1.,0.));
#2762 = PCURVE('',#2695,#2763);
#2763 = DEFINITIONAL_REPRESENTATION('',(#2764),#2768);
#2764 = LINE('',#2765,#2766);
#2765 = CARTESIAN_POINT('',(-4.712388980385,0.));
#2766 = VECTOR('',#2767,1.);
#2767 = DIRECTION('',(1.,0.));
#2768 = ( GEOMETRIC_REPRESENTATION_CONTEXT(2) 
PARAMETRIC_REPRESENTATION_CONTEXT() REPRESENTATION_CONTEXT('2D SPACE',''
  ) );
#2769 = PCURVE('',#1811,#2770);
#2770 = DEFINITIONAL_REPRESENTATION('',(#2771),#2779);
#2771 = ( BOUNDED_CURVE() B_SPLINE_CURVE(2,(#2772,#2773,#2774,#2775,
#2776,#2777,#2778),.UNSPECIFIED.,.T.,.F.) B_SPLINE_CURVE_WITH_KNOTS((1,2
    ,2,2,2,1),(-2.094395102393,0.,2.094395102393,4.188790204786,
6.28318530718,8.377580409573),.UNSPECIFIED.) CURVE() 
GEOMETRIC_REPRESENTATION_ITEM() RATIONAL_B_SPLINE_CURVE((1.,0.5,1.,0.5,
1.,0.5,1.)) REPRESENTATION_ITEM('') );
#2772 = CARTESIAN_POINT('',(4.,-3.));
#2773 = CARTESIAN_POINT('',(5.732050807569,-3.));
#2774 = CARTESIAN_POINT('',(4.866025403784,-4.5));
#2775 = CARTESIAN_POINT('',(4.,-6.));
#2776 = CARTESIAN_POINT('',(3.133974596216,-4.5));
#2777 = CARTESIAN_POINT('',(2.267949192431,-3.));
#2778 = CARTESIAN_POINT('',(4.,-3.));
#2779 = ( GEOMETRIC_REPRESENTATION_CONTEXT(2) 
PARAMETRIC_REPRESENTATION_CONTEXT() REPRESENTATION_CONTEXT('2D SPACE',''
  ) );
#2780 = ORIENTED_EDGE('',*,*,#2781,.T.);
#2781 = EDGE_CURVE('',#2754,#2782,#2784,.T.);
#2782 = VERTEX_POINT('',#2783);
#2783 = CARTESIAN_POINT('',(4.,84.031719958694,0.));
#2784 = SURFACE_CURVE('',#2785,(#2789,#2796),.PCURVE_S1.);
#2785 = LINE('',#2786,#2787);
#2786 = CARTESIAN_POINT('',(4.,84.031719958694,8.));
#2787 = VECTOR('',#2788,1.);
#2788 = DIRECTION('',(0.,0.,-1.));
#2789 = PCURVE('',#2695,#2790);
#2790 = DEFINITIONAL_REPRESENTATION('',(#2791),#2795);
#2791 = LINE('',#2792,#2793);
#2792 = CARTESIAN_POINT('',(1.570796326795,0.));
#2793 = VECTOR('',#2794,1.);
#2794 = DIRECTION('',(0.,1.));
#2795 = ( GEOMETRIC_REPRESENTATION_CONTEXT(2) 
PARAMETRIC_REPRESENTATION_CONTEXT() REPRESENTATION_CONTEXT('2D SPACE',''
  ) );
#2796 = PCURVE('',#2797,#2802);
#2797 = PLANE('',#2798);
#2798 = AXIS2_PLACEMENT_3D('',#2799,#2800,#2801);
#2799 = CARTESIAN_POINT('',(-40.,84.031719958694,0.));
#2800 = DIRECTION('',(0.,1.,0.));
#2801 = DIRECTION('',(1.,0.,0.));
#2802 = DEFINITIONAL_REPRESENTATION('',(#2803),#2807);
#2803 = LINE('',#2804,#2805);
#2804 = CARTESIAN_POINT('',(44.,-8.));
#2805 = VECTOR('',#2806,1.);
#2806 = DIRECTION('',(0.,1.));
#2807 = ( GEOMETRIC_REPRESENTATION_CONTEXT(2) 
PARAMETRIC_REPRESENTATION_CONTEXT() REPRESENTATION_CONTEXT('2D SPACE',''
  ) );
#2808 = ORIENTED_EDGE('',*,*,#2809,.F.);
#2809 = EDGE_CURVE('',#2680,#2782,#2810,.T.);
#2810 = SURFACE_CURVE('',#2811,(#2816,#2823),.PCURVE_S1.);
#2811 = CIRCLE('',#2812,1.);
#2812 = AXIS2_PLACEMENT_3D('',#2813,#2814,#2815);
#2813 = CARTESIAN_POINT('',(4.,83.031719958694,0.));
#2814 = DIRECTION('',(0.,0.,-1.));
#2815 = DIRECTION('',(0.,1.,0.));
#2816 = PCURVE('',#2695,#2817);
#2817 = DEFINITIONAL_REPRESENTATION('',(#2818),#2822);
#2818 = LINE('',#2819,#2820);
#2819 = CARTESIAN_POINT('',(-4.712388980385,8.));
#2820 = VECTOR('',#2821,1.);
#2821 = DIRECTION('',(1.,0.));
#2822 = ( GEOMETRIC_REPRESENTATION_CONTEXT(2) 
PARAMETRIC_REPRESENTATION_CONTEXT() REPRESENTATION_CONTEXT('2D SPACE',''
  ) );
#2823 = PCURVE('',#324,#2824);
#2824 = DEFINITIONAL_REPRESENTATION('',(#2825),#2829);
#2825 = CIRCLE('',#2826,1.);
#2826 = AXIS2_PLACEMENT_2D('',#2827,#2828);
#2827 = CARTESIAN_POINT('',(7.,-37.));
#2828 = DIRECTION('',(-1.,-0.));
#2829 = ( GEOMETRIC_REPRESENTATION_CONTEXT(2) 
PARAMETRIC_REPRESENTATION_CONTEXT() REPRESENTATION_CONTEXT('2D SPACE',''
  ) );
#2830 = ORIENTED_EDGE('',*,*,#2679,.F.);
#2831 = ADVANCED_FACE('',(#2832),#2797,.F.);
#2832 = FACE_BOUND('',#2833,.F.);
#2833 = EDGE_LOOP('',(#2834,#2857,#2858,#2881));
#2834 = ORIENTED_EDGE('',*,*,#2835,.F.);
#2835 = EDGE_CURVE('',#2782,#2836,#2838,.T.);
#2836 = VERTEX_POINT('',#2837);
#2837 = CARTESIAN_POINT('',(26.,84.031719958694,0.));
#2838 = SURFACE_CURVE('',#2839,(#2843,#2850),.PCURVE_S1.);
#2839 = LINE('',#2840,#2841);
#2840 = CARTESIAN_POINT('',(-40.,84.031719958694,0.));
#2841 = VECTOR('',#2842,1.);
#2842 = DIRECTION('',(1.,0.,0.));
#2843 = PCURVE('',#2797,#2844);
#2844 = DEFINITIONAL_REPRESENTATION('',(#2845),#2849);
#2845 = LINE('',#2846,#2847);
#2846 = CARTESIAN_POINT('',(0.,0.));
#2847 = VECTOR('',#2848,1.);
#2848 = DIRECTION('',(1.,0.));
#2849 = ( GEOMETRIC_REPRESENTATION_CONTEXT(2) 
PARAMETRIC_REPRESENTATION_CONTEXT() REPRESENTATION_CONTEXT('2D SPACE',''
  ) );
#2850 = PCURVE('',#324,#2851);
#2851 = DEFINITIONAL_REPRESENTATION('',(#2852),#2856);
#2852 = LINE('',#2853,#2854);
#2853 = CARTESIAN_POINT('',(6.,7.));
#2854 = VECTOR('',#2855,1.);
#2855 = DIRECTION('',(0.,-1.));
#2856 = ( GEOMETRIC_REPRESENTATION_CONTEXT(2) 
PARAMETRIC_REPRESENTATION_CONTEXT() REPRESENTATION_CONTEXT('2D SPACE',''
  ) );
#2857 = ORIENTED_EDGE('',*,*,#2781,.F.);
#2858 = ORIENTED_EDGE('',*,*,#2859,.T.);
#2859 = EDGE_CURVE('',#2754,#2860,#2862,.T.);
#2860 = VERTEX_POINT('',#2861);
#2861 = CARTESIAN_POINT('',(26.,84.031719958694,8.));
#2862 = SURFACE_CURVE('',#2863,(#2867,#2874),.PCURVE_S1.);
#2863 = LINE('',#2864,#2865);
#2864 = CARTESIAN_POINT('',(-40.,84.031719958694,8.));
#2865 = VECTOR('',#2866,1.);
#2866 = DIRECTION('',(1.,0.,0.));
#2867 = PCURVE('',#2797,#2868);
#2868 = DEFINITIONAL_REPRESENTATION('',(#2869),#2873);
#2869 = LINE('',#2870,#2871);
#2870 = CARTESIAN_POINT('',(0.,-8.));
#2871 = VECTOR('',#2872,1.);
#2872 = DIRECTION('',(1.,0.));
#2873 = ( GEOMETRIC_REPRESENTATION_CONTEXT(2) 
PARAMETRIC_REPRESENTATION_CONTEXT() REPRESENTATION_CONTEXT('2D SPACE',''
  ) );
#2874 = PCURVE('',#1811,#2875);
#2875 = DEFINITIONAL_REPRESENTATION('',(#2876),#2880);
#2876 = LINE('',#2877,#2878);
#2877 = CARTESIAN_POINT('',(-40.,-3.));
#2878 = VECTOR('',#2879,1.);
#2879 = DIRECTION('',(1.,0.));
#2880 = ( GEOMETRIC_REPRESENTATION_CONTEXT(2) 
PARAMETRIC_REPRESENTATION_CONTEXT() REPRESENTATION_CONTEXT('2D SPACE',''
  ) );
#2881 = ORIENTED_EDGE('',*,*,#2882,.T.);
#2882 = EDGE_CURVE('',#2860,#2836,#2883,.T.);
#2883 = SURFACE_CURVE('',#2884,(#2888,#2895),.PCURVE_S1.);
#2884 = LINE('',#2885,#2886);
#2885 = CARTESIAN_POINT('',(26.,84.031719958694,8.));
#2886 = VECTOR('',#2887,1.);
#2887 = DIRECTION('',(0.,0.,-1.));
#2888 = PCURVE('',#2797,#2889);
#2889 = DEFINITIONAL_REPRESENTATION('',(#2890),#2894);
#2890 = LINE('',#2891,#2892);
#2891 = CARTESIAN_POINT('',(66.,-8.));
#2892 = VECTOR('',#2893,1.);
#2893 = DIRECTION('',(0.,1.));
#2894 = ( GEOMETRIC_REPRESENTATION_CONTEXT(2) 
PARAMETRIC_REPRESENTATION_CONTEXT() REPRESENTATION_CONTEXT('2D SPACE',''
  ) );
#2895 = PCURVE('',#2276,#2896);
#2896 = DEFINITIONAL_REPRESENTATION('',(#2897),#2901);
#2897 = LINE('',#2898,#2899);
#2898 = CARTESIAN_POINT('',(0.,0.));
#2899 = VECTOR('',#2900,1.);
#2900 = DIRECTION('',(0.,1.));
#2901 = ( GEOMETRIC_REPRESENTATION_CONTEXT(2) 
PARAMETRIC_REPRESENTATION_CONTEXT() REPRESENTATION_CONTEXT('2D SPACE',''
  ) );
#2902 = ADVANCED_FACE('',(#2903),#2598,.T.);
#2903 = FACE_BOUND('',#2904,.T.);
#2904 = EDGE_LOOP('',(#2905,#2929,#2930,#2957));
#2905 = ORIENTED_EDGE('',*,*,#2906,.T.);
#2906 = EDGE_CURVE('',#2907,#2581,#2909,.T.);
#2907 = VERTEX_POINT('',#2908);
#2908 = CARTESIAN_POINT('',(2.,5.416617575771,3.4));
#2909 = SURFACE_CURVE('',#2910,(#2915,#2922),.PCURVE_S1.);
#2910 = CIRCLE('',#2911,1.);
#2911 = AXIS2_PLACEMENT_3D('',#2912,#2913,#2914);
#2912 = CARTESIAN_POINT('',(2.,6.416617575771,3.4));
#2913 = DIRECTION('',(0.,0.,1.));
#2914 = DIRECTION('',(0.,-1.,0.));
#2915 = PCURVE('',#2598,#2916);
#2916 = DEFINITIONAL_REPRESENTATION('',(#2917),#2921);
#2917 = LINE('',#2918,#2919);
#2918 = CARTESIAN_POINT('',(0.,0.));
#2919 = VECTOR('',#2920,1.);
#2920 = DIRECTION('',(1.,0.));
#2921 = ( GEOMETRIC_REPRESENTATION_CONTEXT(2) 
PARAMETRIC_REPRESENTATION_CONTEXT() REPRESENTATION_CONTEXT('2D SPACE',''
  ) );
#2922 = PCURVE('',#156,#2923);
#2923 = DEFINITIONAL_REPRESENTATION('',(#2924),#2928);
#2924 = CIRCLE('',#2925,1.);
#2925 = AXIS2_PLACEMENT_2D('',#2926,#2927);
#2926 = CARTESIAN_POINT('',(2.,0.708308787886));
#2927 = DIRECTION('',(0.,-1.));
#2928 = ( GEOMETRIC_REPRESENTATION_CONTEXT(2) 
PARAMETRIC_REPRESENTATION_CONTEXT() REPRESENTATION_CONTEXT('2D SPACE',''
  ) );
#2929 = ORIENTED_EDGE('',*,*,#2580,.T.);
#2930 = ORIENTED_EDGE('',*,*,#2931,.F.);
#2931 = EDGE_CURVE('',#2932,#2583,#2934,.T.);
#2932 = VERTEX_POINT('',#2933);
#2933 = CARTESIAN_POINT('',(2.,5.416617575771,4.));
#2934 = SURFACE_CURVE('',#2935,(#2940,#2950),.PCURVE_S1.);
#2935 = ELLIPSE('',#2936,1.03527618041,1.);
#2936 = AXIS2_PLACEMENT_3D('',#2937,#2938,#2939);
#2937 = CARTESIAN_POINT('',(2.,6.416617575771,4.267949192431));
#2938 = DIRECTION('',(0.,-0.258819045103,0.965925826289));
#2939 = DIRECTION('',(0.,0.965925826289,0.258819045103));
#2940 = PCURVE('',#2598,#2941);
#2941 = DEFINITIONAL_REPRESENTATION('',(#2942),#2949);
#2942 = B_SPLINE_CURVE_WITH_KNOTS('',5,(#2943,#2944,#2945,#2946,#2947,
    #2948),.UNSPECIFIED.,.F.,.F.,(6,6),(3.14159265359,4.712388980385),
  .PIECEWISE_BEZIER_KNOTS.);
#2943 = CARTESIAN_POINT('',(1.110223024625E-16,0.6));
#2944 = CARTESIAN_POINT('',(0.314159265359,0.6));
#2945 = CARTESIAN_POINT('',(0.628316398964,0.632965270867));
#2946 = CARTESIAN_POINT('',(0.942478657896,0.699515923884));
#2947 = CARTESIAN_POINT('',(1.256637061436,0.783770470983));
#2948 = CARTESIAN_POINT('',(1.570796326795,0.867949192431));
#2949 = ( GEOMETRIC_REPRESENTATION_CONTEXT(2) 
PARAMETRIC_REPRESENTATION_CONTEXT() REPRESENTATION_CONTEXT('2D SPACE',''
  ) );
#2950 = PCURVE('',#1757,#2951);
#2951 = DEFINITIONAL_REPRESENTATION('',(#2952),#2956);
#2952 = ELLIPSE('',#2953,1.03527618041,1.);
#2953 = AXIS2_PLACEMENT_2D('',#2954,#2955);
#2954 = CARTESIAN_POINT('',(1.03527618041,-5.));
#2955 = DIRECTION('',(1.,0.));
#2956 = ( GEOMETRIC_REPRESENTATION_CONTEXT(2) 
PARAMETRIC_REPRESENTATION_CONTEXT() REPRESENTATION_CONTEXT('2D SPACE',''
  ) );
#2957 = ORIENTED_EDGE('',*,*,#2958,.F.);
#2958 = EDGE_CURVE('',#2907,#2932,#2959,.T.);
#2959 = SURFACE_CURVE('',#2960,(#2964,#2971),.PCURVE_S1.);
#2960 = LINE('',#2961,#2962);
#2961 = CARTESIAN_POINT('',(2.,5.416617575771,3.4));
#2962 = VECTOR('',#2963,1.);
#2963 = DIRECTION('',(0.,0.,1.));
#2964 = PCURVE('',#2598,#2965);
#2965 = DEFINITIONAL_REPRESENTATION('',(#2966),#2970);
#2966 = LINE('',#2967,#2968);
#2967 = CARTESIAN_POINT('',(0.,0.));
#2968 = VECTOR('',#2969,1.);
#2969 = DIRECTION('',(0.,1.));
#2970 = ( GEOMETRIC_REPRESENTATION_CONTEXT(2) 
PARAMETRIC_REPRESENTATION_CONTEXT() REPRESENTATION_CONTEXT('2D SPACE',''
  ) );
#2971 = PCURVE('',#2972,#2977);
#2972 = PLANE('',#2973);
#2973 = AXIS2_PLACEMENT_3D('',#2974,#2975,#2976);
#2974 = CARTESIAN_POINT('',(-3.,5.416617575771,0.));
#2975 = DIRECTION('',(0.,-1.,0.));
#2976 = DIRECTION('',(0.,0.,1.));
#2977 = DEFINITIONAL_REPRESENTATION('',(#2978),#2982);
#2978 = LINE('',#2979,#2980);
#2979 = CARTESIAN_POINT('',(3.4,-5.));
#2980 = VECTOR('',#2981,1.);
#2981 = DIRECTION('',(1.,0.));
#2982 = ( GEOMETRIC_REPRESENTATION_CONTEXT(2) 
PARAMETRIC_REPRESENTATION_CONTEXT() REPRESENTATION_CONTEXT('2D SPACE',''
  ) );
#2983 = ADVANCED_FACE('',(#2984),#2972,.T.);
#2984 = FACE_BOUND('',#2985,.T.);
#2985 = EDGE_LOOP('',(#2986,#3009,#3037,#3056));
#2986 = ORIENTED_EDGE('',*,*,#2987,.F.);
#2987 = EDGE_CURVE('',#2988,#2932,#2990,.T.);
#2988 = VERTEX_POINT('',#2989);
#2989 = CARTESIAN_POINT('',(-2.,5.416617575771,4.));
#2990 = SURFACE_CURVE('',#2991,(#2995,#3002),.PCURVE_S1.);
#2991 = LINE('',#2992,#2993);
#2992 = CARTESIAN_POINT('',(-3.,5.416617575771,4.));
#2993 = VECTOR('',#2994,1.);
#2994 = DIRECTION('',(1.,0.,0.));
#2995 = PCURVE('',#2972,#2996);
#2996 = DEFINITIONAL_REPRESENTATION('',(#2997),#3001);
#2997 = LINE('',#2998,#2999);
#2998 = CARTESIAN_POINT('',(4.,0.));
#2999 = VECTOR('',#3000,1.);
#3000 = DIRECTION('',(0.,-1.));
#3001 = ( GEOMETRIC_REPRESENTATION_CONTEXT(2) 
PARAMETRIC_REPRESENTATION_CONTEXT() REPRESENTATION_CONTEXT('2D SPACE',''
  ) );
#3002 = PCURVE('',#1757,#3003);
#3003 = DEFINITIONAL_REPRESENTATION('',(#3004),#3008);
#3004 = LINE('',#3005,#3006);
#3005 = CARTESIAN_POINT('',(0.,0.));
#3006 = VECTOR('',#3007,1.);
#3007 = DIRECTION('',(0.,-1.));
#3008 = ( GEOMETRIC_REPRESENTATION_CONTEXT(2) 
PARAMETRIC_REPRESENTATION_CONTEXT() REPRESENTATION_CONTEXT('2D SPACE',''
  ) );
#3009 = ORIENTED_EDGE('',*,*,#3010,.F.);
#3010 = EDGE_CURVE('',#3011,#2988,#3013,.T.);
#3011 = VERTEX_POINT('',#3012);
#3012 = CARTESIAN_POINT('',(-2.,5.416617575771,3.4));
#3013 = SURFACE_CURVE('',#3014,(#3018,#3025),.PCURVE_S1.);
#3014 = LINE('',#3015,#3016);
#3015 = CARTESIAN_POINT('',(-2.,5.416617575771,3.4));
#3016 = VECTOR('',#3017,1.);
#3017 = DIRECTION('',(0.,0.,1.));
#3018 = PCURVE('',#2972,#3019);
#3019 = DEFINITIONAL_REPRESENTATION('',(#3020),#3024);
#3020 = LINE('',#3021,#3022);
#3021 = CARTESIAN_POINT('',(3.4,-1.));
#3022 = VECTOR('',#3023,1.);
#3023 = DIRECTION('',(1.,0.));
#3024 = ( GEOMETRIC_REPRESENTATION_CONTEXT(2) 
PARAMETRIC_REPRESENTATION_CONTEXT() REPRESENTATION_CONTEXT('2D SPACE',''
  ) );
#3025 = PCURVE('',#3026,#3031);
#3026 = CYLINDRICAL_SURFACE('',#3027,1.);
#3027 = AXIS2_PLACEMENT_3D('',#3028,#3029,#3030);
#3028 = CARTESIAN_POINT('',(-2.,6.416617575771,3.4));
#3029 = DIRECTION('',(0.,0.,1.));
#3030 = DIRECTION('',(-1.,0.,0.));
#3031 = DEFINITIONAL_REPRESENTATION('',(#3032),#3036);
#3032 = LINE('',#3033,#3034);
#3033 = CARTESIAN_POINT('',(1.570796326795,0.));
#3034 = VECTOR('',#3035,1.);
#3035 = DIRECTION('',(0.,1.));
#3036 = ( GEOMETRIC_REPRESENTATION_CONTEXT(2) 
PARAMETRIC_REPRESENTATION_CONTEXT() REPRESENTATION_CONTEXT('2D SPACE',''
  ) );
#3037 = ORIENTED_EDGE('',*,*,#3038,.F.);
#3038 = EDGE_CURVE('',#2907,#3011,#3039,.T.);
#3039 = SURFACE_CURVE('',#3040,(#3044,#3050),.PCURVE_S1.);
#3040 = LINE('',#3041,#3042);
#3041 = CARTESIAN_POINT('',(-1.5,5.416617575771,3.4));
#3042 = VECTOR('',#3043,1.);
#3043 = DIRECTION('',(-1.,0.,0.));
#3044 = PCURVE('',#2972,#3045);
#3045 = DEFINITIONAL_REPRESENTATION('',(#3046),#3049);
#3046 = B_SPLINE_CURVE_WITH_KNOTS('',1,(#3047,#3048),.UNSPECIFIED.,.F.,
  .F.,(2,2),(-4.5,1.5),.PIECEWISE_BEZIER_KNOTS.);
#3047 = CARTESIAN_POINT('',(3.4,-6.));
#3048 = CARTESIAN_POINT('',(3.4,0.));
#3049 = ( GEOMETRIC_REPRESENTATION_CONTEXT(2) 
PARAMETRIC_REPRESENTATION_CONTEXT() REPRESENTATION_CONTEXT('2D SPACE',''
  ) );
#3050 = PCURVE('',#156,#3051);
#3051 = DEFINITIONAL_REPRESENTATION('',(#3052),#3055);
#3052 = B_SPLINE_CURVE_WITH_KNOTS('',1,(#3053,#3054),.UNSPECIFIED.,.F.,
  .F.,(2,2),(-4.5,1.5),.PIECEWISE_BEZIER_KNOTS.);
#3053 = CARTESIAN_POINT('',(3.,-0.291691212114));
#3054 = CARTESIAN_POINT('',(-3.,-0.291691212114));
#3055 = ( GEOMETRIC_REPRESENTATION_CONTEXT(2) 
PARAMETRIC_REPRESENTATION_CONTEXT() REPRESENTATION_CONTEXT('2D SPACE',''
  ) );
#3056 = ORIENTED_EDGE('',*,*,#2958,.T.);
#3057 = ADVANCED_FACE('',(#3058),#3026,.T.);
#3058 = FACE_BOUND('',#3059,.T.);
#3059 = EDGE_LOOP('',(#3060,#3084,#3085,#3112));
#3060 = ORIENTED_EDGE('',*,*,#3061,.T.);
#3061 = EDGE_CURVE('',#3062,#3011,#3064,.T.);
#3062 = VERTEX_POINT('',#3063);
#3063 = CARTESIAN_POINT('',(-3.,6.416617575771,3.4));
#3064 = SURFACE_CURVE('',#3065,(#3070,#3077),.PCURVE_S1.);
#3065 = CIRCLE('',#3066,1.);
#3066 = AXIS2_PLACEMENT_3D('',#3067,#3068,#3069);
#3067 = CARTESIAN_POINT('',(-2.,6.416617575771,3.4));
#3068 = DIRECTION('',(0.,0.,1.));
#3069 = DIRECTION('',(0.,-1.,0.));
#3070 = PCURVE('',#3026,#3071);
#3071 = DEFINITIONAL_REPRESENTATION('',(#3072),#3076);
#3072 = LINE('',#3073,#3074);
#3073 = CARTESIAN_POINT('',(-4.712388980385,0.));
#3074 = VECTOR('',#3075,1.);
#3075 = DIRECTION('',(1.,0.));
#3076 = ( GEOMETRIC_REPRESENTATION_CONTEXT(2) 
PARAMETRIC_REPRESENTATION_CONTEXT() REPRESENTATION_CONTEXT('2D SPACE',''
  ) );
#3077 = PCURVE('',#156,#3078);
#3078 = DEFINITIONAL_REPRESENTATION('',(#3079),#3083);
#3079 = CIRCLE('',#3080,1.);
#3080 = AXIS2_PLACEMENT_2D('',#3081,#3082);
#3081 = CARTESIAN_POINT('',(-2.,0.708308787886));
#3082 = DIRECTION('',(0.,-1.));
#3083 = ( GEOMETRIC_REPRESENTATION_CONTEXT(2) 
PARAMETRIC_REPRESENTATION_CONTEXT() REPRESENTATION_CONTEXT('2D SPACE',''
  ) );
#3084 = ORIENTED_EDGE('',*,*,#3010,.T.);
#3085 = ORIENTED_EDGE('',*,*,#3086,.F.);
#3086 = EDGE_CURVE('',#3087,#2988,#3089,.T.);
#3087 = VERTEX_POINT('',#3088);
#3088 = CARTESIAN_POINT('',(-3.,6.416617575771,4.267949192431));
#3089 = SURFACE_CURVE('',#3090,(#3095,#3105),.PCURVE_S1.);
#3090 = ELLIPSE('',#3091,1.03527618041,1.);
#3091 = AXIS2_PLACEMENT_3D('',#3092,#3093,#3094);
#3092 = CARTESIAN_POINT('',(-2.,6.416617575771,4.267949192431));
#3093 = DIRECTION('',(0.,-0.258819045103,0.965925826289));
#3094 = DIRECTION('',(0.,0.965925826289,0.258819045103));
#3095 = PCURVE('',#3026,#3096);
#3096 = DEFINITIONAL_REPRESENTATION('',(#3097),#3104);
#3097 = B_SPLINE_CURVE_WITH_KNOTS('',5,(#3098,#3099,#3100,#3101,#3102,
    #3103),.UNSPECIFIED.,.F.,.F.,(6,6),(1.570796326795,3.14159265359),
  .PIECEWISE_BEZIER_KNOTS.);
#3098 = CARTESIAN_POINT('',(1.110223024625E-16,0.867949192431));
#3099 = CARTESIAN_POINT('',(0.314159265359,0.783770470983));
#3100 = CARTESIAN_POINT('',(0.628317668899,0.699515923884));
#3101 = CARTESIAN_POINT('',(0.942479927831,0.632965270867));
#3102 = CARTESIAN_POINT('',(1.256637061436,0.6));
#3103 = CARTESIAN_POINT('',(1.570796326795,0.6));
#3104 = ( GEOMETRIC_REPRESENTATION_CONTEXT(2) 
PARAMETRIC_REPRESENTATION_CONTEXT() REPRESENTATION_CONTEXT('2D SPACE',''
  ) );
#3105 = PCURVE('',#1757,#3106);
#3106 = DEFINITIONAL_REPRESENTATION('',(#3107),#3111);
#3107 = ELLIPSE('',#3108,1.03527618041,1.);
#3108 = AXIS2_PLACEMENT_2D('',#3109,#3110);
#3109 = CARTESIAN_POINT('',(1.03527618041,-1.));
#3110 = DIRECTION('',(1.,0.));
#3111 = ( GEOMETRIC_REPRESENTATION_CONTEXT(2) 
PARAMETRIC_REPRESENTATION_CONTEXT() REPRESENTATION_CONTEXT('2D SPACE',''
  ) );
#3112 = ORIENTED_EDGE('',*,*,#3113,.F.);
#3113 = EDGE_CURVE('',#3062,#3087,#3114,.T.);
#3114 = SURFACE_CURVE('',#3115,(#3119,#3126),.PCURVE_S1.);
#3115 = LINE('',#3116,#3117);
#3116 = CARTESIAN_POINT('',(-3.,6.416617575771,3.4));
#3117 = VECTOR('',#3118,1.);
#3118 = DIRECTION('',(0.,0.,1.));
#3119 = PCURVE('',#3026,#3120);
#3120 = DEFINITIONAL_REPRESENTATION('',(#3121),#3125);
#3121 = LINE('',#3122,#3123);
#3122 = CARTESIAN_POINT('',(0.,0.));
#3123 = VECTOR('',#3124,1.);
#3124 = DIRECTION('',(0.,1.));
#3125 = ( GEOMETRIC_REPRESENTATION_CONTEXT(2) 
PARAMETRIC_REPRESENTATION_CONTEXT() REPRESENTATION_CONTEXT('2D SPACE',''
  ) );
#3126 = PCURVE('',#3127,#3132);
#3127 = PLANE('',#3128);
#3128 = AXIS2_PLACEMENT_3D('',#3129,#3130,#3131);
#3129 = CARTESIAN_POINT('',(-3.,52.452007038957,8.414361492015));
#3130 = DIRECTION('',(-1.,-0.,-0.));
#3131 = DIRECTION('',(0.,0.,-1.));
#3132 = DEFINITIONAL_REPRESENTATION('',(#3133),#3137);
#3133 = LINE('',#3134,#3135);
#3134 = CARTESIAN_POINT('',(5.014361492015,46.035389463186));
#3135 = VECTOR('',#3136,1.);
#3136 = DIRECTION('',(-1.,0.));
#3137 = ( GEOMETRIC_REPRESENTATION_CONTEXT(2) 
PARAMETRIC_REPRESENTATION_CONTEXT() REPRESENTATION_CONTEXT('2D SPACE',''
  ) );
#3138 = ADVANCED_FACE('',(#3139),#3127,.T.);
#3139 = FACE_BOUND('',#3140,.T.);
#3140 = EDGE_LOOP('',(#3141,#3164,#3165,#3188,#3211,#3234,#3262,#3285));
#3141 = ORIENTED_EDGE('',*,*,#3142,.F.);
#3142 = EDGE_CURVE('',#3062,#3143,#3145,.T.);
#3143 = VERTEX_POINT('',#3144);
#3144 = CARTESIAN_POINT('',(-3.,12.416617575771,3.4));
#3145 = SURFACE_CURVE('',#3146,(#3150,#3157),.PCURVE_S1.);
#3146 = LINE('',#3147,#3148);
#3147 = CARTESIAN_POINT('',(-3.,6.416617575771,3.4));
#3148 = VECTOR('',#3149,1.);
#3149 = DIRECTION('',(0.,1.,0.));
#3150 = PCURVE('',#3127,#3151);
#3151 = DEFINITIONAL_REPRESENTATION('',(#3152),#3156);
#3152 = LINE('',#3153,#3154);
#3153 = CARTESIAN_POINT('',(5.014361492015,46.035389463186));
#3154 = VECTOR('',#3155,1.);
#3155 = DIRECTION('',(0.,-1.));
#3156 = ( GEOMETRIC_REPRESENTATION_CONTEXT(2) 
PARAMETRIC_REPRESENTATION_CONTEXT() REPRESENTATION_CONTEXT('2D SPACE',''
  ) );
#3157 = PCURVE('',#156,#3158);
#3158 = DEFINITIONAL_REPRESENTATION('',(#3159),#3163);
#3159 = LINE('',#3160,#3161);
#3160 = CARTESIAN_POINT('',(-3.,0.708308787886));
#3161 = VECTOR('',#3162,1.);
#3162 = DIRECTION('',(0.,1.));
#3163 = ( GEOMETRIC_REPRESENTATION_CONTEXT(2) 
PARAMETRIC_REPRESENTATION_CONTEXT() REPRESENTATION_CONTEXT('2D SPACE',''
  ) );
#3164 = ORIENTED_EDGE('',*,*,#3113,.T.);
#3165 = ORIENTED_EDGE('',*,*,#3166,.T.);
#3166 = EDGE_CURVE('',#3087,#3167,#3169,.T.);
#3167 = VERTEX_POINT('',#3168);
#3168 = CARTESIAN_POINT('',(-3.,89.031719958694,26.40459915855));
#3169 = SURFACE_CURVE('',#3170,(#3174,#3181),.PCURVE_S1.);
#3170 = LINE('',#3171,#3172);
#3171 = CARTESIAN_POINT('',(-3.,5.416617575771,4.));
#3172 = VECTOR('',#3173,1.);
#3173 = DIRECTION('',(0.,0.965925826289,0.258819045103));
#3174 = PCURVE('',#3127,#3175);
#3175 = DEFINITIONAL_REPRESENTATION('',(#3176),#3180);
#3176 = LINE('',#3177,#3178);
#3177 = CARTESIAN_POINT('',(4.414361492015,47.035389463186));
#3178 = VECTOR('',#3179,1.);
#3179 = DIRECTION('',(-0.258819045103,-0.965925826289));
#3180 = ( GEOMETRIC_REPRESENTATION_CONTEXT(2) 
PARAMETRIC_REPRESENTATION_CONTEXT() REPRESENTATION_CONTEXT('2D SPACE',''
  ) );
#3181 = PCURVE('',#1757,#3182);
#3182 = DEFINITIONAL_REPRESENTATION('',(#3183),#3187);
#3183 = LINE('',#3184,#3185);
#3184 = CARTESIAN_POINT('',(0.,0.));
#3185 = VECTOR('',#3186,1.);
#3186 = DIRECTION('',(1.,0.));
#3187 = ( GEOMETRIC_REPRESENTATION_CONTEXT(2) 
PARAMETRIC_REPRESENTATION_CONTEXT() REPRESENTATION_CONTEXT('2D SPACE',''
  ) );
#3188 = ORIENTED_EDGE('',*,*,#3189,.T.);
#3189 = EDGE_CURVE('',#3167,#3190,#3192,.T.);
#3190 = VERTEX_POINT('',#3191);
#3191 = CARTESIAN_POINT('',(-3.,89.031719958694,8.));
#3192 = SURFACE_CURVE('',#3193,(#3197,#3204),.PCURVE_S1.);
#3193 = LINE('',#3194,#3195);
#3194 = CARTESIAN_POINT('',(-3.,89.031719958694,26.672548350981));
#3195 = VECTOR('',#3196,1.);
#3196 = DIRECTION('',(0.,0.,-1.));
#3197 = PCURVE('',#3127,#3198);
#3198 = DEFINITIONAL_REPRESENTATION('',(#3199),#3203);
#3199 = LINE('',#3200,#3201);
#3200 = CARTESIAN_POINT('',(-18.25818685896,-36.57971291973));
#3201 = VECTOR('',#3202,1.);
#3202 = DIRECTION('',(1.,0.));
#3203 = ( GEOMETRIC_REPRESENTATION_CONTEXT(2) 
PARAMETRIC_REPRESENTATION_CONTEXT() REPRESENTATION_CONTEXT('2D SPACE',''
  ) );
#3204 = PCURVE('',#1729,#3205);
#3205 = DEFINITIONAL_REPRESENTATION('',(#3206),#3210);
#3206 = LINE('',#3207,#3208);
#3207 = CARTESIAN_POINT('',(0.,0.));
#3208 = VECTOR('',#3209,1.);
#3209 = DIRECTION('',(0.,1.));
#3210 = ( GEOMETRIC_REPRESENTATION_CONTEXT(2) 
PARAMETRIC_REPRESENTATION_CONTEXT() REPRESENTATION_CONTEXT('2D SPACE',''
  ) );
#3211 = ORIENTED_EDGE('',*,*,#3212,.T.);
#3212 = EDGE_CURVE('',#3190,#3213,#3215,.T.);
#3213 = VERTEX_POINT('',#3214);
#3214 = CARTESIAN_POINT('',(-3.,83.031719958694,8.));
#3215 = SURFACE_CURVE('',#3216,(#3220,#3227),.PCURVE_S1.);
#3216 = LINE('',#3217,#3218);
#3217 = CARTESIAN_POINT('',(-3.,89.031719958694,8.));
#3218 = VECTOR('',#3219,1.);
#3219 = DIRECTION('',(0.,-1.,-5.921189464668E-16));
#3220 = PCURVE('',#3127,#3221);
#3221 = DEFINITIONAL_REPRESENTATION('',(#3222),#3226);
#3222 = LINE('',#3223,#3224);
#3223 = CARTESIAN_POINT('',(0.414361492015,-36.57971291973));
#3224 = VECTOR('',#3225,1.);
#3225 = DIRECTION('',(5.921189464668E-16,1.));
#3226 = ( GEOMETRIC_REPRESENTATION_CONTEXT(2) 
PARAMETRIC_REPRESENTATION_CONTEXT() REPRESENTATION_CONTEXT('2D SPACE',''
  ) );
#3227 = PCURVE('',#1701,#3228);
#3228 = DEFINITIONAL_REPRESENTATION('',(#3229),#3233);
#3229 = LINE('',#3230,#3231);
#3230 = CARTESIAN_POINT('',(-3.,2.));
#3231 = VECTOR('',#3232,1.);
#3232 = DIRECTION('',(0.,-1.));
#3233 = ( GEOMETRIC_REPRESENTATION_CONTEXT(2) 
PARAMETRIC_REPRESENTATION_CONTEXT() REPRESENTATION_CONTEXT('2D SPACE',''
  ) );
#3234 = ORIENTED_EDGE('',*,*,#3235,.T.);
#3235 = EDGE_CURVE('',#3213,#3236,#3238,.T.);
#3236 = VERTEX_POINT('',#3237);
#3237 = CARTESIAN_POINT('',(-3.,83.031719958694,0.));
#3238 = SURFACE_CURVE('',#3239,(#3243,#3250),.PCURVE_S1.);
#3239 = LINE('',#3240,#3241);
#3240 = CARTESIAN_POINT('',(-3.,83.031719958694,8.));
#3241 = VECTOR('',#3242,1.);
#3242 = DIRECTION('',(0.,0.,-1.));
#3243 = PCURVE('',#3127,#3244);
#3244 = DEFINITIONAL_REPRESENTATION('',(#3245),#3249);
#3245 = LINE('',#3246,#3247);
#3246 = CARTESIAN_POINT('',(0.414361492015,-30.57971291973));
#3247 = VECTOR('',#3248,1.);
#3248 = DIRECTION('',(1.,0.));
#3249 = ( GEOMETRIC_REPRESENTATION_CONTEXT(2) 
PARAMETRIC_REPRESENTATION_CONTEXT() REPRESENTATION_CONTEXT('2D SPACE',''
  ) );
#3250 = PCURVE('',#3251,#3256);
#3251 = CYLINDRICAL_SURFACE('',#3252,1.);
#3252 = AXIS2_PLACEMENT_3D('',#3253,#3254,#3255);
#3253 = CARTESIAN_POINT('',(-4.,83.031719958694,8.));
#3254 = DIRECTION('',(0.,0.,-1.));
#3255 = DIRECTION('',(0.,1.,0.));
#3256 = DEFINITIONAL_REPRESENTATION('',(#3257),#3261);
#3257 = LINE('',#3258,#3259);
#3258 = CARTESIAN_POINT('',(1.570796326795,0.));
#3259 = VECTOR('',#3260,1.);
#3260 = DIRECTION('',(0.,1.));
#3261 = ( GEOMETRIC_REPRESENTATION_CONTEXT(2) 
PARAMETRIC_REPRESENTATION_CONTEXT() REPRESENTATION_CONTEXT('2D SPACE',''
  ) );
#3262 = ORIENTED_EDGE('',*,*,#3263,.T.);
#3263 = EDGE_CURVE('',#3236,#3264,#3266,.T.);
#3264 = VERTEX_POINT('',#3265);
#3265 = CARTESIAN_POINT('',(-3.,12.416617575771,0.));
#3266 = SURFACE_CURVE('',#3267,(#3271,#3278),.PCURVE_S1.);
#3267 = LINE('',#3268,#3269);
#3268 = CARTESIAN_POINT('',(-3.,90.031719958694,0.));
#3269 = VECTOR('',#3270,1.);
#3270 = DIRECTION('',(0.,-1.,0.));
#3271 = PCURVE('',#3127,#3272);
#3272 = DEFINITIONAL_REPRESENTATION('',(#3273),#3277);
#3273 = LINE('',#3274,#3275);
#3274 = CARTESIAN_POINT('',(8.414361492015,-37.57971291973));
#3275 = VECTOR('',#3276,1.);
#3276 = DIRECTION('',(0.,1.));
#3277 = ( GEOMETRIC_REPRESENTATION_CONTEXT(2) 
PARAMETRIC_REPRESENTATION_CONTEXT() REPRESENTATION_CONTEXT('2D SPACE',''
  ) );
#3278 = PCURVE('',#324,#3279);
#3279 = DEFINITIONAL_REPRESENTATION('',(#3280),#3284);
#3280 = LINE('',#3281,#3282);
#3281 = CARTESIAN_POINT('',(0.,-30.));
#3282 = VECTOR('',#3283,1.);
#3283 = DIRECTION('',(1.,0.));
#3284 = ( GEOMETRIC_REPRESENTATION_CONTEXT(2) 
PARAMETRIC_REPRESENTATION_CONTEXT() REPRESENTATION_CONTEXT('2D SPACE',''
  ) );
#3285 = ORIENTED_EDGE('',*,*,#3286,.T.);
#3286 = EDGE_CURVE('',#3264,#3143,#3287,.T.);
#3287 = SURFACE_CURVE('',#3288,(#3292,#3299),.PCURVE_S1.);
#3288 = LINE('',#3289,#3290);
#3289 = CARTESIAN_POINT('',(-3.,12.416617575771,0.));
#3290 = VECTOR('',#3291,1.);
#3291 = DIRECTION('',(-0.,0.,1.));
#3292 = PCURVE('',#3127,#3293);
#3293 = DEFINITIONAL_REPRESENTATION('',(#3294),#3298);
#3294 = LINE('',#3295,#3296);
#3295 = CARTESIAN_POINT('',(8.414361492015,40.035389463186));
#3296 = VECTOR('',#3297,1.);
#3297 = DIRECTION('',(-1.,0.));
#3298 = ( GEOMETRIC_REPRESENTATION_CONTEXT(2) 
PARAMETRIC_REPRESENTATION_CONTEXT() REPRESENTATION_CONTEXT('2D SPACE',''
  ) );
#3299 = PCURVE('',#3300,#3305);
#3300 = CYLINDRICAL_SURFACE('',#3301,1.);
#3301 = AXIS2_PLACEMENT_3D('',#3302,#3303,#3304);
#3302 = CARTESIAN_POINT('',(-4.,12.416617575771,0.));
#3303 = DIRECTION('',(-0.,0.,1.));
#3304 = DIRECTION('',(0.,-1.,0.));
#3305 = DEFINITIONAL_REPRESENTATION('',(#3306),#3310);
#3306 = LINE('',#3307,#3308);
#3307 = CARTESIAN_POINT('',(1.570796326795,0.));
#3308 = VECTOR('',#3309,1.);
#3309 = DIRECTION('',(0.,1.));
#3310 = ( GEOMETRIC_REPRESENTATION_CONTEXT(2) 
PARAMETRIC_REPRESENTATION_CONTEXT() REPRESENTATION_CONTEXT('2D SPACE',''
  ) );
#3311 = ADVANCED_FACE('',(#3312),#3300,.F.);
#3312 = FACE_BOUND('',#3313,.F.);
#3313 = EDGE_LOOP('',(#3314,#3342,#3343,#3367));
#3314 = ORIENTED_EDGE('',*,*,#3315,.T.);
#3315 = EDGE_CURVE('',#3316,#3264,#3318,.T.);
#3316 = VERTEX_POINT('',#3317);
#3317 = CARTESIAN_POINT('',(-4.,11.416617575771,0.));
#3318 = SURFACE_CURVE('',#3319,(#3324,#3331),.PCURVE_S1.);
#3319 = CIRCLE('',#3320,1.);
#3320 = AXIS2_PLACEMENT_3D('',#3321,#3322,#3323);
#3321 = CARTESIAN_POINT('',(-4.,12.416617575771,0.));
#3322 = DIRECTION('',(-0.,0.,1.));
#3323 = DIRECTION('',(0.,-1.,0.));
#3324 = PCURVE('',#3300,#3325);
#3325 = DEFINITIONAL_REPRESENTATION('',(#3326),#3330);
#3326 = LINE('',#3327,#3328);
#3327 = CARTESIAN_POINT('',(0.,0.));
#3328 = VECTOR('',#3329,1.);
#3329 = DIRECTION('',(1.,0.));
#3330 = ( GEOMETRIC_REPRESENTATION_CONTEXT(2) 
PARAMETRIC_REPRESENTATION_CONTEXT() REPRESENTATION_CONTEXT('2D SPACE',''
  ) );
#3331 = PCURVE('',#324,#3332);
#3332 = DEFINITIONAL_REPRESENTATION('',(#3333),#3341);
#3333 = ( BOUNDED_CURVE() B_SPLINE_CURVE(2,(#3334,#3335,#3336,#3337,
#3338,#3339,#3340),.UNSPECIFIED.,.T.,.F.) B_SPLINE_CURVE_WITH_KNOTS((1,2
    ,2,2,2,1),(-2.094395102393,0.,2.094395102393,4.188790204786,
6.28318530718,8.377580409573),.UNSPECIFIED.) CURVE() 
GEOMETRIC_REPRESENTATION_ITEM() RATIONAL_B_SPLINE_CURVE((1.,0.5,1.,0.5,
1.,0.5,1.)) REPRESENTATION_ITEM('') );
#3334 = CARTESIAN_POINT('',(78.615102382922,-29.));
#3335 = CARTESIAN_POINT('',(78.615102382922,-30.73205080756));
#3336 = CARTESIAN_POINT('',(77.115102382922,-29.86602540378));
#3337 = CARTESIAN_POINT('',(75.615102382922,-29.));
#3338 = CARTESIAN_POINT('',(77.115102382922,-28.13397459621));
#3339 = CARTESIAN_POINT('',(78.615102382922,-27.26794919243));
#3340 = CARTESIAN_POINT('',(78.615102382922,-29.));
#3341 = ( GEOMETRIC_REPRESENTATION_CONTEXT(2) 
PARAMETRIC_REPRESENTATION_CONTEXT() REPRESENTATION_CONTEXT('2D SPACE',''
  ) );
#3342 = ORIENTED_EDGE('',*,*,#3286,.T.);
#3343 = ORIENTED_EDGE('',*,*,#3344,.F.);
#3344 = EDGE_CURVE('',#3345,#3143,#3347,.T.);
#3345 = VERTEX_POINT('',#3346);
#3346 = CARTESIAN_POINT('',(-4.,11.416617575771,3.4));
#3347 = SURFACE_CURVE('',#3348,(#3353,#3360),.PCURVE_S1.);
#3348 = CIRCLE('',#3349,1.);
#3349 = AXIS2_PLACEMENT_3D('',#3350,#3351,#3352);
#3350 = CARTESIAN_POINT('',(-4.,12.416617575771,3.4));
#3351 = DIRECTION('',(-0.,0.,1.));
#3352 = DIRECTION('',(0.,-1.,0.));
#3353 = PCURVE('',#3300,#3354);
#3354 = DEFINITIONAL_REPRESENTATION('',(#3355),#3359);
#3355 = LINE('',#3356,#3357);
#3356 = CARTESIAN_POINT('',(0.,3.4));
#3357 = VECTOR('',#3358,1.);
#3358 = DIRECTION('',(1.,0.));
#3359 = ( GEOMETRIC_REPRESENTATION_CONTEXT(2) 
PARAMETRIC_REPRESENTATION_CONTEXT() REPRESENTATION_CONTEXT('2D SPACE',''
  ) );
#3360 = PCURVE('',#156,#3361);
#3361 = DEFINITIONAL_REPRESENTATION('',(#3362),#3366);
#3362 = CIRCLE('',#3363,1.);
#3363 = AXIS2_PLACEMENT_2D('',#3364,#3365);
#3364 = CARTESIAN_POINT('',(-4.,6.708308787886));
#3365 = DIRECTION('',(0.,-1.));
#3366 = ( GEOMETRIC_REPRESENTATION_CONTEXT(2) 
PARAMETRIC_REPRESENTATION_CONTEXT() REPRESENTATION_CONTEXT('2D SPACE',''
  ) );
#3367 = ORIENTED_EDGE('',*,*,#3368,.F.);
#3368 = EDGE_CURVE('',#3316,#3345,#3369,.T.);
#3369 = SURFACE_CURVE('',#3370,(#3374,#3381),.PCURVE_S1.);
#3370 = LINE('',#3371,#3372);
#3371 = CARTESIAN_POINT('',(-4.,11.416617575771,0.));
#3372 = VECTOR('',#3373,1.);
#3373 = DIRECTION('',(-0.,0.,1.));
#3374 = PCURVE('',#3300,#3375);
#3375 = DEFINITIONAL_REPRESENTATION('',(#3376),#3380);
#3376 = LINE('',#3377,#3378);
#3377 = CARTESIAN_POINT('',(0.,0.));
#3378 = VECTOR('',#3379,1.);
#3379 = DIRECTION('',(0.,1.));
#3380 = ( GEOMETRIC_REPRESENTATION_CONTEXT(2) 
PARAMETRIC_REPRESENTATION_CONTEXT() REPRESENTATION_CONTEXT('2D SPACE',''
  ) );
#3381 = PCURVE('',#3382,#3387);
#3382 = PLANE('',#3383);
#3383 = AXIS2_PLACEMENT_3D('',#3384,#3385,#3386);
#3384 = CARTESIAN_POINT('',(40.,11.416617575771,0.));
#3385 = DIRECTION('',(0.,-1.,0.));
#3386 = DIRECTION('',(-1.,0.,0.));
#3387 = DEFINITIONAL_REPRESENTATION('',(#3388),#3392);
#3388 = LINE('',#3389,#3390);
#3389 = CARTESIAN_POINT('',(44.,0.));
#3390 = VECTOR('',#3391,1.);
#3391 = DIRECTION('',(0.,-1.));
#3392 = ( GEOMETRIC_REPRESENTATION_CONTEXT(2) 
PARAMETRIC_REPRESENTATION_CONTEXT() REPRESENTATION_CONTEXT('2D SPACE',''
  ) );
#3393 = ADVANCED_FACE('',(#3394),#3382,.F.);
#3394 = FACE_BOUND('',#3395,.F.);
#3395 = EDGE_LOOP('',(#3396,#3419,#3420,#3443));
#3396 = ORIENTED_EDGE('',*,*,#3397,.F.);
#3397 = EDGE_CURVE('',#3316,#3398,#3400,.T.);
#3398 = VERTEX_POINT('',#3399);
#3399 = CARTESIAN_POINT('',(-26.,11.416617575771,0.));
#3400 = SURFACE_CURVE('',#3401,(#3405,#3412),.PCURVE_S1.);
#3401 = LINE('',#3402,#3403);
#3402 = CARTESIAN_POINT('',(40.,11.416617575771,0.));
#3403 = VECTOR('',#3404,1.);
#3404 = DIRECTION('',(-1.,0.,0.));
#3405 = PCURVE('',#3382,#3406);
#3406 = DEFINITIONAL_REPRESENTATION('',(#3407),#3411);
#3407 = LINE('',#3408,#3409);
#3408 = CARTESIAN_POINT('',(0.,-0.));
#3409 = VECTOR('',#3410,1.);
#3410 = DIRECTION('',(1.,0.));
#3411 = ( GEOMETRIC_REPRESENTATION_CONTEXT(2) 
PARAMETRIC_REPRESENTATION_CONTEXT() REPRESENTATION_CONTEXT('2D SPACE',''
  ) );
#3412 = PCURVE('',#324,#3413);
#3413 = DEFINITIONAL_REPRESENTATION('',(#3414),#3418);
#3414 = LINE('',#3415,#3416);
#3415 = CARTESIAN_POINT('',(78.615102382922,-73.));
#3416 = VECTOR('',#3417,1.);
#3417 = DIRECTION('',(0.,1.));
#3418 = ( GEOMETRIC_REPRESENTATION_CONTEXT(2) 
PARAMETRIC_REPRESENTATION_CONTEXT() REPRESENTATION_CONTEXT('2D SPACE',''
  ) );
#3419 = ORIENTED_EDGE('',*,*,#3368,.T.);
#3420 = ORIENTED_EDGE('',*,*,#3421,.T.);
#3421 = EDGE_CURVE('',#3345,#3422,#3424,.T.);
#3422 = VERTEX_POINT('',#3423);
#3423 = CARTESIAN_POINT('',(-26.,11.416617575771,3.4));
#3424 = SURFACE_CURVE('',#3425,(#3429,#3436),.PCURVE_S1.);
#3425 = LINE('',#3426,#3427);
#3426 = CARTESIAN_POINT('',(40.,11.416617575771,3.4));
#3427 = VECTOR('',#3428,1.);
#3428 = DIRECTION('',(-1.,0.,0.));
#3429 = PCURVE('',#3382,#3430);
#3430 = DEFINITIONAL_REPRESENTATION('',(#3431),#3435);
#3431 = LINE('',#3432,#3433);
#3432 = CARTESIAN_POINT('',(0.,-3.4));
#3433 = VECTOR('',#3434,1.);
#3434 = DIRECTION('',(1.,0.));
#3435 = ( GEOMETRIC_REPRESENTATION_CONTEXT(2) 
PARAMETRIC_REPRESENTATION_CONTEXT() REPRESENTATION_CONTEXT('2D SPACE',''
  ) );
#3436 = PCURVE('',#156,#3437);
#3437 = DEFINITIONAL_REPRESENTATION('',(#3438),#3442);
#3438 = LINE('',#3439,#3440);
#3439 = CARTESIAN_POINT('',(40.,5.708308787886));
#3440 = VECTOR('',#3441,1.);
#3441 = DIRECTION('',(-1.,0.));
#3442 = ( GEOMETRIC_REPRESENTATION_CONTEXT(2) 
PARAMETRIC_REPRESENTATION_CONTEXT() REPRESENTATION_CONTEXT('2D SPACE',''
  ) );
#3443 = ORIENTED_EDGE('',*,*,#3444,.F.);
#3444 = EDGE_CURVE('',#3398,#3422,#3445,.T.);
#3445 = SURFACE_CURVE('',#3446,(#3450,#3457),.PCURVE_S1.);
#3446 = LINE('',#3447,#3448);
#3447 = CARTESIAN_POINT('',(-26.,11.416617575771,0.));
#3448 = VECTOR('',#3449,1.);
#3449 = DIRECTION('',(-0.,0.,1.));
#3450 = PCURVE('',#3382,#3451);
#3451 = DEFINITIONAL_REPRESENTATION('',(#3452),#3456);
#3452 = LINE('',#3453,#3454);
#3453 = CARTESIAN_POINT('',(66.,0.));
#3454 = VECTOR('',#3455,1.);
#3455 = DIRECTION('',(0.,-1.));
#3456 = ( GEOMETRIC_REPRESENTATION_CONTEXT(2) 
PARAMETRIC_REPRESENTATION_CONTEXT() REPRESENTATION_CONTEXT('2D SPACE',''
  ) );
#3457 = PCURVE('',#3458,#3463);
#3458 = CYLINDRICAL_SURFACE('',#3459,1.);
#3459 = AXIS2_PLACEMENT_3D('',#3460,#3461,#3462);
#3460 = CARTESIAN_POINT('',(-26.,12.416617575771,0.));
#3461 = DIRECTION('',(-0.,0.,1.));
#3462 = DIRECTION('',(0.,-1.,0.));
#3463 = DEFINITIONAL_REPRESENTATION('',(#3464),#3468);
#3464 = LINE('',#3465,#3466);
#3465 = CARTESIAN_POINT('',(-0.,0.));
#3466 = VECTOR('',#3467,1.);
#3467 = DIRECTION('',(-0.,1.));
#3468 = ( GEOMETRIC_REPRESENTATION_CONTEXT(2) 
PARAMETRIC_REPRESENTATION_CONTEXT() REPRESENTATION_CONTEXT('2D SPACE',''
  ) );
#3469 = ADVANCED_FACE('',(#3470),#3458,.F.);
#3470 = FACE_BOUND('',#3471,.T.);
#3471 = EDGE_LOOP('',(#3472,#3496,#3524,#3550));
#3472 = ORIENTED_EDGE('',*,*,#3473,.T.);
#3473 = EDGE_CURVE('',#3398,#3474,#3476,.T.);
#3474 = VERTEX_POINT('',#3475);
#3475 = CARTESIAN_POINT('',(-27.,12.416617575771,0.));
#3476 = SURFACE_CURVE('',#3477,(#3482,#3489),.PCURVE_S1.);
#3477 = CIRCLE('',#3478,1.);
#3478 = AXIS2_PLACEMENT_3D('',#3479,#3480,#3481);
#3479 = CARTESIAN_POINT('',(-26.,12.416617575771,0.));
#3480 = DIRECTION('',(0.,-0.,-1.));
#3481 = DIRECTION('',(0.,-1.,0.));
#3482 = PCURVE('',#3458,#3483);
#3483 = DEFINITIONAL_REPRESENTATION('',(#3484),#3488);
#3484 = LINE('',#3485,#3486);
#3485 = CARTESIAN_POINT('',(-0.,0.));
#3486 = VECTOR('',#3487,1.);
#3487 = DIRECTION('',(-1.,0.));
#3488 = ( GEOMETRIC_REPRESENTATION_CONTEXT(2) 
PARAMETRIC_REPRESENTATION_CONTEXT() REPRESENTATION_CONTEXT('2D SPACE',''
  ) );
#3489 = PCURVE('',#324,#3490);
#3490 = DEFINITIONAL_REPRESENTATION('',(#3491),#3495);
#3491 = CIRCLE('',#3492,1.);
#3492 = AXIS2_PLACEMENT_2D('',#3493,#3494);
#3493 = CARTESIAN_POINT('',(77.615102382922,-7.));
#3494 = DIRECTION('',(1.,0.));
#3495 = ( GEOMETRIC_REPRESENTATION_CONTEXT(2) 
PARAMETRIC_REPRESENTATION_CONTEXT() REPRESENTATION_CONTEXT('2D SPACE',''
  ) );
#3496 = ORIENTED_EDGE('',*,*,#3497,.T.);
#3497 = EDGE_CURVE('',#3474,#3498,#3500,.T.);
#3498 = VERTEX_POINT('',#3499);
#3499 = CARTESIAN_POINT('',(-27.,12.416617575771,3.4));
#3500 = SURFACE_CURVE('',#3501,(#3505,#3512),.PCURVE_S1.);
#3501 = LINE('',#3502,#3503);
#3502 = CARTESIAN_POINT('',(-27.,12.416617575771,0.));
#3503 = VECTOR('',#3504,1.);
#3504 = DIRECTION('',(-0.,0.,1.));
#3505 = PCURVE('',#3458,#3506);
#3506 = DEFINITIONAL_REPRESENTATION('',(#3507),#3511);
#3507 = LINE('',#3508,#3509);
#3508 = CARTESIAN_POINT('',(-1.570796326795,0.));
#3509 = VECTOR('',#3510,1.);
#3510 = DIRECTION('',(-0.,1.));
#3511 = ( GEOMETRIC_REPRESENTATION_CONTEXT(2) 
PARAMETRIC_REPRESENTATION_CONTEXT() REPRESENTATION_CONTEXT('2D SPACE',''
  ) );
#3512 = PCURVE('',#3513,#3518);
#3513 = PLANE('',#3514);
#3514 = AXIS2_PLACEMENT_3D('',#3515,#3516,#3517);
#3515 = CARTESIAN_POINT('',(-27.,47.835643968029,8.141318886071));
#3516 = DIRECTION('',(-1.,-0.,-0.));
#3517 = DIRECTION('',(0.,0.,-1.));
#3518 = DEFINITIONAL_REPRESENTATION('',(#3519),#3523);
#3519 = LINE('',#3520,#3521);
#3520 = CARTESIAN_POINT('',(8.141318886071,35.419026392257));
#3521 = VECTOR('',#3522,1.);
#3522 = DIRECTION('',(-1.,0.));
#3523 = ( GEOMETRIC_REPRESENTATION_CONTEXT(2) 
PARAMETRIC_REPRESENTATION_CONTEXT() REPRESENTATION_CONTEXT('2D SPACE',''
  ) );
#3524 = ORIENTED_EDGE('',*,*,#3525,.F.);
#3525 = EDGE_CURVE('',#3422,#3498,#3526,.T.);
#3526 = SURFACE_CURVE('',#3527,(#3532,#3539),.PCURVE_S1.);
#3527 = CIRCLE('',#3528,1.);
#3528 = AXIS2_PLACEMENT_3D('',#3529,#3530,#3531);
#3529 = CARTESIAN_POINT('',(-26.,12.416617575771,3.4));
#3530 = DIRECTION('',(0.,-0.,-1.));
#3531 = DIRECTION('',(0.,-1.,0.));
#3532 = PCURVE('',#3458,#3533);
#3533 = DEFINITIONAL_REPRESENTATION('',(#3534),#3538);
#3534 = LINE('',#3535,#3536);
#3535 = CARTESIAN_POINT('',(-0.,3.4));
#3536 = VECTOR('',#3537,1.);
#3537 = DIRECTION('',(-1.,0.));
#3538 = ( GEOMETRIC_REPRESENTATION_CONTEXT(2) 
PARAMETRIC_REPRESENTATION_CONTEXT() REPRESENTATION_CONTEXT('2D SPACE',''
  ) );
#3539 = PCURVE('',#156,#3540);
#3540 = DEFINITIONAL_REPRESENTATION('',(#3541),#3549);
#3541 = ( BOUNDED_CURVE() B_SPLINE_CURVE(2,(#3542,#3543,#3544,#3545,
#3546,#3547,#3548),.UNSPECIFIED.,.T.,.F.) B_SPLINE_CURVE_WITH_KNOTS((1,2
    ,2,2,2,1),(-2.094395102393,0.,2.094395102393,4.188790204786,
6.28318530718,8.377580409573),.UNSPECIFIED.) CURVE() 
GEOMETRIC_REPRESENTATION_ITEM() RATIONAL_B_SPLINE_CURVE((1.,0.5,1.,0.5,
1.,0.5,1.)) REPRESENTATION_ITEM('') );
#3542 = CARTESIAN_POINT('',(-26.,5.708308787886));
#3543 = CARTESIAN_POINT('',(-27.73205080756,5.708308787886));
#3544 = CARTESIAN_POINT('',(-26.86602540378,7.208308787886));
#3545 = CARTESIAN_POINT('',(-26.,8.708308787886));
#3546 = CARTESIAN_POINT('',(-25.13397459621,7.208308787886));
#3547 = CARTESIAN_POINT('',(-24.26794919243,5.708308787886));
#3548 = CARTESIAN_POINT('',(-26.,5.708308787886));
#3549 = ( GEOMETRIC_REPRESENTATION_CONTEXT(2) 
PARAMETRIC_REPRESENTATION_CONTEXT() REPRESENTATION_CONTEXT('2D SPACE',''
  ) );
#3550 = ORIENTED_EDGE('',*,*,#3444,.F.);
#3551 = ADVANCED_FACE('',(#3552),#3513,.F.);
#3552 = FACE_BOUND('',#3553,.F.);
#3553 = EDGE_LOOP('',(#3554,#3577,#3600,#3623,#3651,#3679,#3707,#3730,
    #3753,#3781,#3802));
#3554 = ORIENTED_EDGE('',*,*,#3555,.T.);
#3555 = EDGE_CURVE('',#3498,#3556,#3558,.T.);
#3556 = VERTEX_POINT('',#3557);
#3557 = CARTESIAN_POINT('',(-27.,1.,3.4));
#3558 = SURFACE_CURVE('',#3559,(#3563,#3570),.PCURVE_S1.);
#3559 = LINE('',#3560,#3561);
#3560 = CARTESIAN_POINT('',(-27.,12.416617575771,3.4));
#3561 = VECTOR('',#3562,1.);
#3562 = DIRECTION('',(0.,-1.,0.));
#3563 = PCURVE('',#3513,#3564);
#3564 = DEFINITIONAL_REPRESENTATION('',(#3565),#3569);
#3565 = LINE('',#3566,#3567);
#3566 = CARTESIAN_POINT('',(4.741318886071,35.419026392257));
#3567 = VECTOR('',#3568,1.);
#3568 = DIRECTION('',(0.,1.));
#3569 = ( GEOMETRIC_REPRESENTATION_CONTEXT(2) 
PARAMETRIC_REPRESENTATION_CONTEXT() REPRESENTATION_CONTEXT('2D SPACE',''
  ) );
#3570 = PCURVE('',#156,#3571);
#3571 = DEFINITIONAL_REPRESENTATION('',(#3572),#3576);
#3572 = LINE('',#3573,#3574);
#3573 = CARTESIAN_POINT('',(-27.,6.708308787886));
#3574 = VECTOR('',#3575,1.);
#3575 = DIRECTION('',(0.,-1.));
#3576 = ( GEOMETRIC_REPRESENTATION_CONTEXT(2) 
PARAMETRIC_REPRESENTATION_CONTEXT() REPRESENTATION_CONTEXT('2D SPACE',''
  ) );
#3577 = ORIENTED_EDGE('',*,*,#3578,.T.);
#3578 = EDGE_CURVE('',#3556,#3579,#3581,.T.);
#3579 = VERTEX_POINT('',#3580);
#3580 = CARTESIAN_POINT('',(-27.,1.,9.028227969755));
#3581 = SURFACE_CURVE('',#3582,(#3586,#3593),.PCURVE_S1.);
#3582 = LINE('',#3583,#3584);
#3583 = CARTESIAN_POINT('',(-27.,1.,3.4));
#3584 = VECTOR('',#3585,1.);
#3585 = DIRECTION('',(0.,0.,1.));
#3586 = PCURVE('',#3513,#3587);
#3587 = DEFINITIONAL_REPRESENTATION('',(#3588),#3592);
#3588 = LINE('',#3589,#3590);
#3589 = CARTESIAN_POINT('',(4.741318886071,46.835643968029));
#3590 = VECTOR('',#3591,1.);
#3591 = DIRECTION('',(-1.,0.));
#3592 = ( GEOMETRIC_REPRESENTATION_CONTEXT(2) 
PARAMETRIC_REPRESENTATION_CONTEXT() REPRESENTATION_CONTEXT('2D SPACE',''
  ) );
#3593 = PCURVE('',#184,#3594);
#3594 = DEFINITIONAL_REPRESENTATION('',(#3595),#3599);
#3595 = LINE('',#3596,#3597);
#3596 = CARTESIAN_POINT('',(1.570796326795,0.));
#3597 = VECTOR('',#3598,1.);
#3598 = DIRECTION('',(0.,1.));
#3599 = ( GEOMETRIC_REPRESENTATION_CONTEXT(2) 
PARAMETRIC_REPRESENTATION_CONTEXT() REPRESENTATION_CONTEXT('2D SPACE',''
  ) );
#3600 = ORIENTED_EDGE('',*,*,#3601,.T.);
#3601 = EDGE_CURVE('',#3579,#3602,#3604,.T.);
#3602 = VERTEX_POINT('',#3603);
#3603 = CARTESIAN_POINT('',(-27.,3.863703305156,9.795554957734));
#3604 = SURFACE_CURVE('',#3605,(#3609,#3616),.PCURVE_S1.);
#3605 = LINE('',#3606,#3607);
#3606 = CARTESIAN_POINT('',(-27.,-4.440892098501E-16,8.760278777324));
#3607 = VECTOR('',#3608,1.);
#3608 = DIRECTION('',(0.,0.965925826289,0.258819045103));
#3609 = PCURVE('',#3513,#3610);
#3610 = DEFINITIONAL_REPRESENTATION('',(#3611),#3615);
#3611 = LINE('',#3612,#3613);
#3612 = CARTESIAN_POINT('',(-0.618959891254,47.835643968029));
#3613 = VECTOR('',#3614,1.);
#3614 = DIRECTION('',(-0.258819045103,-0.965925826289));
#3615 = ( GEOMETRIC_REPRESENTATION_CONTEXT(2) 
PARAMETRIC_REPRESENTATION_CONTEXT() REPRESENTATION_CONTEXT('2D SPACE',''
  ) );
#3616 = PCURVE('',#212,#3617);
#3617 = DEFINITIONAL_REPRESENTATION('',(#3618),#3622);
#3618 = LINE('',#3619,#3620);
#3619 = CARTESIAN_POINT('',(0.,-6.));
#3620 = VECTOR('',#3621,1.);
#3621 = DIRECTION('',(1.,0.));
#3622 = ( GEOMETRIC_REPRESENTATION_CONTEXT(2) 
PARAMETRIC_REPRESENTATION_CONTEXT() REPRESENTATION_CONTEXT('2D SPACE',''
  ) );
#3623 = ORIENTED_EDGE('',*,*,#3624,.T.);
#3624 = EDGE_CURVE('',#3602,#3625,#3627,.T.);
#3625 = VERTEX_POINT('',#3626);
#3626 = CARTESIAN_POINT('',(-27.,5.028389008118,5.448888739434));
#3627 = SURFACE_CURVE('',#3628,(#3632,#3639),.PCURVE_S1.);
#3628 = LINE('',#3629,#3630);
#3629 = CARTESIAN_POINT('',(-27.,3.863703305156,9.795554957734));
#3630 = VECTOR('',#3631,1.);
#3631 = DIRECTION('',(0.,0.258819045103,-0.965925826289));
#3632 = PCURVE('',#3513,#3633);
#3633 = DEFINITIONAL_REPRESENTATION('',(#3634),#3638);
#3634 = LINE('',#3635,#3636);
#3635 = CARTESIAN_POINT('',(-1.654236071664,43.971940662872));
#3636 = VECTOR('',#3637,1.);
#3637 = DIRECTION('',(0.965925826289,-0.258819045103));
#3638 = ( GEOMETRIC_REPRESENTATION_CONTEXT(2) 
PARAMETRIC_REPRESENTATION_CONTEXT() REPRESENTATION_CONTEXT('2D SPACE',''
  ) );
#3639 = PCURVE('',#3640,#3645);
#3640 = PLANE('',#3641);
#3641 = AXIS2_PLACEMENT_3D('',#3642,#3643,#3644);
#3642 = CARTESIAN_POINT('',(-33.,3.863703305156,9.795554957734));
#3643 = DIRECTION('',(-0.,0.965925826289,0.258819045103));
#3644 = DIRECTION('',(0.,0.258819045103,-0.965925826289));
#3645 = DEFINITIONAL_REPRESENTATION('',(#3646),#3650);
#3646 = LINE('',#3647,#3648);
#3647 = CARTESIAN_POINT('',(0.,-6.));
#3648 = VECTOR('',#3649,1.);
#3649 = DIRECTION('',(1.,0.));
#3650 = ( GEOMETRIC_REPRESENTATION_CONTEXT(2) 
PARAMETRIC_REPRESENTATION_CONTEXT() REPRESENTATION_CONTEXT('2D SPACE',''
  ) );
#3651 = ORIENTED_EDGE('',*,*,#3652,.F.);
#3652 = EDGE_CURVE('',#3653,#3625,#3655,.T.);
#3653 = VERTEX_POINT('',#3654);
#3654 = CARTESIAN_POINT('',(-27.,5.419205766222,3.990340741737));
#3655 = SURFACE_CURVE('',#3656,(#3660,#3667),.PCURVE_S1.);
#3656 = LINE('',#3657,#3658);
#3657 = CARTESIAN_POINT('',(-27.,5.419205766222,3.990340741737));
#3658 = VECTOR('',#3659,1.);
#3659 = DIRECTION('',(0.,-0.258819045103,0.965925826289));
#3660 = PCURVE('',#3513,#3661);
#3661 = DEFINITIONAL_REPRESENTATION('',(#3662),#3666);
#3662 = LINE('',#3663,#3664);
#3663 = CARTESIAN_POINT('',(4.150978144334,42.416438201806));
#3664 = VECTOR('',#3665,1.);
#3665 = DIRECTION('',(-0.965925826289,0.258819045103));
#3666 = ( GEOMETRIC_REPRESENTATION_CONTEXT(2) 
PARAMETRIC_REPRESENTATION_CONTEXT() REPRESENTATION_CONTEXT('2D SPACE',''
  ) );
#3667 = PCURVE('',#3668,#3673);
#3668 = PLANE('',#3669);
#3669 = AXIS2_PLACEMENT_3D('',#3670,#3671,#3672);
#3670 = CARTESIAN_POINT('',(-30.,5.201619875139,4.802382342269));
#3671 = DIRECTION('',(-0.,-0.965925826289,-0.258819045103));
#3672 = DIRECTION('',(0.,0.258819045103,-0.965925826289));
#3673 = DEFINITIONAL_REPRESENTATION('',(#3674),#3678);
#3674 = LINE('',#3675,#3676);
#3675 = CARTESIAN_POINT('',(0.840687326533,3.));
#3676 = VECTOR('',#3677,1.);
#3677 = DIRECTION('',(-1.,0.));
#3678 = ( GEOMETRIC_REPRESENTATION_CONTEXT(2) 
PARAMETRIC_REPRESENTATION_CONTEXT() REPRESENTATION_CONTEXT('2D SPACE',''
  ) );
#3679 = ORIENTED_EDGE('',*,*,#3680,.T.);
#3680 = EDGE_CURVE('',#3653,#3681,#3683,.T.);
#3681 = VERTEX_POINT('',#3682);
#3682 = CARTESIAN_POINT('',(-27.,89.031719958694,26.394246396746));
#3683 = SURFACE_CURVE('',#3684,(#3688,#3695),.PCURVE_S1.);
#3684 = LINE('',#3685,#3686);
#3685 = CARTESIAN_POINT('',(-27.,5.419205766222,3.990340741737));
#3686 = VECTOR('',#3687,1.);
#3687 = DIRECTION('',(0.,0.965925826289,0.258819045103));
#3688 = PCURVE('',#3513,#3689);
#3689 = DEFINITIONAL_REPRESENTATION('',(#3690),#3694);
#3690 = LINE('',#3691,#3692);
#3691 = CARTESIAN_POINT('',(4.150978144334,42.416438201806));
#3692 = VECTOR('',#3693,1.);
#3693 = DIRECTION('',(-0.258819045103,-0.965925826289));
#3694 = ( GEOMETRIC_REPRESENTATION_CONTEXT(2) 
PARAMETRIC_REPRESENTATION_CONTEXT() REPRESENTATION_CONTEXT('2D SPACE',''
  ) );
#3695 = PCURVE('',#3696,#3701);
#3696 = PLANE('',#3697);
#3697 = AXIS2_PLACEMENT_3D('',#3698,#3699,#3700);
#3698 = CARTESIAN_POINT('',(-27.,5.419205766222,3.990340741737));
#3699 = DIRECTION('',(0.83374531243,0.1429067322,-0.533335185313));
#3700 = DIRECTION('',(0.55214921353,-0.215789165622,0.805336129823));
#3701 = DEFINITIONAL_REPRESENTATION('',(#3702),#3706);
#3702 = LINE('',#3703,#3704);
#3703 = CARTESIAN_POINT('',(0.,0.));
#3704 = VECTOR('',#3705,1.);
#3705 = DIRECTION('',(-2.775557561563E-17,-1.));
#3706 = ( GEOMETRIC_REPRESENTATION_CONTEXT(2) 
PARAMETRIC_REPRESENTATION_CONTEXT() REPRESENTATION_CONTEXT('2D SPACE',''
  ) );
#3707 = ORIENTED_EDGE('',*,*,#3708,.T.);
#3708 = EDGE_CURVE('',#3681,#3709,#3711,.T.);
#3709 = VERTEX_POINT('',#3710);
#3710 = CARTESIAN_POINT('',(-27.,89.031719958694,8.));
#3711 = SURFACE_CURVE('',#3712,(#3716,#3723),.PCURVE_S1.);
#3712 = LINE('',#3713,#3714);
#3713 = CARTESIAN_POINT('',(-27.,89.031719958694,26.672548350981));
#3714 = VECTOR('',#3715,1.);
#3715 = DIRECTION('',(0.,0.,-1.));
#3716 = PCURVE('',#3513,#3717);
#3717 = DEFINITIONAL_REPRESENTATION('',(#3718),#3722);
#3718 = LINE('',#3719,#3720);
#3719 = CARTESIAN_POINT('',(-18.53122946491,-41.19607599066));
#3720 = VECTOR('',#3721,1.);
#3721 = DIRECTION('',(1.,0.));
#3722 = ( GEOMETRIC_REPRESENTATION_CONTEXT(2) 
PARAMETRIC_REPRESENTATION_CONTEXT() REPRESENTATION_CONTEXT('2D SPACE',''
  ) );
#3723 = PCURVE('',#1673,#3724);
#3724 = DEFINITIONAL_REPRESENTATION('',(#3725),#3729);
#3725 = LINE('',#3726,#3727);
#3726 = CARTESIAN_POINT('',(1.570796326795,0.));
#3727 = VECTOR('',#3728,1.);
#3728 = DIRECTION('',(0.,1.));
#3729 = ( GEOMETRIC_REPRESENTATION_CONTEXT(2) 
PARAMETRIC_REPRESENTATION_CONTEXT() REPRESENTATION_CONTEXT('2D SPACE',''
  ) );
#3730 = ORIENTED_EDGE('',*,*,#3731,.F.);
#3731 = EDGE_CURVE('',#3732,#3709,#3734,.T.);
#3732 = VERTEX_POINT('',#3733);
#3733 = CARTESIAN_POINT('',(-27.,83.031719958694,8.));
#3734 = SURFACE_CURVE('',#3735,(#3739,#3746),.PCURVE_S1.);
#3735 = LINE('',#3736,#3737);
#3736 = CARTESIAN_POINT('',(-27.,83.031719958694,8.));
#3737 = VECTOR('',#3738,1.);
#3738 = DIRECTION('',(0.,1.,5.921189464668E-16));
#3739 = PCURVE('',#3513,#3740);
#3740 = DEFINITIONAL_REPRESENTATION('',(#3741),#3745);
#3741 = LINE('',#3742,#3743);
#3742 = CARTESIAN_POINT('',(0.141318886071,-35.19607599066));
#3743 = VECTOR('',#3744,1.);
#3744 = DIRECTION('',(-5.921189464668E-16,-1.));
#3745 = ( GEOMETRIC_REPRESENTATION_CONTEXT(2) 
PARAMETRIC_REPRESENTATION_CONTEXT() REPRESENTATION_CONTEXT('2D SPACE',''
  ) );
#3746 = PCURVE('',#1701,#3747);
#3747 = DEFINITIONAL_REPRESENTATION('',(#3748),#3752);
#3748 = LINE('',#3749,#3750);
#3749 = CARTESIAN_POINT('',(-27.,-4.));
#3750 = VECTOR('',#3751,1.);
#3751 = DIRECTION('',(0.,1.));
#3752 = ( GEOMETRIC_REPRESENTATION_CONTEXT(2) 
PARAMETRIC_REPRESENTATION_CONTEXT() REPRESENTATION_CONTEXT('2D SPACE',''
  ) );
#3753 = ORIENTED_EDGE('',*,*,#3754,.T.);
#3754 = EDGE_CURVE('',#3732,#3755,#3757,.T.);
#3755 = VERTEX_POINT('',#3756);
#3756 = CARTESIAN_POINT('',(-27.,83.031719958694,0.));
#3757 = SURFACE_CURVE('',#3758,(#3762,#3769),.PCURVE_S1.);
#3758 = LINE('',#3759,#3760);
#3759 = CARTESIAN_POINT('',(-27.,83.031719958694,8.));
#3760 = VECTOR('',#3761,1.);
#3761 = DIRECTION('',(0.,0.,-1.));
#3762 = PCURVE('',#3513,#3763);
#3763 = DEFINITIONAL_REPRESENTATION('',(#3764),#3768);
#3764 = LINE('',#3765,#3766);
#3765 = CARTESIAN_POINT('',(0.141318886071,-35.19607599066));
#3766 = VECTOR('',#3767,1.);
#3767 = DIRECTION('',(1.,0.));
#3768 = ( GEOMETRIC_REPRESENTATION_CONTEXT(2) 
PARAMETRIC_REPRESENTATION_CONTEXT() REPRESENTATION_CONTEXT('2D SPACE',''
  ) );
#3769 = PCURVE('',#3770,#3775);
#3770 = CYLINDRICAL_SURFACE('',#3771,1.);
#3771 = AXIS2_PLACEMENT_3D('',#3772,#3773,#3774);
#3772 = CARTESIAN_POINT('',(-26.,83.031719958694,8.));
#3773 = DIRECTION('',(0.,0.,-1.));
#3774 = DIRECTION('',(0.,1.,0.));
#3775 = DEFINITIONAL_REPRESENTATION('',(#3776),#3780);
#3776 = LINE('',#3777,#3778);
#3777 = CARTESIAN_POINT('',(-1.570796326795,0.));
#3778 = VECTOR('',#3779,1.);
#3779 = DIRECTION('',(-0.,1.));
#3780 = ( GEOMETRIC_REPRESENTATION_CONTEXT(2) 
PARAMETRIC_REPRESENTATION_CONTEXT() REPRESENTATION_CONTEXT('2D SPACE',''
  ) );
#3781 = ORIENTED_EDGE('',*,*,#3782,.T.);
#3782 = EDGE_CURVE('',#3755,#3474,#3783,.T.);
#3783 = SURFACE_CURVE('',#3784,(#3788,#3795),.PCURVE_S1.);
#3784 = LINE('',#3785,#3786);
#3785 = CARTESIAN_POINT('',(-27.,90.031719958694,0.));
#3786 = VECTOR('',#3787,1.);
#3787 = DIRECTION('',(0.,-1.,0.));
#3788 = PCURVE('',#3513,#3789);
#3789 = DEFINITIONAL_REPRESENTATION('',(#3790),#3794);
#3790 = LINE('',#3791,#3792);
#3791 = CARTESIAN_POINT('',(8.141318886071,-42.19607599066));
#3792 = VECTOR('',#3793,1.);
#3793 = DIRECTION('',(0.,1.));
#3794 = ( GEOMETRIC_REPRESENTATION_CONTEXT(2) 
PARAMETRIC_REPRESENTATION_CONTEXT() REPRESENTATION_CONTEXT('2D SPACE',''
  ) );
#3795 = PCURVE('',#324,#3796);
#3796 = DEFINITIONAL_REPRESENTATION('',(#3797),#3801);
#3797 = LINE('',#3798,#3799);
#3798 = CARTESIAN_POINT('',(0.,-6.));
#3799 = VECTOR('',#3800,1.);
#3800 = DIRECTION('',(1.,0.));
#3801 = ( GEOMETRIC_REPRESENTATION_CONTEXT(2) 
PARAMETRIC_REPRESENTATION_CONTEXT() REPRESENTATION_CONTEXT('2D SPACE',''
  ) );
#3802 = ORIENTED_EDGE('',*,*,#3497,.T.);
#3803 = ADVANCED_FACE('',(#3804),#3770,.F.);
#3804 = FACE_BOUND('',#3805,.T.);
#3805 = EDGE_LOOP('',(#3806,#3830,#3831,#3859));
#3806 = ORIENTED_EDGE('',*,*,#3807,.T.);
#3807 = EDGE_CURVE('',#3808,#3732,#3810,.T.);
#3808 = VERTEX_POINT('',#3809);
#3809 = CARTESIAN_POINT('',(-26.,84.031719958694,8.));
#3810 = SURFACE_CURVE('',#3811,(#3816,#3823),.PCURVE_S1.);
#3811 = CIRCLE('',#3812,1.);
#3812 = AXIS2_PLACEMENT_3D('',#3813,#3814,#3815);
#3813 = CARTESIAN_POINT('',(-26.,83.031719958694,8.));
#3814 = DIRECTION('',(0.,-0.,1.));
#3815 = DIRECTION('',(0.,1.,0.));
#3816 = PCURVE('',#3770,#3817);
#3817 = DEFINITIONAL_REPRESENTATION('',(#3818),#3822);
#3818 = LINE('',#3819,#3820);
#3819 = CARTESIAN_POINT('',(-0.,0.));
#3820 = VECTOR('',#3821,1.);
#3821 = DIRECTION('',(-1.,0.));
#3822 = ( GEOMETRIC_REPRESENTATION_CONTEXT(2) 
PARAMETRIC_REPRESENTATION_CONTEXT() REPRESENTATION_CONTEXT('2D SPACE',''
  ) );
#3823 = PCURVE('',#1701,#3824);
#3824 = DEFINITIONAL_REPRESENTATION('',(#3825),#3829);
#3825 = CIRCLE('',#3826,1.);
#3826 = AXIS2_PLACEMENT_2D('',#3827,#3828);
#3827 = CARTESIAN_POINT('',(-26.,-4.));
#3828 = DIRECTION('',(0.,1.));
#3829 = ( GEOMETRIC_REPRESENTATION_CONTEXT(2) 
PARAMETRIC_REPRESENTATION_CONTEXT() REPRESENTATION_CONTEXT('2D SPACE',''
  ) );
#3830 = ORIENTED_EDGE('',*,*,#3754,.T.);
#3831 = ORIENTED_EDGE('',*,*,#3832,.F.);
#3832 = EDGE_CURVE('',#3833,#3755,#3835,.T.);
#3833 = VERTEX_POINT('',#3834);
#3834 = CARTESIAN_POINT('',(-26.,84.031719958694,0.));
#3835 = SURFACE_CURVE('',#3836,(#3841,#3848),.PCURVE_S1.);
#3836 = CIRCLE('',#3837,1.);
#3837 = AXIS2_PLACEMENT_3D('',#3838,#3839,#3840);
#3838 = CARTESIAN_POINT('',(-26.,83.031719958694,0.));
#3839 = DIRECTION('',(0.,-0.,1.));
#3840 = DIRECTION('',(0.,1.,0.));
#3841 = PCURVE('',#3770,#3842);
#3842 = DEFINITIONAL_REPRESENTATION('',(#3843),#3847);
#3843 = LINE('',#3844,#3845);
#3844 = CARTESIAN_POINT('',(-0.,8.));
#3845 = VECTOR('',#3846,1.);
#3846 = DIRECTION('',(-1.,0.));
#3847 = ( GEOMETRIC_REPRESENTATION_CONTEXT(2) 
PARAMETRIC_REPRESENTATION_CONTEXT() REPRESENTATION_CONTEXT('2D SPACE',''
  ) );
#3848 = PCURVE('',#324,#3849);
#3849 = DEFINITIONAL_REPRESENTATION('',(#3850),#3858);
#3850 = ( BOUNDED_CURVE() B_SPLINE_CURVE(2,(#3851,#3852,#3853,#3854,
#3855,#3856,#3857),.UNSPECIFIED.,.T.,.F.) B_SPLINE_CURVE_WITH_KNOTS((1,2
    ,2,2,2,1),(-2.094395102393,0.,2.094395102393,4.188790204786,
6.28318530718,8.377580409573),.UNSPECIFIED.) CURVE() 
GEOMETRIC_REPRESENTATION_ITEM() RATIONAL_B_SPLINE_CURVE((1.,0.5,1.,0.5,
1.,0.5,1.)) REPRESENTATION_ITEM('') );
#3851 = CARTESIAN_POINT('',(6.,-7.));
#3852 = CARTESIAN_POINT('',(6.,-5.267949192431));
#3853 = CARTESIAN_POINT('',(7.5,-6.133974596216));
#3854 = CARTESIAN_POINT('',(9.,-7.));
#3855 = CARTESIAN_POINT('',(7.5,-7.866025403784));
#3856 = CARTESIAN_POINT('',(6.,-8.732050807569));
#3857 = CARTESIAN_POINT('',(6.,-7.));
#3858 = ( GEOMETRIC_REPRESENTATION_CONTEXT(2) 
PARAMETRIC_REPRESENTATION_CONTEXT() REPRESENTATION_CONTEXT('2D SPACE',''
  ) );
#3859 = ORIENTED_EDGE('',*,*,#3860,.F.);
#3860 = EDGE_CURVE('',#3808,#3833,#3861,.T.);
#3861 = SURFACE_CURVE('',#3862,(#3866,#3873),.PCURVE_S1.);
#3862 = LINE('',#3863,#3864);
#3863 = CARTESIAN_POINT('',(-26.,84.031719958694,8.));
#3864 = VECTOR('',#3865,1.);
#3865 = DIRECTION('',(0.,0.,-1.));
#3866 = PCURVE('',#3770,#3867);
#3867 = DEFINITIONAL_REPRESENTATION('',(#3868),#3872);
#3868 = LINE('',#3869,#3870);
#3869 = CARTESIAN_POINT('',(-0.,0.));
#3870 = VECTOR('',#3871,1.);
#3871 = DIRECTION('',(-0.,1.));
#3872 = ( GEOMETRIC_REPRESENTATION_CONTEXT(2) 
PARAMETRIC_REPRESENTATION_CONTEXT() REPRESENTATION_CONTEXT('2D SPACE',''
  ) );
#3873 = PCURVE('',#3874,#3879);
#3874 = PLANE('',#3875);
#3875 = AXIS2_PLACEMENT_3D('',#3876,#3877,#3878);
#3876 = CARTESIAN_POINT('',(-40.,84.031719958694,0.));
#3877 = DIRECTION('',(0.,1.,0.));
#3878 = DIRECTION('',(1.,0.,0.));
#3879 = DEFINITIONAL_REPRESENTATION('',(#3880),#3884);
#3880 = LINE('',#3881,#3882);
#3881 = CARTESIAN_POINT('',(14.,-8.));
#3882 = VECTOR('',#3883,1.);
#3883 = DIRECTION('',(0.,1.));
#3884 = ( GEOMETRIC_REPRESENTATION_CONTEXT(2) 
PARAMETRIC_REPRESENTATION_CONTEXT() REPRESENTATION_CONTEXT('2D SPACE',''
  ) );
#3885 = ADVANCED_FACE('',(#3886),#3874,.F.);
#3886 = FACE_BOUND('',#3887,.F.);
#3887 = EDGE_LOOP('',(#3888,#3911,#3912,#3935));
#3888 = ORIENTED_EDGE('',*,*,#3889,.F.);
#3889 = EDGE_CURVE('',#3833,#3890,#3892,.T.);
#3890 = VERTEX_POINT('',#3891);
#3891 = CARTESIAN_POINT('',(-4.,84.031719958694,0.));
#3892 = SURFACE_CURVE('',#3893,(#3897,#3904),.PCURVE_S1.);
#3893 = LINE('',#3894,#3895);
#3894 = CARTESIAN_POINT('',(-40.,84.031719958694,0.));
#3895 = VECTOR('',#3896,1.);
#3896 = DIRECTION('',(1.,0.,0.));
#3897 = PCURVE('',#3874,#3898);
#3898 = DEFINITIONAL_REPRESENTATION('',(#3899),#3903);
#3899 = LINE('',#3900,#3901);
#3900 = CARTESIAN_POINT('',(0.,0.));
#3901 = VECTOR('',#3902,1.);
#3902 = DIRECTION('',(1.,0.));
#3903 = ( GEOMETRIC_REPRESENTATION_CONTEXT(2) 
PARAMETRIC_REPRESENTATION_CONTEXT() REPRESENTATION_CONTEXT('2D SPACE',''
  ) );
#3904 = PCURVE('',#324,#3905);
#3905 = DEFINITIONAL_REPRESENTATION('',(#3906),#3910);
#3906 = LINE('',#3907,#3908);
#3907 = CARTESIAN_POINT('',(6.,7.));
#3908 = VECTOR('',#3909,1.);
#3909 = DIRECTION('',(0.,-1.));
#3910 = ( GEOMETRIC_REPRESENTATION_CONTEXT(2) 
PARAMETRIC_REPRESENTATION_CONTEXT() REPRESENTATION_CONTEXT('2D SPACE',''
  ) );
#3911 = ORIENTED_EDGE('',*,*,#3860,.F.);
#3912 = ORIENTED_EDGE('',*,*,#3913,.T.);
#3913 = EDGE_CURVE('',#3808,#3914,#3916,.T.);
#3914 = VERTEX_POINT('',#3915);
#3915 = CARTESIAN_POINT('',(-4.,84.031719958694,8.));
#3916 = SURFACE_CURVE('',#3917,(#3921,#3928),.PCURVE_S1.);
#3917 = LINE('',#3918,#3919);
#3918 = CARTESIAN_POINT('',(-40.,84.031719958694,8.));
#3919 = VECTOR('',#3920,1.);
#3920 = DIRECTION('',(1.,0.,0.));
#3921 = PCURVE('',#3874,#3922);
#3922 = DEFINITIONAL_REPRESENTATION('',(#3923),#3927);
#3923 = LINE('',#3924,#3925);
#3924 = CARTESIAN_POINT('',(0.,-8.));
#3925 = VECTOR('',#3926,1.);
#3926 = DIRECTION('',(1.,0.));
#3927 = ( GEOMETRIC_REPRESENTATION_CONTEXT(2) 
PARAMETRIC_REPRESENTATION_CONTEXT() REPRESENTATION_CONTEXT('2D SPACE',''
  ) );
#3928 = PCURVE('',#1701,#3929);
#3929 = DEFINITIONAL_REPRESENTATION('',(#3930),#3934);
#3930 = LINE('',#3931,#3932);
#3931 = CARTESIAN_POINT('',(-40.,-3.));
#3932 = VECTOR('',#3933,1.);
#3933 = DIRECTION('',(1.,0.));
#3934 = ( GEOMETRIC_REPRESENTATION_CONTEXT(2) 
PARAMETRIC_REPRESENTATION_CONTEXT() REPRESENTATION_CONTEXT('2D SPACE',''
  ) );
#3935 = ORIENTED_EDGE('',*,*,#3936,.T.);
#3936 = EDGE_CURVE('',#3914,#3890,#3937,.T.);
#3937 = SURFACE_CURVE('',#3938,(#3942,#3949),.PCURVE_S1.);
#3938 = LINE('',#3939,#3940);
#3939 = CARTESIAN_POINT('',(-4.,84.031719958694,8.));
#3940 = VECTOR('',#3941,1.);
#3941 = DIRECTION('',(0.,0.,-1.));
#3942 = PCURVE('',#3874,#3943);
#3943 = DEFINITIONAL_REPRESENTATION('',(#3944),#3948);
#3944 = LINE('',#3945,#3946);
#3945 = CARTESIAN_POINT('',(36.,-8.));
#3946 = VECTOR('',#3947,1.);
#3947 = DIRECTION('',(0.,1.));
#3948 = ( GEOMETRIC_REPRESENTATION_CONTEXT(2) 
PARAMETRIC_REPRESENTATION_CONTEXT() REPRESENTATION_CONTEXT('2D SPACE',''
  ) );
#3949 = PCURVE('',#3251,#3950);
#3950 = DEFINITIONAL_REPRESENTATION('',(#3951),#3955);
#3951 = LINE('',#3952,#3953);
#3952 = CARTESIAN_POINT('',(0.,0.));
#3953 = VECTOR('',#3954,1.);
#3954 = DIRECTION('',(0.,1.));
#3955 = ( GEOMETRIC_REPRESENTATION_CONTEXT(2) 
PARAMETRIC_REPRESENTATION_CONTEXT() REPRESENTATION_CONTEXT('2D SPACE',''
  ) );
#3956 = ADVANCED_FACE('',(#3957),#3696,.T.);
#3957 = FACE_BOUND('',#3958,.T.);
#3958 = EDGE_LOOP('',(#3959,#3960,#3983,#4011,#4039));
#3959 = ORIENTED_EDGE('',*,*,#3680,.T.);
#3960 = ORIENTED_EDGE('',*,*,#3961,.T.);
#3961 = EDGE_CURVE('',#3681,#3962,#3964,.T.);
#3962 = VERTEX_POINT('',#3963);
#3963 = CARTESIAN_POINT('',(-27.,90.034308149145,26.662889092718));
#3964 = SURFACE_CURVE('',#3965,(#3969,#3976),.PCURVE_S1.);
#3965 = LINE('',#3966,#3967);
#3966 = CARTESIAN_POINT('',(-27.,5.419205766222,3.990340741737));
#3967 = VECTOR('',#3968,1.);
#3968 = DIRECTION('',(0.,0.965925826289,0.258819045103));
#3969 = PCURVE('',#3696,#3970);
#3970 = DEFINITIONAL_REPRESENTATION('',(#3971),#3975);
#3971 = LINE('',#3972,#3973);
#3972 = CARTESIAN_POINT('',(0.,0.));
#3973 = VECTOR('',#3974,1.);
#3974 = DIRECTION('',(-2.775557561563E-17,-1.));
#3975 = ( GEOMETRIC_REPRESENTATION_CONTEXT(2) 
PARAMETRIC_REPRESENTATION_CONTEXT() REPRESENTATION_CONTEXT('2D SPACE',''
  ) );
#3976 = PCURVE('',#1646,#3977);
#3977 = DEFINITIONAL_REPRESENTATION('',(#3978),#3982);
#3978 = LINE('',#3979,#3980);
#3979 = CARTESIAN_POINT('',(6.,0.));
#3980 = VECTOR('',#3981,1.);
#3981 = DIRECTION('',(0.,-1.));
#3982 = ( GEOMETRIC_REPRESENTATION_CONTEXT(2) 
PARAMETRIC_REPRESENTATION_CONTEXT() REPRESENTATION_CONTEXT('2D SPACE',''
  ) );
#3983 = ORIENTED_EDGE('',*,*,#3984,.T.);
#3984 = EDGE_CURVE('',#3962,#3985,#3987,.T.);
#3985 = VERTEX_POINT('',#3986);
#3986 = CARTESIAN_POINT('',(-26.,89.64349139104,28.121437090414));
#3987 = SURFACE_CURVE('',#3988,(#3992,#3999),.PCURVE_S1.);
#3988 = LINE('',#3989,#3990);
#3989 = CARTESIAN_POINT('',(-27.,90.034308149145,26.662889092718));
#3990 = VECTOR('',#3991,1.);
#3991 = DIRECTION('',(0.55214921353,-0.215789165622,0.805336129823));
#3992 = PCURVE('',#3696,#3993);
#3993 = DEFINITIONAL_REPRESENTATION('',(#3994),#3998);
#3994 = LINE('',#3995,#3996);
#3995 = CARTESIAN_POINT('',(0.,-87.6));
#3996 = VECTOR('',#3997,1.);
#3997 = DIRECTION('',(1.,2.775557561563E-17));
#3998 = ( GEOMETRIC_REPRESENTATION_CONTEXT(2) 
PARAMETRIC_REPRESENTATION_CONTEXT() REPRESENTATION_CONTEXT('2D SPACE',''
  ) );
#3999 = PCURVE('',#4000,#4005);
#4000 = PLANE('',#4001);
#4001 = AXIS2_PLACEMENT_3D('',#4002,#4003,#4004);
#4002 = CARTESIAN_POINT('',(-30.,89.816722258062,27.47493069325));
#4003 = DIRECTION('',(-0.,-0.965925826289,-0.258819045103));
#4004 = DIRECTION('',(0.,0.258819045103,-0.965925826289));
#4005 = DEFINITIONAL_REPRESENTATION('',(#4006),#4010);
#4006 = LINE('',#4007,#4008);
#4007 = CARTESIAN_POINT('',(0.840687326533,3.));
#4008 = VECTOR('',#4009,1.);
#4009 = DIRECTION('',(-0.83374531243,0.55214921353));
#4010 = ( GEOMETRIC_REPRESENTATION_CONTEXT(2) 
PARAMETRIC_REPRESENTATION_CONTEXT() REPRESENTATION_CONTEXT('2D SPACE',''
  ) );
#4011 = ORIENTED_EDGE('',*,*,#4012,.F.);
#4012 = EDGE_CURVE('',#4013,#3985,#4015,.T.);
#4013 = VERTEX_POINT('',#4014);
#4014 = CARTESIAN_POINT('',(-26.,5.028389008118,5.448888739434));
#4015 = SURFACE_CURVE('',#4016,(#4020,#4027),.PCURVE_S1.);
#4016 = LINE('',#4017,#4018);
#4017 = CARTESIAN_POINT('',(-26.,5.028389008118,5.448888739434));
#4018 = VECTOR('',#4019,1.);
#4019 = DIRECTION('',(0.,0.965925826289,0.258819045103));
#4020 = PCURVE('',#3696,#4021);
#4021 = DEFINITIONAL_REPRESENTATION('',(#4022),#4026);
#4022 = LINE('',#4023,#4024);
#4023 = CARTESIAN_POINT('',(1.811104635299,1.665334536938E-16));
#4024 = VECTOR('',#4025,1.);
#4025 = DIRECTION('',(-2.775557561563E-17,-1.));
#4026 = ( GEOMETRIC_REPRESENTATION_CONTEXT(2) 
PARAMETRIC_REPRESENTATION_CONTEXT() REPRESENTATION_CONTEXT('2D SPACE',''
  ) );
#4027 = PCURVE('',#4028,#4033);
#4028 = PLANE('',#4029);
#4029 = AXIS2_PLACEMENT_3D('',#4030,#4031,#4032);
#4030 = CARTESIAN_POINT('',(-26.,5.028389008118,5.448888739434));
#4031 = DIRECTION('',(0.,-0.258819045103,0.965925826289));
#4032 = DIRECTION('',(-1.,0.,0.));
#4033 = DEFINITIONAL_REPRESENTATION('',(#4034),#4038);
#4034 = LINE('',#4035,#4036);
#4035 = CARTESIAN_POINT('',(0.,0.));
#4036 = VECTOR('',#4037,1.);
#4037 = DIRECTION('',(0.,-1.));
#4038 = ( GEOMETRIC_REPRESENTATION_CONTEXT(2) 
PARAMETRIC_REPRESENTATION_CONTEXT() REPRESENTATION_CONTEXT('2D SPACE',''
  ) );
#4039 = ORIENTED_EDGE('',*,*,#4040,.F.);
#4040 = EDGE_CURVE('',#3653,#4013,#4041,.T.);
#4041 = SURFACE_CURVE('',#4042,(#4046,#4053),.PCURVE_S1.);
#4042 = LINE('',#4043,#4044);
#4043 = CARTESIAN_POINT('',(-27.,5.419205766222,3.990340741737));
#4044 = VECTOR('',#4045,1.);
#4045 = DIRECTION('',(0.55214921353,-0.215789165622,0.805336129823));
#4046 = PCURVE('',#3696,#4047);
#4047 = DEFINITIONAL_REPRESENTATION('',(#4048),#4052);
#4048 = LINE('',#4049,#4050);
#4049 = CARTESIAN_POINT('',(0.,0.));
#4050 = VECTOR('',#4051,1.);
#4051 = DIRECTION('',(1.,2.775557561563E-17));
#4052 = ( GEOMETRIC_REPRESENTATION_CONTEXT(2) 
PARAMETRIC_REPRESENTATION_CONTEXT() REPRESENTATION_CONTEXT('2D SPACE',''
  ) );
#4053 = PCURVE('',#3668,#4054);
#4054 = DEFINITIONAL_REPRESENTATION('',(#4055),#4059);
#4055 = LINE('',#4056,#4057);
#4056 = CARTESIAN_POINT('',(0.840687326533,3.));
#4057 = VECTOR('',#4058,1.);
#4058 = DIRECTION('',(-0.83374531243,0.55214921353));
#4059 = ( GEOMETRIC_REPRESENTATION_CONTEXT(2) 
PARAMETRIC_REPRESENTATION_CONTEXT() REPRESENTATION_CONTEXT('2D SPACE',''
  ) );
#4060 = ADVANCED_FACE('',(#4061),#4000,.F.);
#4061 = FACE_BOUND('',#4062,.F.);
#4062 = EDGE_LOOP('',(#4063,#4086,#4087,#4110));
#4063 = ORIENTED_EDGE('',*,*,#4064,.T.);
#4064 = EDGE_CURVE('',#4065,#3962,#4067,.T.);
#4065 = VERTEX_POINT('',#4066);
#4066 = CARTESIAN_POINT('',(-33.,90.034308149145,26.662889092718));
#4067 = SURFACE_CURVE('',#4068,(#4072,#4079),.PCURVE_S1.);
#4068 = LINE('',#4069,#4070);
#4069 = CARTESIAN_POINT('',(-33.,90.034308149145,26.662889092718));
#4070 = VECTOR('',#4071,1.);
#4071 = DIRECTION('',(1.,0.,0.));
#4072 = PCURVE('',#4000,#4073);
#4073 = DEFINITIONAL_REPRESENTATION('',(#4074),#4078);
#4074 = LINE('',#4075,#4076);
#4075 = CARTESIAN_POINT('',(0.840687326533,-3.));
#4076 = VECTOR('',#4077,1.);
#4077 = DIRECTION('',(0.,1.));
#4078 = ( GEOMETRIC_REPRESENTATION_CONTEXT(2) 
PARAMETRIC_REPRESENTATION_CONTEXT() REPRESENTATION_CONTEXT('2D SPACE',''
  ) );
#4079 = PCURVE('',#1646,#4080);
#4080 = DEFINITIONAL_REPRESENTATION('',(#4081),#4085);
#4081 = LINE('',#4082,#4083);
#4082 = CARTESIAN_POINT('',(0.,-87.6));
#4083 = VECTOR('',#4084,1.);
#4084 = DIRECTION('',(1.,0.));
#4085 = ( GEOMETRIC_REPRESENTATION_CONTEXT(2) 
PARAMETRIC_REPRESENTATION_CONTEXT() REPRESENTATION_CONTEXT('2D SPACE',''
  ) );
#4086 = ORIENTED_EDGE('',*,*,#3984,.T.);
#4087 = ORIENTED_EDGE('',*,*,#4088,.T.);
#4088 = EDGE_CURVE('',#3985,#4089,#4091,.T.);
#4089 = VERTEX_POINT('',#4090);
#4090 = CARTESIAN_POINT('',(-34.,89.64349139104,28.121437090414));
#4091 = SURFACE_CURVE('',#4092,(#4096,#4103),.PCURVE_S1.);
#4092 = LINE('',#4093,#4094);
#4093 = CARTESIAN_POINT('',(-26.,89.64349139104,28.121437090414));
#4094 = VECTOR('',#4095,1.);
#4095 = DIRECTION('',(-1.,0.,0.));
#4096 = PCURVE('',#4000,#4097);
#4097 = DEFINITIONAL_REPRESENTATION('',(#4098),#4102);
#4098 = LINE('',#4099,#4100);
#4099 = CARTESIAN_POINT('',(-0.669312673467,4.));
#4100 = VECTOR('',#4101,1.);
#4101 = DIRECTION('',(0.,-1.));
#4102 = ( GEOMETRIC_REPRESENTATION_CONTEXT(2) 
PARAMETRIC_REPRESENTATION_CONTEXT() REPRESENTATION_CONTEXT('2D SPACE',''
  ) );
#4103 = PCURVE('',#4028,#4104);
#4104 = DEFINITIONAL_REPRESENTATION('',(#4105),#4109);
#4105 = LINE('',#4106,#4107);
#4106 = CARTESIAN_POINT('',(0.,-87.6));
#4107 = VECTOR('',#4108,1.);
#4108 = DIRECTION('',(1.,-0.));
#4109 = ( GEOMETRIC_REPRESENTATION_CONTEXT(2) 
PARAMETRIC_REPRESENTATION_CONTEXT() REPRESENTATION_CONTEXT('2D SPACE',''
  ) );
#4110 = ORIENTED_EDGE('',*,*,#4111,.T.);
#4111 = EDGE_CURVE('',#4089,#4065,#4112,.T.);
#4112 = SURFACE_CURVE('',#4113,(#4117,#4124),.PCURVE_S1.);
#4113 = LINE('',#4114,#4115);
#4114 = CARTESIAN_POINT('',(-34.,89.64349139104,28.121437090414));
#4115 = VECTOR('',#4116,1.);
#4116 = DIRECTION('',(0.55214921353,0.215789165622,-0.805336129823));
#4117 = PCURVE('',#4000,#4118);
#4118 = DEFINITIONAL_REPRESENTATION('',(#4119),#4123);
#4119 = LINE('',#4120,#4121);
#4120 = CARTESIAN_POINT('',(-0.669312673467,-4.));
#4121 = VECTOR('',#4122,1.);
#4122 = DIRECTION('',(0.83374531243,0.55214921353));
#4123 = ( GEOMETRIC_REPRESENTATION_CONTEXT(2) 
PARAMETRIC_REPRESENTATION_CONTEXT() REPRESENTATION_CONTEXT('2D SPACE',''
  ) );
#4124 = PCURVE('',#4125,#4130);
#4125 = PLANE('',#4126);
#4126 = AXIS2_PLACEMENT_3D('',#4127,#4128,#4129);
#4127 = CARTESIAN_POINT('',(-34.,5.028389008118,5.448888739434));
#4128 = DIRECTION('',(-0.83374531243,0.1429067322,-0.533335185313));
#4129 = DIRECTION('',(0.55214921353,0.215789165622,-0.805336129823));
#4130 = DEFINITIONAL_REPRESENTATION('',(#4131),#4135);
#4131 = LINE('',#4132,#4133);
#4132 = CARTESIAN_POINT('',(0.,-87.6));
#4133 = VECTOR('',#4134,1.);
#4134 = DIRECTION('',(1.,-2.775557561563E-17));
#4135 = ( GEOMETRIC_REPRESENTATION_CONTEXT(2) 
PARAMETRIC_REPRESENTATION_CONTEXT() REPRESENTATION_CONTEXT('2D SPACE',''
  ) );
#4136 = ADVANCED_FACE('',(#4137),#4125,.T.);
#4137 = FACE_BOUND('',#4138,.T.);
#4138 = EDGE_LOOP('',(#4139,#4162,#4163,#4186,#4214));
#4139 = ORIENTED_EDGE('',*,*,#4140,.T.);
#4140 = EDGE_CURVE('',#4141,#4089,#4143,.T.);
#4141 = VERTEX_POINT('',#4142);
#4142 = CARTESIAN_POINT('',(-34.,5.028389008118,5.448888739434));
#4143 = SURFACE_CURVE('',#4144,(#4148,#4155),.PCURVE_S1.);
#4144 = LINE('',#4145,#4146);
#4145 = CARTESIAN_POINT('',(-34.,5.028389008118,5.448888739434));
#4146 = VECTOR('',#4147,1.);
#4147 = DIRECTION('',(0.,0.965925826289,0.258819045103));
#4148 = PCURVE('',#4125,#4149);
#4149 = DEFINITIONAL_REPRESENTATION('',(#4150),#4154);
#4150 = LINE('',#4151,#4152);
#4151 = CARTESIAN_POINT('',(0.,0.));
#4152 = VECTOR('',#4153,1.);
#4153 = DIRECTION('',(2.775557561563E-17,-1.));
#4154 = ( GEOMETRIC_REPRESENTATION_CONTEXT(2) 
PARAMETRIC_REPRESENTATION_CONTEXT() REPRESENTATION_CONTEXT('2D SPACE',''
  ) );
#4155 = PCURVE('',#4028,#4156);
#4156 = DEFINITIONAL_REPRESENTATION('',(#4157),#4161);
#4157 = LINE('',#4158,#4159);
#4158 = CARTESIAN_POINT('',(8.,-0.));
#4159 = VECTOR('',#4160,1.);
#4160 = DIRECTION('',(0.,-1.));
#4161 = ( GEOMETRIC_REPRESENTATION_CONTEXT(2) 
PARAMETRIC_REPRESENTATION_CONTEXT() REPRESENTATION_CONTEXT('2D SPACE',''
  ) );
#4162 = ORIENTED_EDGE('',*,*,#4111,.T.);
#4163 = ORIENTED_EDGE('',*,*,#4164,.F.);
#4164 = EDGE_CURVE('',#4165,#4065,#4167,.T.);
#4165 = VERTEX_POINT('',#4166);
#4166 = CARTESIAN_POINT('',(-33.,89.031719958694,26.394246396746));
#4167 = SURFACE_CURVE('',#4168,(#4172,#4179),.PCURVE_S1.);
#4168 = LINE('',#4169,#4170);
#4169 = CARTESIAN_POINT('',(-33.,5.419205766222,3.990340741737));
#4170 = VECTOR('',#4171,1.);
#4171 = DIRECTION('',(0.,0.965925826289,0.258819045103));
#4172 = PCURVE('',#4125,#4173);
#4173 = DEFINITIONAL_REPRESENTATION('',(#4174),#4178);
#4174 = LINE('',#4175,#4176);
#4175 = CARTESIAN_POINT('',(1.811104635299,-1.665334536938E-16));
#4176 = VECTOR('',#4177,1.);
#4177 = DIRECTION('',(2.775557561563E-17,-1.));
#4178 = ( GEOMETRIC_REPRESENTATION_CONTEXT(2) 
PARAMETRIC_REPRESENTATION_CONTEXT() REPRESENTATION_CONTEXT('2D SPACE',''
  ) );
#4179 = PCURVE('',#1646,#4180);
#4180 = DEFINITIONAL_REPRESENTATION('',(#4181),#4185);
#4181 = LINE('',#4182,#4183);
#4182 = CARTESIAN_POINT('',(0.,0.));
#4183 = VECTOR('',#4184,1.);
#4184 = DIRECTION('',(0.,-1.));
#4185 = ( GEOMETRIC_REPRESENTATION_CONTEXT(2) 
PARAMETRIC_REPRESENTATION_CONTEXT() REPRESENTATION_CONTEXT('2D SPACE',''
  ) );
#4186 = ORIENTED_EDGE('',*,*,#4187,.F.);
#4187 = EDGE_CURVE('',#4188,#4165,#4190,.T.);
#4188 = VERTEX_POINT('',#4189);
#4189 = CARTESIAN_POINT('',(-33.,5.419205766222,3.990340741737));
#4190 = SURFACE_CURVE('',#4191,(#4195,#4202),.PCURVE_S1.);
#4191 = LINE('',#4192,#4193);
#4192 = CARTESIAN_POINT('',(-33.,5.419205766222,3.990340741737));
#4193 = VECTOR('',#4194,1.);
#4194 = DIRECTION('',(0.,0.965925826289,0.258819045103));
#4195 = PCURVE('',#4125,#4196);
#4196 = DEFINITIONAL_REPRESENTATION('',(#4197),#4201);
#4197 = LINE('',#4198,#4199);
#4198 = CARTESIAN_POINT('',(1.811104635299,-1.665334536938E-16));
#4199 = VECTOR('',#4200,1.);
#4200 = DIRECTION('',(2.775557561563E-17,-1.));
#4201 = ( GEOMETRIC_REPRESENTATION_CONTEXT(2) 
PARAMETRIC_REPRESENTATION_CONTEXT() REPRESENTATION_CONTEXT('2D SPACE',''
  ) );
#4202 = PCURVE('',#4203,#4208);
#4203 = PLANE('',#4204);
#4204 = AXIS2_PLACEMENT_3D('',#4205,#4206,#4207);
#4205 = CARTESIAN_POINT('',(-33.,47.835643968029,8.141318886071));
#4206 = DIRECTION('',(-1.,-0.,-0.));
#4207 = DIRECTION('',(0.,0.,-1.));
#4208 = DEFINITIONAL_REPRESENTATION('',(#4209),#4213);
#4209 = LINE('',#4210,#4211);
#4210 = CARTESIAN_POINT('',(4.150978144334,42.416438201806));
#4211 = VECTOR('',#4212,1.);
#4212 = DIRECTION('',(-0.258819045103,-0.965925826289));
#4213 = ( GEOMETRIC_REPRESENTATION_CONTEXT(2) 
PARAMETRIC_REPRESENTATION_CONTEXT() REPRESENTATION_CONTEXT('2D SPACE',''
  ) );
#4214 = ORIENTED_EDGE('',*,*,#4215,.F.);
#4215 = EDGE_CURVE('',#4141,#4188,#4216,.T.);
#4216 = SURFACE_CURVE('',#4217,(#4221,#4228),.PCURVE_S1.);
#4217 = LINE('',#4218,#4219);
#4218 = CARTESIAN_POINT('',(-34.,5.028389008118,5.448888739434));
#4219 = VECTOR('',#4220,1.);
#4220 = DIRECTION('',(0.55214921353,0.215789165622,-0.805336129823));
#4221 = PCURVE('',#4125,#4222);
#4222 = DEFINITIONAL_REPRESENTATION('',(#4223),#4227);
#4223 = LINE('',#4224,#4225);
#4224 = CARTESIAN_POINT('',(0.,0.));
#4225 = VECTOR('',#4226,1.);
#4226 = DIRECTION('',(1.,-2.775557561563E-17));
#4227 = ( GEOMETRIC_REPRESENTATION_CONTEXT(2) 
PARAMETRIC_REPRESENTATION_CONTEXT() REPRESENTATION_CONTEXT('2D SPACE',''
  ) );
#4228 = PCURVE('',#4229,#4234);
#4229 = PLANE('',#4230);
#4230 = AXIS2_PLACEMENT_3D('',#4231,#4232,#4233);
#4231 = CARTESIAN_POINT('',(-30.,5.201619875139,4.802382342269));
#4232 = DIRECTION('',(-0.,-0.965925826289,-0.258819045103));
#4233 = DIRECTION('',(0.,0.258819045103,-0.965925826289));
#4234 = DEFINITIONAL_REPRESENTATION('',(#4235),#4239);
#4235 = LINE('',#4236,#4237);
#4236 = CARTESIAN_POINT('',(-0.669312673467,-4.));
#4237 = VECTOR('',#4238,1.);
#4238 = DIRECTION('',(0.83374531243,0.55214921353));
#4239 = ( GEOMETRIC_REPRESENTATION_CONTEXT(2) 
PARAMETRIC_REPRESENTATION_CONTEXT() REPRESENTATION_CONTEXT('2D SPACE',''
  ) );
#4240 = ADVANCED_FACE('',(#4241),#4229,.T.);
#4241 = FACE_BOUND('',#4242,.T.);
#4242 = EDGE_LOOP('',(#4243,#4244,#4267));
#4243 = ORIENTED_EDGE('',*,*,#4215,.T.);
#4244 = ORIENTED_EDGE('',*,*,#4245,.F.);
#4245 = EDGE_CURVE('',#4246,#4188,#4248,.T.);
#4246 = VERTEX_POINT('',#4247);
#4247 = CARTESIAN_POINT('',(-33.,5.028389008118,5.448888739434));
#4248 = SURFACE_CURVE('',#4249,(#4253,#4260),.PCURVE_S1.);
#4249 = LINE('',#4250,#4251);
#4250 = CARTESIAN_POINT('',(-33.,5.028389008118,5.448888739434));
#4251 = VECTOR('',#4252,1.);
#4252 = DIRECTION('',(0.,0.258819045103,-0.965925826289));
#4253 = PCURVE('',#4229,#4254);
#4254 = DEFINITIONAL_REPRESENTATION('',(#4255),#4259);
#4255 = LINE('',#4256,#4257);
#4256 = CARTESIAN_POINT('',(-0.669312673467,-3.));
#4257 = VECTOR('',#4258,1.);
#4258 = DIRECTION('',(1.,0.));
#4259 = ( GEOMETRIC_REPRESENTATION_CONTEXT(2) 
PARAMETRIC_REPRESENTATION_CONTEXT() REPRESENTATION_CONTEXT('2D SPACE',''
  ) );
#4260 = PCURVE('',#4203,#4261);
#4261 = DEFINITIONAL_REPRESENTATION('',(#4262),#4266);
#4262 = LINE('',#4263,#4264);
#4263 = CARTESIAN_POINT('',(2.692430146637,42.807254959911));
#4264 = VECTOR('',#4265,1.);
#4265 = DIRECTION('',(0.965925826289,-0.258819045103));
#4266 = ( GEOMETRIC_REPRESENTATION_CONTEXT(2) 
PARAMETRIC_REPRESENTATION_CONTEXT() REPRESENTATION_CONTEXT('2D SPACE',''
  ) );
#4267 = ORIENTED_EDGE('',*,*,#4268,.T.);
#4268 = EDGE_CURVE('',#4246,#4141,#4269,.T.);
#4269 = SURFACE_CURVE('',#4270,(#4274,#4281),.PCURVE_S1.);
#4270 = LINE('',#4271,#4272);
#4271 = CARTESIAN_POINT('',(-26.,5.028389008118,5.448888739434));
#4272 = VECTOR('',#4273,1.);
#4273 = DIRECTION('',(-1.,0.,0.));
#4274 = PCURVE('',#4229,#4275);
#4275 = DEFINITIONAL_REPRESENTATION('',(#4276),#4280);
#4276 = LINE('',#4277,#4278);
#4277 = CARTESIAN_POINT('',(-0.669312673467,4.));
#4278 = VECTOR('',#4279,1.);
#4279 = DIRECTION('',(0.,-1.));
#4280 = ( GEOMETRIC_REPRESENTATION_CONTEXT(2) 
PARAMETRIC_REPRESENTATION_CONTEXT() REPRESENTATION_CONTEXT('2D SPACE',''
  ) );
#4281 = PCURVE('',#4028,#4282);
#4282 = DEFINITIONAL_REPRESENTATION('',(#4283),#4287);
#4283 = LINE('',#4284,#4285);
#4284 = CARTESIAN_POINT('',(0.,0.));
#4285 = VECTOR('',#4286,1.);
#4286 = DIRECTION('',(1.,-0.));
#4287 = ( GEOMETRIC_REPRESENTATION_CONTEXT(2) 
PARAMETRIC_REPRESENTATION_CONTEXT() REPRESENTATION_CONTEXT('2D SPACE',''
  ) );
#4288 = ADVANCED_FACE('',(#4289),#4203,.T.);
#4289 = FACE_BOUND('',#4290,.T.);
#4290 = EDGE_LOOP('',(#4291,#4316,#4339,#4362,#4383,#4384,#4385,#4408,
    #4431,#4459,#4482));
#4291 = ORIENTED_EDGE('',*,*,#4292,.F.);
#4292 = EDGE_CURVE('',#4293,#4295,#4297,.T.);
#4293 = VERTEX_POINT('',#4294);
#4294 = CARTESIAN_POINT('',(-33.,1.,3.4));
#4295 = VERTEX_POINT('',#4296);
#4296 = CARTESIAN_POINT('',(-33.,12.416617575771,3.4));
#4297 = SURFACE_CURVE('',#4298,(#4302,#4309),.PCURVE_S1.);
#4298 = LINE('',#4299,#4300);
#4299 = CARTESIAN_POINT('',(-33.,1.,3.4));
#4300 = VECTOR('',#4301,1.);
#4301 = DIRECTION('',(0.,1.,0.));
#4302 = PCURVE('',#4203,#4303);
#4303 = DEFINITIONAL_REPRESENTATION('',(#4304),#4308);
#4304 = LINE('',#4305,#4306);
#4305 = CARTESIAN_POINT('',(4.741318886071,46.835643968029));
#4306 = VECTOR('',#4307,1.);
#4307 = DIRECTION('',(0.,-1.));
#4308 = ( GEOMETRIC_REPRESENTATION_CONTEXT(2) 
PARAMETRIC_REPRESENTATION_CONTEXT() REPRESENTATION_CONTEXT('2D SPACE',''
  ) );
#4309 = PCURVE('',#268,#4310);
#4310 = DEFINITIONAL_REPRESENTATION('',(#4311),#4315);
#4311 = LINE('',#4312,#4313);
#4312 = CARTESIAN_POINT('',(-33.,-4.708308787886));
#4313 = VECTOR('',#4314,1.);
#4314 = DIRECTION('',(0.,1.));
#4315 = ( GEOMETRIC_REPRESENTATION_CONTEXT(2) 
PARAMETRIC_REPRESENTATION_CONTEXT() REPRESENTATION_CONTEXT('2D SPACE',''
  ) );
#4316 = ORIENTED_EDGE('',*,*,#4317,.T.);
#4317 = EDGE_CURVE('',#4293,#4318,#4320,.T.);
#4318 = VERTEX_POINT('',#4319);
#4319 = CARTESIAN_POINT('',(-33.,1.,9.028227969755));
#4320 = SURFACE_CURVE('',#4321,(#4325,#4332),.PCURVE_S1.);
#4321 = LINE('',#4322,#4323);
#4322 = CARTESIAN_POINT('',(-33.,1.,3.4));
#4323 = VECTOR('',#4324,1.);
#4324 = DIRECTION('',(0.,0.,1.));
#4325 = PCURVE('',#4203,#4326);
#4326 = DEFINITIONAL_REPRESENTATION('',(#4327),#4331);
#4327 = LINE('',#4328,#4329);
#4328 = CARTESIAN_POINT('',(4.741318886071,46.835643968029));
#4329 = VECTOR('',#4330,1.);
#4330 = DIRECTION('',(-1.,0.));
#4331 = ( GEOMETRIC_REPRESENTATION_CONTEXT(2) 
PARAMETRIC_REPRESENTATION_CONTEXT() REPRESENTATION_CONTEXT('2D SPACE',''
  ) );
#4332 = PCURVE('',#240,#4333);
#4333 = DEFINITIONAL_REPRESENTATION('',(#4334),#4338);
#4334 = LINE('',#4335,#4336);
#4335 = CARTESIAN_POINT('',(-1.570796326795,0.));
#4336 = VECTOR('',#4337,1.);
#4337 = DIRECTION('',(-0.,1.));
#4338 = ( GEOMETRIC_REPRESENTATION_CONTEXT(2) 
PARAMETRIC_REPRESENTATION_CONTEXT() REPRESENTATION_CONTEXT('2D SPACE',''
  ) );
#4339 = ORIENTED_EDGE('',*,*,#4340,.T.);
#4340 = EDGE_CURVE('',#4318,#4341,#4343,.T.);
#4341 = VERTEX_POINT('',#4342);
#4342 = CARTESIAN_POINT('',(-33.,3.863703305156,9.795554957734));
#4343 = SURFACE_CURVE('',#4344,(#4348,#4355),.PCURVE_S1.);
#4344 = LINE('',#4345,#4346);
#4345 = CARTESIAN_POINT('',(-33.,-4.440892098501E-16,8.760278777324));
#4346 = VECTOR('',#4347,1.);
#4347 = DIRECTION('',(0.,0.965925826289,0.258819045103));
#4348 = PCURVE('',#4203,#4349);
#4349 = DEFINITIONAL_REPRESENTATION('',(#4350),#4354);
#4350 = LINE('',#4351,#4352);
#4351 = CARTESIAN_POINT('',(-0.618959891254,47.835643968029));
#4352 = VECTOR('',#4353,1.);
#4353 = DIRECTION('',(-0.258819045103,-0.965925826289));
#4354 = ( GEOMETRIC_REPRESENTATION_CONTEXT(2) 
PARAMETRIC_REPRESENTATION_CONTEXT() REPRESENTATION_CONTEXT('2D SPACE',''
  ) );
#4355 = PCURVE('',#212,#4356);
#4356 = DEFINITIONAL_REPRESENTATION('',(#4357),#4361);
#4357 = LINE('',#4358,#4359);
#4358 = CARTESIAN_POINT('',(0.,0.));
#4359 = VECTOR('',#4360,1.);
#4360 = DIRECTION('',(1.,0.));
#4361 = ( GEOMETRIC_REPRESENTATION_CONTEXT(2) 
PARAMETRIC_REPRESENTATION_CONTEXT() REPRESENTATION_CONTEXT('2D SPACE',''
  ) );
#4362 = ORIENTED_EDGE('',*,*,#4363,.T.);
#4363 = EDGE_CURVE('',#4341,#4246,#4364,.T.);
#4364 = SURFACE_CURVE('',#4365,(#4369,#4376),.PCURVE_S1.);
#4365 = LINE('',#4366,#4367);
#4366 = CARTESIAN_POINT('',(-33.,3.863703305156,9.795554957734));
#4367 = VECTOR('',#4368,1.);
#4368 = DIRECTION('',(0.,0.258819045103,-0.965925826289));
#4369 = PCURVE('',#4203,#4370);
#4370 = DEFINITIONAL_REPRESENTATION('',(#4371),#4375);
#4371 = LINE('',#4372,#4373);
#4372 = CARTESIAN_POINT('',(-1.654236071664,43.971940662872));
#4373 = VECTOR('',#4374,1.);
#4374 = DIRECTION('',(0.965925826289,-0.258819045103));
#4375 = ( GEOMETRIC_REPRESENTATION_CONTEXT(2) 
PARAMETRIC_REPRESENTATION_CONTEXT() REPRESENTATION_CONTEXT('2D SPACE',''
  ) );
#4376 = PCURVE('',#3640,#4377);
#4377 = DEFINITIONAL_REPRESENTATION('',(#4378),#4382);
#4378 = LINE('',#4379,#4380);
#4379 = CARTESIAN_POINT('',(0.,0.));
#4380 = VECTOR('',#4381,1.);
#4381 = DIRECTION('',(1.,0.));
#4382 = ( GEOMETRIC_REPRESENTATION_CONTEXT(2) 
PARAMETRIC_REPRESENTATION_CONTEXT() REPRESENTATION_CONTEXT('2D SPACE',''
  ) );
#4383 = ORIENTED_EDGE('',*,*,#4245,.T.);
#4384 = ORIENTED_EDGE('',*,*,#4187,.T.);
#4385 = ORIENTED_EDGE('',*,*,#4386,.T.);
#4386 = EDGE_CURVE('',#4165,#4387,#4389,.T.);
#4387 = VERTEX_POINT('',#4388);
#4388 = CARTESIAN_POINT('',(-33.,89.031719958694,8.));
#4389 = SURFACE_CURVE('',#4390,(#4394,#4401),.PCURVE_S1.);
#4390 = LINE('',#4391,#4392);
#4391 = CARTESIAN_POINT('',(-33.,89.031719958694,26.672548350981));
#4392 = VECTOR('',#4393,1.);
#4393 = DIRECTION('',(0.,0.,-1.));
#4394 = PCURVE('',#4203,#4395);
#4395 = DEFINITIONAL_REPRESENTATION('',(#4396),#4400);
#4396 = LINE('',#4397,#4398);
#4397 = CARTESIAN_POINT('',(-18.53122946491,-41.19607599066));
#4398 = VECTOR('',#4399,1.);
#4399 = DIRECTION('',(1.,0.));
#4400 = ( GEOMETRIC_REPRESENTATION_CONTEXT(2) 
PARAMETRIC_REPRESENTATION_CONTEXT() REPRESENTATION_CONTEXT('2D SPACE',''
  ) );
#4401 = PCURVE('',#1619,#4402);
#4402 = DEFINITIONAL_REPRESENTATION('',(#4403),#4407);
#4403 = LINE('',#4404,#4405);
#4404 = CARTESIAN_POINT('',(-1.570796326795,0.));
#4405 = VECTOR('',#4406,1.);
#4406 = DIRECTION('',(-0.,1.));
#4407 = ( GEOMETRIC_REPRESENTATION_CONTEXT(2) 
PARAMETRIC_REPRESENTATION_CONTEXT() REPRESENTATION_CONTEXT('2D SPACE',''
  ) );
#4408 = ORIENTED_EDGE('',*,*,#4409,.T.);
#4409 = EDGE_CURVE('',#4387,#4410,#4412,.T.);
#4410 = VERTEX_POINT('',#4411);
#4411 = CARTESIAN_POINT('',(-33.,83.031719958694,8.));
#4412 = SURFACE_CURVE('',#4413,(#4417,#4424),.PCURVE_S1.);
#4413 = LINE('',#4414,#4415);
#4414 = CARTESIAN_POINT('',(-33.,89.031719958694,8.));
#4415 = VECTOR('',#4416,1.);
#4416 = DIRECTION('',(0.,-1.,-5.921189464668E-16));
#4417 = PCURVE('',#4203,#4418);
#4418 = DEFINITIONAL_REPRESENTATION('',(#4419),#4423);
#4419 = LINE('',#4420,#4421);
#4420 = CARTESIAN_POINT('',(0.141318886071,-41.19607599066));
#4421 = VECTOR('',#4422,1.);
#4422 = DIRECTION('',(5.921189464668E-16,1.));
#4423 = ( GEOMETRIC_REPRESENTATION_CONTEXT(2) 
PARAMETRIC_REPRESENTATION_CONTEXT() REPRESENTATION_CONTEXT('2D SPACE',''
  ) );
#4424 = PCURVE('',#1591,#4425);
#4425 = DEFINITIONAL_REPRESENTATION('',(#4426),#4430);
#4426 = LINE('',#4427,#4428);
#4427 = CARTESIAN_POINT('',(-33.,2.));
#4428 = VECTOR('',#4429,1.);
#4429 = DIRECTION('',(0.,-1.));
#4430 = ( GEOMETRIC_REPRESENTATION_CONTEXT(2) 
PARAMETRIC_REPRESENTATION_CONTEXT() REPRESENTATION_CONTEXT('2D SPACE',''
  ) );
#4431 = ORIENTED_EDGE('',*,*,#4432,.T.);
#4432 = EDGE_CURVE('',#4410,#4433,#4435,.T.);
#4433 = VERTEX_POINT('',#4434);
#4434 = CARTESIAN_POINT('',(-33.,83.031719958694,0.));
#4435 = SURFACE_CURVE('',#4436,(#4440,#4447),.PCURVE_S1.);
#4436 = LINE('',#4437,#4438);
#4437 = CARTESIAN_POINT('',(-33.,83.031719958694,8.));
#4438 = VECTOR('',#4439,1.);
#4439 = DIRECTION('',(0.,0.,-1.));
#4440 = PCURVE('',#4203,#4441);
#4441 = DEFINITIONAL_REPRESENTATION('',(#4442),#4446);
#4442 = LINE('',#4443,#4444);
#4443 = CARTESIAN_POINT('',(0.141318886071,-35.19607599066));
#4444 = VECTOR('',#4445,1.);
#4445 = DIRECTION('',(1.,0.));
#4446 = ( GEOMETRIC_REPRESENTATION_CONTEXT(2) 
PARAMETRIC_REPRESENTATION_CONTEXT() REPRESENTATION_CONTEXT('2D SPACE',''
  ) );
#4447 = PCURVE('',#4448,#4453);
#4448 = CYLINDRICAL_SURFACE('',#4449,1.);
#4449 = AXIS2_PLACEMENT_3D('',#4450,#4451,#4452);
#4450 = CARTESIAN_POINT('',(-34.,83.031719958694,8.));
#4451 = DIRECTION('',(0.,0.,-1.));
#4452 = DIRECTION('',(0.,1.,0.));
#4453 = DEFINITIONAL_REPRESENTATION('',(#4454),#4458);
#4454 = LINE('',#4455,#4456);
#4455 = CARTESIAN_POINT('',(1.570796326795,0.));
#4456 = VECTOR('',#4457,1.);
#4457 = DIRECTION('',(0.,1.));
#4458 = ( GEOMETRIC_REPRESENTATION_CONTEXT(2) 
PARAMETRIC_REPRESENTATION_CONTEXT() REPRESENTATION_CONTEXT('2D SPACE',''
  ) );
#4459 = ORIENTED_EDGE('',*,*,#4460,.T.);
#4460 = EDGE_CURVE('',#4433,#4461,#4463,.T.);
#4461 = VERTEX_POINT('',#4462);
#4462 = CARTESIAN_POINT('',(-33.,12.416617575771,0.));
#4463 = SURFACE_CURVE('',#4464,(#4468,#4475),.PCURVE_S1.);
#4464 = LINE('',#4465,#4466);
#4465 = CARTESIAN_POINT('',(-33.,90.031719958694,0.));
#4466 = VECTOR('',#4467,1.);
#4467 = DIRECTION('',(0.,-1.,0.));
#4468 = PCURVE('',#4203,#4469);
#4469 = DEFINITIONAL_REPRESENTATION('',(#4470),#4474);
#4470 = LINE('',#4471,#4472);
#4471 = CARTESIAN_POINT('',(8.141318886071,-42.19607599066));
#4472 = VECTOR('',#4473,1.);
#4473 = DIRECTION('',(0.,1.));
#4474 = ( GEOMETRIC_REPRESENTATION_CONTEXT(2) 
PARAMETRIC_REPRESENTATION_CONTEXT() REPRESENTATION_CONTEXT('2D SPACE',''
  ) );
#4475 = PCURVE('',#324,#4476);
#4476 = DEFINITIONAL_REPRESENTATION('',(#4477),#4481);
#4477 = LINE('',#4478,#4479);
#4478 = CARTESIAN_POINT('',(0.,-0.));
#4479 = VECTOR('',#4480,1.);
#4480 = DIRECTION('',(1.,0.));
#4481 = ( GEOMETRIC_REPRESENTATION_CONTEXT(2) 
PARAMETRIC_REPRESENTATION_CONTEXT() REPRESENTATION_CONTEXT('2D SPACE',''
  ) );
#4482 = ORIENTED_EDGE('',*,*,#4483,.T.);
#4483 = EDGE_CURVE('',#4461,#4295,#4484,.T.);
#4484 = SURFACE_CURVE('',#4485,(#4489,#4496),.PCURVE_S1.);
#4485 = LINE('',#4486,#4487);
#4486 = CARTESIAN_POINT('',(-33.,12.416617575771,0.));
#4487 = VECTOR('',#4488,1.);
#4488 = DIRECTION('',(-0.,0.,1.));
#4489 = PCURVE('',#4203,#4490);
#4490 = DEFINITIONAL_REPRESENTATION('',(#4491),#4495);
#4491 = LINE('',#4492,#4493);
#4492 = CARTESIAN_POINT('',(8.141318886071,35.419026392257));
#4493 = VECTOR('',#4494,1.);
#4494 = DIRECTION('',(-1.,0.));
#4495 = ( GEOMETRIC_REPRESENTATION_CONTEXT(2) 
PARAMETRIC_REPRESENTATION_CONTEXT() REPRESENTATION_CONTEXT('2D SPACE',''
  ) );
#4496 = PCURVE('',#4497,#4502);
#4497 = CYLINDRICAL_SURFACE('',#4498,1.);
#4498 = AXIS2_PLACEMENT_3D('',#4499,#4500,#4501);
#4499 = CARTESIAN_POINT('',(-34.,12.416617575771,0.));
#4500 = DIRECTION('',(-0.,0.,1.));
#4501 = DIRECTION('',(0.,-1.,0.));
#4502 = DEFINITIONAL_REPRESENTATION('',(#4503),#4507);
#4503 = LINE('',#4504,#4505);
#4504 = CARTESIAN_POINT('',(1.570796326795,0.));
#4505 = VECTOR('',#4506,1.);
#4506 = DIRECTION('',(0.,1.));
#4507 = ( GEOMETRIC_REPRESENTATION_CONTEXT(2) 
PARAMETRIC_REPRESENTATION_CONTEXT() REPRESENTATION_CONTEXT('2D SPACE',''
  ) );
#4508 = ADVANCED_FACE('',(#4509),#4497,.F.);
#4509 = FACE_BOUND('',#4510,.F.);
#4510 = EDGE_LOOP('',(#4511,#4539,#4540,#4564));
#4511 = ORIENTED_EDGE('',*,*,#4512,.T.);
#4512 = EDGE_CURVE('',#4513,#4461,#4515,.T.);
#4513 = VERTEX_POINT('',#4514);
#4514 = CARTESIAN_POINT('',(-34.,11.416617575771,0.));
#4515 = SURFACE_CURVE('',#4516,(#4521,#4528),.PCURVE_S1.);
#4516 = CIRCLE('',#4517,1.);
#4517 = AXIS2_PLACEMENT_3D('',#4518,#4519,#4520);
#4518 = CARTESIAN_POINT('',(-34.,12.416617575771,0.));
#4519 = DIRECTION('',(-0.,0.,1.));
#4520 = DIRECTION('',(0.,-1.,0.));
#4521 = PCURVE('',#4497,#4522);
#4522 = DEFINITIONAL_REPRESENTATION('',(#4523),#4527);
#4523 = LINE('',#4524,#4525);
#4524 = CARTESIAN_POINT('',(0.,0.));
#4525 = VECTOR('',#4526,1.);
#4526 = DIRECTION('',(1.,0.));
#4527 = ( GEOMETRIC_REPRESENTATION_CONTEXT(2) 
PARAMETRIC_REPRESENTATION_CONTEXT() REPRESENTATION_CONTEXT('2D SPACE',''
  ) );
#4528 = PCURVE('',#324,#4529);
#4529 = DEFINITIONAL_REPRESENTATION('',(#4530),#4538);
#4530 = ( BOUNDED_CURVE() B_SPLINE_CURVE(2,(#4531,#4532,#4533,#4534,
#4535,#4536,#4537),.UNSPECIFIED.,.T.,.F.) B_SPLINE_CURVE_WITH_KNOTS((1,2
    ,2,2,2,1),(-2.094395102393,0.,2.094395102393,4.188790204786,
6.28318530718,8.377580409573),.UNSPECIFIED.) CURVE() 
GEOMETRIC_REPRESENTATION_ITEM() RATIONAL_B_SPLINE_CURVE((1.,0.5,1.,0.5,
1.,0.5,1.)) REPRESENTATION_ITEM('') );
#4531 = CARTESIAN_POINT('',(78.615102382922,1.));
#4532 = CARTESIAN_POINT('',(78.615102382922,-0.732050807569));
#4533 = CARTESIAN_POINT('',(77.115102382922,0.133974596216));
#4534 = CARTESIAN_POINT('',(75.615102382922,1.));
#4535 = CARTESIAN_POINT('',(77.115102382922,1.866025403784));
#4536 = CARTESIAN_POINT('',(78.615102382922,2.732050807569));
#4537 = CARTESIAN_POINT('',(78.615102382922,1.));
#4538 = ( GEOMETRIC_REPRESENTATION_CONTEXT(2) 
PARAMETRIC_REPRESENTATION_CONTEXT() REPRESENTATION_CONTEXT('2D SPACE',''
  ) );
#4539 = ORIENTED_EDGE('',*,*,#4483,.T.);
#4540 = ORIENTED_EDGE('',*,*,#4541,.F.);
#4541 = EDGE_CURVE('',#4542,#4295,#4544,.T.);
#4542 = VERTEX_POINT('',#4543);
#4543 = CARTESIAN_POINT('',(-34.,11.416617575771,3.4));
#4544 = SURFACE_CURVE('',#4545,(#4550,#4557),.PCURVE_S1.);
#4545 = CIRCLE('',#4546,1.);
#4546 = AXIS2_PLACEMENT_3D('',#4547,#4548,#4549);
#4547 = CARTESIAN_POINT('',(-34.,12.416617575771,3.4));
#4548 = DIRECTION('',(-0.,0.,1.));
#4549 = DIRECTION('',(0.,-1.,0.));
#4550 = PCURVE('',#4497,#4551);
#4551 = DEFINITIONAL_REPRESENTATION('',(#4552),#4556);
#4552 = LINE('',#4553,#4554);
#4553 = CARTESIAN_POINT('',(0.,3.4));
#4554 = VECTOR('',#4555,1.);
#4555 = DIRECTION('',(1.,0.));
#4556 = ( GEOMETRIC_REPRESENTATION_CONTEXT(2) 
PARAMETRIC_REPRESENTATION_CONTEXT() REPRESENTATION_CONTEXT('2D SPACE',''
  ) );
#4557 = PCURVE('',#268,#4558);
#4558 = DEFINITIONAL_REPRESENTATION('',(#4559),#4563);
#4559 = CIRCLE('',#4560,1.);
#4560 = AXIS2_PLACEMENT_2D('',#4561,#4562);
#4561 = CARTESIAN_POINT('',(-34.,6.708308787886));
#4562 = DIRECTION('',(0.,-1.));
#4563 = ( GEOMETRIC_REPRESENTATION_CONTEXT(2) 
PARAMETRIC_REPRESENTATION_CONTEXT() REPRESENTATION_CONTEXT('2D SPACE',''
  ) );
#4564 = ORIENTED_EDGE('',*,*,#4565,.F.);
#4565 = EDGE_CURVE('',#4513,#4542,#4566,.T.);
#4566 = SURFACE_CURVE('',#4567,(#4571,#4578),.PCURVE_S1.);
#4567 = LINE('',#4568,#4569);
#4568 = CARTESIAN_POINT('',(-34.,11.416617575771,0.));
#4569 = VECTOR('',#4570,1.);
#4570 = DIRECTION('',(-0.,0.,1.));
#4571 = PCURVE('',#4497,#4572);
#4572 = DEFINITIONAL_REPRESENTATION('',(#4573),#4577);
#4573 = LINE('',#4574,#4575);
#4574 = CARTESIAN_POINT('',(0.,0.));
#4575 = VECTOR('',#4576,1.);
#4576 = DIRECTION('',(0.,1.));
#4577 = ( GEOMETRIC_REPRESENTATION_CONTEXT(2) 
PARAMETRIC_REPRESENTATION_CONTEXT() REPRESENTATION_CONTEXT('2D SPACE',''
  ) );
#4578 = PCURVE('',#4579,#4584);
#4579 = PLANE('',#4580);
#4580 = AXIS2_PLACEMENT_3D('',#4581,#4582,#4583);
#4581 = CARTESIAN_POINT('',(40.,11.416617575771,0.));
#4582 = DIRECTION('',(0.,-1.,0.));
#4583 = DIRECTION('',(-1.,0.,0.));
#4584 = DEFINITIONAL_REPRESENTATION('',(#4585),#4589);
#4585 = LINE('',#4586,#4587);
#4586 = CARTESIAN_POINT('',(74.,0.));
#4587 = VECTOR('',#4588,1.);
#4588 = DIRECTION('',(0.,-1.));
#4589 = ( GEOMETRIC_REPRESENTATION_CONTEXT(2) 
PARAMETRIC_REPRESENTATION_CONTEXT() REPRESENTATION_CONTEXT('2D SPACE',''
  ) );
#4590 = ADVANCED_FACE('',(#4591),#4579,.F.);
#4591 = FACE_BOUND('',#4592,.F.);
#4592 = EDGE_LOOP('',(#4593,#4616,#4617,#4640));
#4593 = ORIENTED_EDGE('',*,*,#4594,.F.);
#4594 = EDGE_CURVE('',#4513,#4595,#4597,.T.);
#4595 = VERTEX_POINT('',#4596);
#4596 = CARTESIAN_POINT('',(-39.,11.416617575771,0.));
#4597 = SURFACE_CURVE('',#4598,(#4602,#4609),.PCURVE_S1.);
#4598 = LINE('',#4599,#4600);
#4599 = CARTESIAN_POINT('',(40.,11.416617575771,0.));
#4600 = VECTOR('',#4601,1.);
#4601 = DIRECTION('',(-1.,0.,0.));
#4602 = PCURVE('',#4579,#4603);
#4603 = DEFINITIONAL_REPRESENTATION('',(#4604),#4608);
#4604 = LINE('',#4605,#4606);
#4605 = CARTESIAN_POINT('',(0.,-0.));
#4606 = VECTOR('',#4607,1.);
#4607 = DIRECTION('',(1.,0.));
#4608 = ( GEOMETRIC_REPRESENTATION_CONTEXT(2) 
PARAMETRIC_REPRESENTATION_CONTEXT() REPRESENTATION_CONTEXT('2D SPACE',''
  ) );
#4609 = PCURVE('',#324,#4610);
#4610 = DEFINITIONAL_REPRESENTATION('',(#4611),#4615);
#4611 = LINE('',#4612,#4613);
#4612 = CARTESIAN_POINT('',(78.615102382922,-73.));
#4613 = VECTOR('',#4614,1.);
#4614 = DIRECTION('',(0.,1.));
#4615 = ( GEOMETRIC_REPRESENTATION_CONTEXT(2) 
PARAMETRIC_REPRESENTATION_CONTEXT() REPRESENTATION_CONTEXT('2D SPACE',''
  ) );
#4616 = ORIENTED_EDGE('',*,*,#4565,.T.);
#4617 = ORIENTED_EDGE('',*,*,#4618,.T.);
#4618 = EDGE_CURVE('',#4542,#4619,#4621,.T.);
#4619 = VERTEX_POINT('',#4620);
#4620 = CARTESIAN_POINT('',(-39.,11.416617575771,3.4));
#4621 = SURFACE_CURVE('',#4622,(#4626,#4633),.PCURVE_S1.);
#4622 = LINE('',#4623,#4624);
#4623 = CARTESIAN_POINT('',(40.,11.416617575771,3.4));
#4624 = VECTOR('',#4625,1.);
#4625 = DIRECTION('',(-1.,0.,0.));
#4626 = PCURVE('',#4579,#4627);
#4627 = DEFINITIONAL_REPRESENTATION('',(#4628),#4632);
#4628 = LINE('',#4629,#4630);
#4629 = CARTESIAN_POINT('',(0.,-3.4));
#4630 = VECTOR('',#4631,1.);
#4631 = DIRECTION('',(1.,0.));
#4632 = ( GEOMETRIC_REPRESENTATION_CONTEXT(2) 
PARAMETRIC_REPRESENTATION_CONTEXT() REPRESENTATION_CONTEXT('2D SPACE',''
  ) );
#4633 = PCURVE('',#268,#4634);
#4634 = DEFINITIONAL_REPRESENTATION('',(#4635),#4639);
#4635 = LINE('',#4636,#4637);
#4636 = CARTESIAN_POINT('',(40.,5.708308787886));
#4637 = VECTOR('',#4638,1.);
#4638 = DIRECTION('',(-1.,0.));
#4639 = ( GEOMETRIC_REPRESENTATION_CONTEXT(2) 
PARAMETRIC_REPRESENTATION_CONTEXT() REPRESENTATION_CONTEXT('2D SPACE',''
  ) );
#4640 = ORIENTED_EDGE('',*,*,#4641,.F.);
#4641 = EDGE_CURVE('',#4595,#4619,#4642,.T.);
#4642 = SURFACE_CURVE('',#4643,(#4647,#4654),.PCURVE_S1.);
#4643 = LINE('',#4644,#4645);
#4644 = CARTESIAN_POINT('',(-39.,11.416617575771,0.));
#4645 = VECTOR('',#4646,1.);
#4646 = DIRECTION('',(0.,0.,1.));
#4647 = PCURVE('',#4579,#4648);
#4648 = DEFINITIONAL_REPRESENTATION('',(#4649),#4653);
#4649 = LINE('',#4650,#4651);
#4650 = CARTESIAN_POINT('',(79.,0.));
#4651 = VECTOR('',#4652,1.);
#4652 = DIRECTION('',(0.,-1.));
#4653 = ( GEOMETRIC_REPRESENTATION_CONTEXT(2) 
PARAMETRIC_REPRESENTATION_CONTEXT() REPRESENTATION_CONTEXT('2D SPACE',''
  ) );
#4654 = PCURVE('',#4655,#4660);
#4655 = CYLINDRICAL_SURFACE('',#4656,1.);
#4656 = AXIS2_PLACEMENT_3D('',#4657,#4658,#4659);
#4657 = CARTESIAN_POINT('',(-39.,10.416617575771,0.));
#4658 = DIRECTION('',(0.,0.,1.));
#4659 = DIRECTION('',(-0.,1.,0.));
#4660 = DEFINITIONAL_REPRESENTATION('',(#4661),#4665);
#4661 = LINE('',#4662,#4663);
#4662 = CARTESIAN_POINT('',(0.,0.));
#4663 = VECTOR('',#4664,1.);
#4664 = DIRECTION('',(0.,1.));
#4665 = ( GEOMETRIC_REPRESENTATION_CONTEXT(2) 
PARAMETRIC_REPRESENTATION_CONTEXT() REPRESENTATION_CONTEXT('2D SPACE',''
  ) );
#4666 = ADVANCED_FACE('',(#4667),#4655,.T.);
#4667 = FACE_BOUND('',#4668,.T.);
#4668 = EDGE_LOOP('',(#4669,#4697,#4725,#4747));
#4669 = ORIENTED_EDGE('',*,*,#4670,.T.);
#4670 = EDGE_CURVE('',#4595,#4671,#4673,.T.);
#4671 = VERTEX_POINT('',#4672);
#4672 = CARTESIAN_POINT('',(-40.,10.416617575771,0.));
#4673 = SURFACE_CURVE('',#4674,(#4679,#4686),.PCURVE_S1.);
#4674 = CIRCLE('',#4675,1.);
#4675 = AXIS2_PLACEMENT_3D('',#4676,#4677,#4678);
#4676 = CARTESIAN_POINT('',(-39.,10.416617575771,0.));
#4677 = DIRECTION('',(0.,0.,1.));
#4678 = DIRECTION('',(0.,-1.,0.));
#4679 = PCURVE('',#4655,#4680);
#4680 = DEFINITIONAL_REPRESENTATION('',(#4681),#4685);
#4681 = LINE('',#4682,#4683);
#4682 = CARTESIAN_POINT('',(-3.14159265359,0.));
#4683 = VECTOR('',#4684,1.);
#4684 = DIRECTION('',(1.,0.));
#4685 = ( GEOMETRIC_REPRESENTATION_CONTEXT(2) 
PARAMETRIC_REPRESENTATION_CONTEXT() REPRESENTATION_CONTEXT('2D SPACE',''
  ) );
#4686 = PCURVE('',#324,#4687);
#4687 = DEFINITIONAL_REPRESENTATION('',(#4688),#4696);
#4688 = ( BOUNDED_CURVE() B_SPLINE_CURVE(2,(#4689,#4690,#4691,#4692,
#4693,#4694,#4695),.UNSPECIFIED.,.T.,.F.) B_SPLINE_CURVE_WITH_KNOTS((1,2
    ,2,2,2,1),(-2.094395102393,0.,2.094395102393,4.188790204786,
6.28318530718,8.377580409573),.UNSPECIFIED.) CURVE() 
GEOMETRIC_REPRESENTATION_ITEM() RATIONAL_B_SPLINE_CURVE((1.,0.5,1.,0.5,
1.,0.5,1.)) REPRESENTATION_ITEM('') );
#4689 = CARTESIAN_POINT('',(80.615102382922,6.));
#4690 = CARTESIAN_POINT('',(80.615102382922,4.267949192431));
#4691 = CARTESIAN_POINT('',(79.115102382922,5.133974596216));
#4692 = CARTESIAN_POINT('',(77.615102382922,6.));
#4693 = CARTESIAN_POINT('',(79.115102382922,6.866025403784));
#4694 = CARTESIAN_POINT('',(80.615102382922,7.732050807569));
#4695 = CARTESIAN_POINT('',(80.615102382922,6.));
#4696 = ( GEOMETRIC_REPRESENTATION_CONTEXT(2) 
PARAMETRIC_REPRESENTATION_CONTEXT() REPRESENTATION_CONTEXT('2D SPACE',''
  ) );
#4697 = ORIENTED_EDGE('',*,*,#4698,.T.);
#4698 = EDGE_CURVE('',#4671,#4699,#4701,.T.);
#4699 = VERTEX_POINT('',#4700);
#4700 = CARTESIAN_POINT('',(-40.,10.416617575771,3.4));
#4701 = SURFACE_CURVE('',#4702,(#4706,#4713),.PCURVE_S1.);
#4702 = LINE('',#4703,#4704);
#4703 = CARTESIAN_POINT('',(-40.,10.416617575771,0.));
#4704 = VECTOR('',#4705,1.);
#4705 = DIRECTION('',(0.,0.,1.));
#4706 = PCURVE('',#4655,#4707);
#4707 = DEFINITIONAL_REPRESENTATION('',(#4708),#4712);
#4708 = LINE('',#4709,#4710);
#4709 = CARTESIAN_POINT('',(1.570796326795,0.));
#4710 = VECTOR('',#4711,1.);
#4711 = DIRECTION('',(0.,1.));
#4712 = ( GEOMETRIC_REPRESENTATION_CONTEXT(2) 
PARAMETRIC_REPRESENTATION_CONTEXT() REPRESENTATION_CONTEXT('2D SPACE',''
  ) );
#4713 = PCURVE('',#4714,#4719);
#4714 = PLANE('',#4715);
#4715 = AXIS2_PLACEMENT_3D('',#4716,#4717,#4718);
#4716 = CARTESIAN_POINT('',(-40.,11.416617575771,0.));
#4717 = DIRECTION('',(1.,0.,-0.));
#4718 = DIRECTION('',(0.,-1.,0.));
#4719 = DEFINITIONAL_REPRESENTATION('',(#4720),#4724);
#4720 = LINE('',#4721,#4722);
#4721 = CARTESIAN_POINT('',(1.,0.));
#4722 = VECTOR('',#4723,1.);
#4723 = DIRECTION('',(0.,-1.));
#4724 = ( GEOMETRIC_REPRESENTATION_CONTEXT(2) 
PARAMETRIC_REPRESENTATION_CONTEXT() REPRESENTATION_CONTEXT('2D SPACE',''
  ) );
#4725 = ORIENTED_EDGE('',*,*,#4726,.F.);
#4726 = EDGE_CURVE('',#4619,#4699,#4727,.T.);
#4727 = SURFACE_CURVE('',#4728,(#4733,#4740),.PCURVE_S1.);
#4728 = CIRCLE('',#4729,1.);
#4729 = AXIS2_PLACEMENT_3D('',#4730,#4731,#4732);
#4730 = CARTESIAN_POINT('',(-39.,10.416617575771,3.4));
#4731 = DIRECTION('',(0.,0.,1.));
#4732 = DIRECTION('',(0.,-1.,0.));
#4733 = PCURVE('',#4655,#4734);
#4734 = DEFINITIONAL_REPRESENTATION('',(#4735),#4739);
#4735 = LINE('',#4736,#4737);
#4736 = CARTESIAN_POINT('',(-3.14159265359,3.4));
#4737 = VECTOR('',#4738,1.);
#4738 = DIRECTION('',(1.,0.));
#4739 = ( GEOMETRIC_REPRESENTATION_CONTEXT(2) 
PARAMETRIC_REPRESENTATION_CONTEXT() REPRESENTATION_CONTEXT('2D SPACE',''
  ) );
#4740 = PCURVE('',#268,#4741);
#4741 = DEFINITIONAL_REPRESENTATION('',(#4742),#4746);
#4742 = CIRCLE('',#4743,1.);
#4743 = AXIS2_PLACEMENT_2D('',#4744,#4745);
#4744 = CARTESIAN_POINT('',(-39.,4.708308787886));
#4745 = DIRECTION('',(0.,-1.));
#4746 = ( GEOMETRIC_REPRESENTATION_CONTEXT(2) 
PARAMETRIC_REPRESENTATION_CONTEXT() REPRESENTATION_CONTEXT('2D SPACE',''
  ) );
#4747 = ORIENTED_EDGE('',*,*,#4641,.F.);
#4748 = ADVANCED_FACE('',(#4749),#4714,.F.);
#4749 = FACE_BOUND('',#4750,.F.);
#4750 = EDGE_LOOP('',(#4751,#4774,#4775,#4798));
#4751 = ORIENTED_EDGE('',*,*,#4752,.F.);
#4752 = EDGE_CURVE('',#4671,#4753,#4755,.T.);
#4753 = VERTEX_POINT('',#4754);
#4754 = CARTESIAN_POINT('',(-40.,1.,0.));
#4755 = SURFACE_CURVE('',#4756,(#4760,#4767),.PCURVE_S1.);
#4756 = LINE('',#4757,#4758);
#4757 = CARTESIAN_POINT('',(-40.,11.416617575771,0.));
#4758 = VECTOR('',#4759,1.);
#4759 = DIRECTION('',(0.,-1.,0.));
#4760 = PCURVE('',#4714,#4761);
#4761 = DEFINITIONAL_REPRESENTATION('',(#4762),#4766);
#4762 = LINE('',#4763,#4764);
#4763 = CARTESIAN_POINT('',(0.,0.));
#4764 = VECTOR('',#4765,1.);
#4765 = DIRECTION('',(1.,0.));
#4766 = ( GEOMETRIC_REPRESENTATION_CONTEXT(2) 
PARAMETRIC_REPRESENTATION_CONTEXT() REPRESENTATION_CONTEXT('2D SPACE',''
  ) );
#4767 = PCURVE('',#324,#4768);
#4768 = DEFINITIONAL_REPRESENTATION('',(#4769),#4773);
#4769 = LINE('',#4770,#4771);
#4770 = CARTESIAN_POINT('',(78.615102382922,7.));
#4771 = VECTOR('',#4772,1.);
#4772 = DIRECTION('',(1.,0.));
#4773 = ( GEOMETRIC_REPRESENTATION_CONTEXT(2) 
PARAMETRIC_REPRESENTATION_CONTEXT() REPRESENTATION_CONTEXT('2D SPACE',''
  ) );
#4774 = ORIENTED_EDGE('',*,*,#4698,.T.);
#4775 = ORIENTED_EDGE('',*,*,#4776,.T.);
#4776 = EDGE_CURVE('',#4699,#4777,#4779,.T.);
#4777 = VERTEX_POINT('',#4778);
#4778 = CARTESIAN_POINT('',(-40.,1.,3.4));
#4779 = SURFACE_CURVE('',#4780,(#4784,#4791),.PCURVE_S1.);
#4780 = LINE('',#4781,#4782);
#4781 = CARTESIAN_POINT('',(-40.,11.416617575771,3.4));
#4782 = VECTOR('',#4783,1.);
#4783 = DIRECTION('',(0.,-1.,0.));
#4784 = PCURVE('',#4714,#4785);
#4785 = DEFINITIONAL_REPRESENTATION('',(#4786),#4790);
#4786 = LINE('',#4787,#4788);
#4787 = CARTESIAN_POINT('',(0.,-3.4));
#4788 = VECTOR('',#4789,1.);
#4789 = DIRECTION('',(1.,0.));
#4790 = ( GEOMETRIC_REPRESENTATION_CONTEXT(2) 
PARAMETRIC_REPRESENTATION_CONTEXT() REPRESENTATION_CONTEXT('2D SPACE',''
  ) );
#4791 = PCURVE('',#268,#4792);
#4792 = DEFINITIONAL_REPRESENTATION('',(#4793),#4797);
#4793 = LINE('',#4794,#4795);
#4794 = CARTESIAN_POINT('',(-40.,5.708308787886));
#4795 = VECTOR('',#4796,1.);
#4796 = DIRECTION('',(0.,-1.));
#4797 = ( GEOMETRIC_REPRESENTATION_CONTEXT(2) 
PARAMETRIC_REPRESENTATION_CONTEXT() REPRESENTATION_CONTEXT('2D SPACE',''
  ) );
#4798 = ORIENTED_EDGE('',*,*,#4799,.F.);
#4799 = EDGE_CURVE('',#4753,#4777,#4800,.T.);
#4800 = SURFACE_CURVE('',#4801,(#4805,#4812),.PCURVE_S1.);
#4801 = LINE('',#4802,#4803);
#4802 = CARTESIAN_POINT('',(-40.,1.,0.));
#4803 = VECTOR('',#4804,1.);
#4804 = DIRECTION('',(0.,0.,1.));
#4805 = PCURVE('',#4714,#4806);
#4806 = DEFINITIONAL_REPRESENTATION('',(#4807),#4811);
#4807 = LINE('',#4808,#4809);
#4808 = CARTESIAN_POINT('',(10.416617575771,0.));
#4809 = VECTOR('',#4810,1.);
#4810 = DIRECTION('',(0.,-1.));
#4811 = ( GEOMETRIC_REPRESENTATION_CONTEXT(2) 
PARAMETRIC_REPRESENTATION_CONTEXT() REPRESENTATION_CONTEXT('2D SPACE',''
  ) );
#4812 = PCURVE('',#296,#4813);
#4813 = DEFINITIONAL_REPRESENTATION('',(#4814),#4818);
#4814 = LINE('',#4815,#4816);
#4815 = CARTESIAN_POINT('',(-1.570796326795,0.));
#4816 = VECTOR('',#4817,1.);
#4817 = DIRECTION('',(-0.,1.));
#4818 = ( GEOMETRIC_REPRESENTATION_CONTEXT(2) 
PARAMETRIC_REPRESENTATION_CONTEXT() REPRESENTATION_CONTEXT('2D SPACE',''
  ) );
#4819 = ADVANCED_FACE('',(#4820),#4448,.F.);
#4820 = FACE_BOUND('',#4821,.F.);
#4821 = EDGE_LOOP('',(#4822,#4850,#4851,#4875));
#4822 = ORIENTED_EDGE('',*,*,#4823,.T.);
#4823 = EDGE_CURVE('',#4824,#4410,#4826,.T.);
#4824 = VERTEX_POINT('',#4825);
#4825 = CARTESIAN_POINT('',(-34.,84.031719958694,8.));
#4826 = SURFACE_CURVE('',#4827,(#4832,#4839),.PCURVE_S1.);
#4827 = CIRCLE('',#4828,1.);
#4828 = AXIS2_PLACEMENT_3D('',#4829,#4830,#4831);
#4829 = CARTESIAN_POINT('',(-34.,83.031719958694,8.));
#4830 = DIRECTION('',(0.,0.,-1.));
#4831 = DIRECTION('',(0.,1.,0.));
#4832 = PCURVE('',#4448,#4833);
#4833 = DEFINITIONAL_REPRESENTATION('',(#4834),#4838);
#4834 = LINE('',#4835,#4836);
#4835 = CARTESIAN_POINT('',(0.,0.));
#4836 = VECTOR('',#4837,1.);
#4837 = DIRECTION('',(1.,0.));
#4838 = ( GEOMETRIC_REPRESENTATION_CONTEXT(2) 
PARAMETRIC_REPRESENTATION_CONTEXT() REPRESENTATION_CONTEXT('2D SPACE',''
  ) );
#4839 = PCURVE('',#1591,#4840);
#4840 = DEFINITIONAL_REPRESENTATION('',(#4841),#4849);
#4841 = ( BOUNDED_CURVE() B_SPLINE_CURVE(2,(#4842,#4843,#4844,#4845,
#4846,#4847,#4848),.UNSPECIFIED.,.T.,.F.) B_SPLINE_CURVE_WITH_KNOTS((1,2
    ,2,2,2,1),(-2.094395102393,0.,2.094395102393,4.188790204786,
6.28318530718,8.377580409573),.UNSPECIFIED.) CURVE() 
GEOMETRIC_REPRESENTATION_ITEM() RATIONAL_B_SPLINE_CURVE((1.,0.5,1.,0.5,
1.,0.5,1.)) REPRESENTATION_ITEM('') );
#4842 = CARTESIAN_POINT('',(-34.,-3.));
#4843 = CARTESIAN_POINT('',(-32.26794919243,-3.));
#4844 = CARTESIAN_POINT('',(-33.13397459621,-4.5));
#4845 = CARTESIAN_POINT('',(-34.,-6.));
#4846 = CARTESIAN_POINT('',(-34.86602540378,-4.5));
#4847 = CARTESIAN_POINT('',(-35.73205080756,-3.));
#4848 = CARTESIAN_POINT('',(-34.,-3.));
#4849 = ( GEOMETRIC_REPRESENTATION_CONTEXT(2) 
PARAMETRIC_REPRESENTATION_CONTEXT() REPRESENTATION_CONTEXT('2D SPACE',''
  ) );
#4850 = ORIENTED_EDGE('',*,*,#4432,.T.);
#4851 = ORIENTED_EDGE('',*,*,#4852,.F.);
#4852 = EDGE_CURVE('',#4853,#4433,#4855,.T.);
#4853 = VERTEX_POINT('',#4854);
#4854 = CARTESIAN_POINT('',(-34.,84.031719958694,0.));
#4855 = SURFACE_CURVE('',#4856,(#4861,#4868),.PCURVE_S1.);
#4856 = CIRCLE('',#4857,1.);
#4857 = AXIS2_PLACEMENT_3D('',#4858,#4859,#4860);
#4858 = CARTESIAN_POINT('',(-34.,83.031719958694,0.));
#4859 = DIRECTION('',(0.,0.,-1.));
#4860 = DIRECTION('',(0.,1.,0.));
#4861 = PCURVE('',#4448,#4862);
#4862 = DEFINITIONAL_REPRESENTATION('',(#4863),#4867);
#4863 = LINE('',#4864,#4865);
#4864 = CARTESIAN_POINT('',(0.,8.));
#4865 = VECTOR('',#4866,1.);
#4866 = DIRECTION('',(1.,0.));
#4867 = ( GEOMETRIC_REPRESENTATION_CONTEXT(2) 
PARAMETRIC_REPRESENTATION_CONTEXT() REPRESENTATION_CONTEXT('2D SPACE',''
  ) );
#4868 = PCURVE('',#324,#4869);
#4869 = DEFINITIONAL_REPRESENTATION('',(#4870),#4874);
#4870 = CIRCLE('',#4871,1.);
#4871 = AXIS2_PLACEMENT_2D('',#4872,#4873);
#4872 = CARTESIAN_POINT('',(7.,1.));
#4873 = DIRECTION('',(-1.,-0.));
#4874 = ( GEOMETRIC_REPRESENTATION_CONTEXT(2) 
PARAMETRIC_REPRESENTATION_CONTEXT() REPRESENTATION_CONTEXT('2D SPACE',''
  ) );
#4875 = ORIENTED_EDGE('',*,*,#4876,.F.);
#4876 = EDGE_CURVE('',#4824,#4853,#4877,.T.);
#4877 = SURFACE_CURVE('',#4878,(#4882,#4889),.PCURVE_S1.);
#4878 = LINE('',#4879,#4880);
#4879 = CARTESIAN_POINT('',(-34.,84.031719958694,8.));
#4880 = VECTOR('',#4881,1.);
#4881 = DIRECTION('',(0.,0.,-1.));
#4882 = PCURVE('',#4448,#4883);
#4883 = DEFINITIONAL_REPRESENTATION('',(#4884),#4888);
#4884 = LINE('',#4885,#4886);
#4885 = CARTESIAN_POINT('',(0.,0.));
#4886 = VECTOR('',#4887,1.);
#4887 = DIRECTION('',(0.,1.));
#4888 = ( GEOMETRIC_REPRESENTATION_CONTEXT(2) 
PARAMETRIC_REPRESENTATION_CONTEXT() REPRESENTATION_CONTEXT('2D SPACE',''
  ) );
#4889 = PCURVE('',#4890,#4895);
#4890 = PLANE('',#4891);
#4891 = AXIS2_PLACEMENT_3D('',#4892,#4893,#4894);
#4892 = CARTESIAN_POINT('',(-40.,84.031719958694,0.));
#4893 = DIRECTION('',(0.,1.,0.));
#4894 = DIRECTION('',(1.,0.,0.));
#4895 = DEFINITIONAL_REPRESENTATION('',(#4896),#4900);
#4896 = LINE('',#4897,#4898);
#4897 = CARTESIAN_POINT('',(6.,-8.));
#4898 = VECTOR('',#4899,1.);
#4899 = DIRECTION('',(0.,1.));
#4900 = ( GEOMETRIC_REPRESENTATION_CONTEXT(2) 
PARAMETRIC_REPRESENTATION_CONTEXT() REPRESENTATION_CONTEXT('2D SPACE',''
  ) );
#4901 = ADVANCED_FACE('',(#4902),#4890,.F.);
#4902 = FACE_BOUND('',#4903,.F.);
#4903 = EDGE_LOOP('',(#4904,#4927,#4955,#4976));
#4904 = ORIENTED_EDGE('',*,*,#4905,.F.);
#4905 = EDGE_CURVE('',#4906,#4853,#4908,.T.);
#4906 = VERTEX_POINT('',#4907);
#4907 = CARTESIAN_POINT('',(-39.,84.031719958694,0.));
#4908 = SURFACE_CURVE('',#4909,(#4913,#4920),.PCURVE_S1.);
#4909 = LINE('',#4910,#4911);
#4910 = CARTESIAN_POINT('',(-40.,84.031719958694,0.));
#4911 = VECTOR('',#4912,1.);
#4912 = DIRECTION('',(1.,0.,0.));
#4913 = PCURVE('',#4890,#4914);
#4914 = DEFINITIONAL_REPRESENTATION('',(#4915),#4919);
#4915 = LINE('',#4916,#4917);
#4916 = CARTESIAN_POINT('',(0.,0.));
#4917 = VECTOR('',#4918,1.);
#4918 = DIRECTION('',(1.,0.));
#4919 = ( GEOMETRIC_REPRESENTATION_CONTEXT(2) 
PARAMETRIC_REPRESENTATION_CONTEXT() REPRESENTATION_CONTEXT('2D SPACE',''
  ) );
#4920 = PCURVE('',#324,#4921);
#4921 = DEFINITIONAL_REPRESENTATION('',(#4922),#4926);
#4922 = LINE('',#4923,#4924);
#4923 = CARTESIAN_POINT('',(6.,7.));
#4924 = VECTOR('',#4925,1.);
#4925 = DIRECTION('',(0.,-1.));
#4926 = ( GEOMETRIC_REPRESENTATION_CONTEXT(2) 
PARAMETRIC_REPRESENTATION_CONTEXT() REPRESENTATION_CONTEXT('2D SPACE',''
  ) );
#4927 = ORIENTED_EDGE('',*,*,#4928,.T.);
#4928 = EDGE_CURVE('',#4906,#4929,#4931,.T.);
#4929 = VERTEX_POINT('',#4930);
#4930 = CARTESIAN_POINT('',(-39.,84.031719958694,8.));
#4931 = SURFACE_CURVE('',#4932,(#4936,#4943),.PCURVE_S1.);
#4932 = LINE('',#4933,#4934);
#4933 = CARTESIAN_POINT('',(-39.,84.031719958694,0.));
#4934 = VECTOR('',#4935,1.);
#4935 = DIRECTION('',(0.,0.,1.));
#4936 = PCURVE('',#4890,#4937);
#4937 = DEFINITIONAL_REPRESENTATION('',(#4938),#4942);
#4938 = LINE('',#4939,#4940);
#4939 = CARTESIAN_POINT('',(1.,0.));
#4940 = VECTOR('',#4941,1.);
#4941 = DIRECTION('',(0.,-1.));
#4942 = ( GEOMETRIC_REPRESENTATION_CONTEXT(2) 
PARAMETRIC_REPRESENTATION_CONTEXT() REPRESENTATION_CONTEXT('2D SPACE',''
  ) );
#4943 = PCURVE('',#4944,#4949);
#4944 = CYLINDRICAL_SURFACE('',#4945,1.);
#4945 = AXIS2_PLACEMENT_3D('',#4946,#4947,#4948);
#4946 = CARTESIAN_POINT('',(-39.,85.031719958694,0.));
#4947 = DIRECTION('',(0.,0.,1.));
#4948 = DIRECTION('',(-1.,0.,0.));
#4949 = DEFINITIONAL_REPRESENTATION('',(#4950),#4954);
#4950 = LINE('',#4951,#4952);
#4951 = CARTESIAN_POINT('',(1.570796326795,0.));
#4952 = VECTOR('',#4953,1.);
#4953 = DIRECTION('',(0.,1.));
#4954 = ( GEOMETRIC_REPRESENTATION_CONTEXT(2) 
PARAMETRIC_REPRESENTATION_CONTEXT() REPRESENTATION_CONTEXT('2D SPACE',''
  ) );
#4955 = ORIENTED_EDGE('',*,*,#4956,.T.);
#4956 = EDGE_CURVE('',#4929,#4824,#4957,.T.);
#4957 = SURFACE_CURVE('',#4958,(#4962,#4969),.PCURVE_S1.);
#4958 = LINE('',#4959,#4960);
#4959 = CARTESIAN_POINT('',(-40.,84.031719958694,8.));
#4960 = VECTOR('',#4961,1.);
#4961 = DIRECTION('',(1.,0.,0.));
#4962 = PCURVE('',#4890,#4963);
#4963 = DEFINITIONAL_REPRESENTATION('',(#4964),#4968);
#4964 = LINE('',#4965,#4966);
#4965 = CARTESIAN_POINT('',(0.,-8.));
#4966 = VECTOR('',#4967,1.);
#4967 = DIRECTION('',(1.,0.));
#4968 = ( GEOMETRIC_REPRESENTATION_CONTEXT(2) 
PARAMETRIC_REPRESENTATION_CONTEXT() REPRESENTATION_CONTEXT('2D SPACE',''
  ) );
#4969 = PCURVE('',#1591,#4970);
#4970 = DEFINITIONAL_REPRESENTATION('',(#4971),#4975);
#4971 = LINE('',#4972,#4973);
#4972 = CARTESIAN_POINT('',(-40.,-3.));
#4973 = VECTOR('',#4974,1.);
#4974 = DIRECTION('',(1.,0.));
#4975 = ( GEOMETRIC_REPRESENTATION_CONTEXT(2) 
PARAMETRIC_REPRESENTATION_CONTEXT() REPRESENTATION_CONTEXT('2D SPACE',''
  ) );
#4976 = ORIENTED_EDGE('',*,*,#4876,.T.);
#4977 = ADVANCED_FACE('',(#4978),#4944,.T.);
#4978 = FACE_BOUND('',#4979,.T.);
#4979 = EDGE_LOOP('',(#4980,#5008,#5009,#5033));
#4980 = ORIENTED_EDGE('',*,*,#4981,.T.);
#4981 = EDGE_CURVE('',#4982,#4906,#4984,.T.);
#4982 = VERTEX_POINT('',#4983);
#4983 = CARTESIAN_POINT('',(-40.,85.031719958694,0.));
#4984 = SURFACE_CURVE('',#4985,(#4990,#4997),.PCURVE_S1.);
#4985 = CIRCLE('',#4986,1.);
#4986 = AXIS2_PLACEMENT_3D('',#4987,#4988,#4989);
#4987 = CARTESIAN_POINT('',(-39.,85.031719958694,0.));
#4988 = DIRECTION('',(0.,0.,1.));
#4989 = DIRECTION('',(0.,-1.,0.));
#4990 = PCURVE('',#4944,#4991);
#4991 = DEFINITIONAL_REPRESENTATION('',(#4992),#4996);
#4992 = LINE('',#4993,#4994);
#4993 = CARTESIAN_POINT('',(-4.712388980385,0.));
#4994 = VECTOR('',#4995,1.);
#4995 = DIRECTION('',(1.,0.));
#4996 = ( GEOMETRIC_REPRESENTATION_CONTEXT(2) 
PARAMETRIC_REPRESENTATION_CONTEXT() REPRESENTATION_CONTEXT('2D SPACE',''
  ) );
#4997 = PCURVE('',#324,#4998);
#4998 = DEFINITIONAL_REPRESENTATION('',(#4999),#5007);
#4999 = ( BOUNDED_CURVE() B_SPLINE_CURVE(2,(#5000,#5001,#5002,#5003,
#5004,#5005,#5006),.UNSPECIFIED.,.T.,.F.) B_SPLINE_CURVE_WITH_KNOTS((1,2
    ,2,2,2,1),(-2.094395102393,0.,2.094395102393,4.188790204786,
6.28318530718,8.377580409573),.UNSPECIFIED.) CURVE() 
GEOMETRIC_REPRESENTATION_ITEM() RATIONAL_B_SPLINE_CURVE((1.,0.5,1.,0.5,
1.,0.5,1.)) REPRESENTATION_ITEM('') );
#5000 = CARTESIAN_POINT('',(6.,6.));
#5001 = CARTESIAN_POINT('',(6.,4.267949192431));
#5002 = CARTESIAN_POINT('',(4.5,5.133974596216));
#5003 = CARTESIAN_POINT('',(3.,6.));
#5004 = CARTESIAN_POINT('',(4.5,6.866025403784));
#5005 = CARTESIAN_POINT('',(6.,7.732050807569));
#5006 = CARTESIAN_POINT('',(6.,6.));
#5007 = ( GEOMETRIC_REPRESENTATION_CONTEXT(2) 
PARAMETRIC_REPRESENTATION_CONTEXT() REPRESENTATION_CONTEXT('2D SPACE',''
  ) );
#5008 = ORIENTED_EDGE('',*,*,#4928,.T.);
#5009 = ORIENTED_EDGE('',*,*,#5010,.F.);
#5010 = EDGE_CURVE('',#5011,#4929,#5013,.T.);
#5011 = VERTEX_POINT('',#5012);
#5012 = CARTESIAN_POINT('',(-40.,85.031719958694,8.));
#5013 = SURFACE_CURVE('',#5014,(#5019,#5026),.PCURVE_S1.);
#5014 = CIRCLE('',#5015,1.);
#5015 = AXIS2_PLACEMENT_3D('',#5016,#5017,#5018);
#5016 = CARTESIAN_POINT('',(-39.,85.031719958694,8.));
#5017 = DIRECTION('',(0.,0.,1.));
#5018 = DIRECTION('',(0.,-1.,0.));
#5019 = PCURVE('',#4944,#5020);
#5020 = DEFINITIONAL_REPRESENTATION('',(#5021),#5025);
#5021 = LINE('',#5022,#5023);
#5022 = CARTESIAN_POINT('',(-4.712388980385,8.));
#5023 = VECTOR('',#5024,1.);
#5024 = DIRECTION('',(1.,0.));
#5025 = ( GEOMETRIC_REPRESENTATION_CONTEXT(2) 
PARAMETRIC_REPRESENTATION_CONTEXT() REPRESENTATION_CONTEXT('2D SPACE',''
  ) );
#5026 = PCURVE('',#1591,#5027);
#5027 = DEFINITIONAL_REPRESENTATION('',(#5028),#5032);
#5028 = CIRCLE('',#5029,1.);
#5029 = AXIS2_PLACEMENT_2D('',#5030,#5031);
#5030 = CARTESIAN_POINT('',(-39.,-2.));
#5031 = DIRECTION('',(0.,-1.));
#5032 = ( GEOMETRIC_REPRESENTATION_CONTEXT(2) 
PARAMETRIC_REPRESENTATION_CONTEXT() REPRESENTATION_CONTEXT('2D SPACE',''
  ) );
#5033 = ORIENTED_EDGE('',*,*,#5034,.F.);
#5034 = EDGE_CURVE('',#4982,#5011,#5035,.T.);
#5035 = SURFACE_CURVE('',#5036,(#5040,#5047),.PCURVE_S1.);
#5036 = LINE('',#5037,#5038);
#5037 = CARTESIAN_POINT('',(-40.,85.031719958694,0.));
#5038 = VECTOR('',#5039,1.);
#5039 = DIRECTION('',(0.,0.,1.));
#5040 = PCURVE('',#4944,#5041);
#5041 = DEFINITIONAL_REPRESENTATION('',(#5042),#5046);
#5042 = LINE('',#5043,#5044);
#5043 = CARTESIAN_POINT('',(0.,0.));
#5044 = VECTOR('',#5045,1.);
#5045 = DIRECTION('',(0.,1.));
#5046 = ( GEOMETRIC_REPRESENTATION_CONTEXT(2) 
PARAMETRIC_REPRESENTATION_CONTEXT() REPRESENTATION_CONTEXT('2D SPACE',''
  ) );
#5047 = PCURVE('',#5048,#5053);
#5048 = PLANE('',#5049);
#5049 = AXIS2_PLACEMENT_3D('',#5050,#5051,#5052);
#5050 = CARTESIAN_POINT('',(-40.,90.031719958694,0.));
#5051 = DIRECTION('',(1.,0.,-0.));
#5052 = DIRECTION('',(0.,-1.,0.));
#5053 = DEFINITIONAL_REPRESENTATION('',(#5054),#5058);
#5054 = LINE('',#5055,#5056);
#5055 = CARTESIAN_POINT('',(5.,0.));
#5056 = VECTOR('',#5057,1.);
#5057 = DIRECTION('',(0.,-1.));
#5058 = ( GEOMETRIC_REPRESENTATION_CONTEXT(2) 
PARAMETRIC_REPRESENTATION_CONTEXT() REPRESENTATION_CONTEXT('2D SPACE',''
  ) );
#5059 = ADVANCED_FACE('',(#5060),#5048,.F.);
#5060 = FACE_BOUND('',#5061,.F.);
#5061 = EDGE_LOOP('',(#5062,#5085,#5108,#5129));
#5062 = ORIENTED_EDGE('',*,*,#5063,.F.);
#5063 = EDGE_CURVE('',#5064,#4982,#5066,.T.);
#5064 = VERTEX_POINT('',#5065);
#5065 = CARTESIAN_POINT('',(-40.,89.031719958694,0.));
#5066 = SURFACE_CURVE('',#5067,(#5071,#5078),.PCURVE_S1.);
#5067 = LINE('',#5068,#5069);
#5068 = CARTESIAN_POINT('',(-40.,90.031719958694,0.));
#5069 = VECTOR('',#5070,1.);
#5070 = DIRECTION('',(0.,-1.,0.));
#5071 = PCURVE('',#5048,#5072);
#5072 = DEFINITIONAL_REPRESENTATION('',(#5073),#5077);
#5073 = LINE('',#5074,#5075);
#5074 = CARTESIAN_POINT('',(0.,0.));
#5075 = VECTOR('',#5076,1.);
#5076 = DIRECTION('',(1.,0.));
#5077 = ( GEOMETRIC_REPRESENTATION_CONTEXT(2) 
PARAMETRIC_REPRESENTATION_CONTEXT() REPRESENTATION_CONTEXT('2D SPACE',''
  ) );
#5078 = PCURVE('',#324,#5079);
#5079 = DEFINITIONAL_REPRESENTATION('',(#5080),#5084);
#5080 = LINE('',#5081,#5082);
#5081 = CARTESIAN_POINT('',(0.,7.));
#5082 = VECTOR('',#5083,1.);
#5083 = DIRECTION('',(1.,0.));
#5084 = ( GEOMETRIC_REPRESENTATION_CONTEXT(2) 
PARAMETRIC_REPRESENTATION_CONTEXT() REPRESENTATION_CONTEXT('2D SPACE',''
  ) );
#5085 = ORIENTED_EDGE('',*,*,#5086,.T.);
#5086 = EDGE_CURVE('',#5064,#5087,#5089,.T.);
#5087 = VERTEX_POINT('',#5088);
#5088 = CARTESIAN_POINT('',(-40.,89.031719958694,8.));
#5089 = SURFACE_CURVE('',#5090,(#5094,#5101),.PCURVE_S1.);
#5090 = LINE('',#5091,#5092);
#5091 = CARTESIAN_POINT('',(-40.,89.031719958694,0.));
#5092 = VECTOR('',#5093,1.);
#5093 = DIRECTION('',(0.,0.,1.));
#5094 = PCURVE('',#5048,#5095);
#5095 = DEFINITIONAL_REPRESENTATION('',(#5096),#5100);
#5096 = LINE('',#5097,#5098);
#5097 = CARTESIAN_POINT('',(1.,0.));
#5098 = VECTOR('',#5099,1.);
#5099 = DIRECTION('',(0.,-1.));
#5100 = ( GEOMETRIC_REPRESENTATION_CONTEXT(2) 
PARAMETRIC_REPRESENTATION_CONTEXT() REPRESENTATION_CONTEXT('2D SPACE',''
  ) );
#5101 = PCURVE('',#1563,#5102);
#5102 = DEFINITIONAL_REPRESENTATION('',(#5103),#5107);
#5103 = LINE('',#5104,#5105);
#5104 = CARTESIAN_POINT('',(1.570796326795,0.));
#5105 = VECTOR('',#5106,1.);
#5106 = DIRECTION('',(0.,1.));
#5107 = ( GEOMETRIC_REPRESENTATION_CONTEXT(2) 
PARAMETRIC_REPRESENTATION_CONTEXT() REPRESENTATION_CONTEXT('2D SPACE',''
  ) );
#5108 = ORIENTED_EDGE('',*,*,#5109,.T.);
#5109 = EDGE_CURVE('',#5087,#5011,#5110,.T.);
#5110 = SURFACE_CURVE('',#5111,(#5115,#5122),.PCURVE_S1.);
#5111 = LINE('',#5112,#5113);
#5112 = CARTESIAN_POINT('',(-40.,90.031719958694,8.));
#5113 = VECTOR('',#5114,1.);
#5114 = DIRECTION('',(0.,-1.,0.));
#5115 = PCURVE('',#5048,#5116);
#5116 = DEFINITIONAL_REPRESENTATION('',(#5117),#5121);
#5117 = LINE('',#5118,#5119);
#5118 = CARTESIAN_POINT('',(0.,-8.));
#5119 = VECTOR('',#5120,1.);
#5120 = DIRECTION('',(1.,0.));
#5121 = ( GEOMETRIC_REPRESENTATION_CONTEXT(2) 
PARAMETRIC_REPRESENTATION_CONTEXT() REPRESENTATION_CONTEXT('2D SPACE',''
  ) );
#5122 = PCURVE('',#1591,#5123);
#5123 = DEFINITIONAL_REPRESENTATION('',(#5124),#5128);
#5124 = LINE('',#5125,#5126);
#5125 = CARTESIAN_POINT('',(-40.,3.));
#5126 = VECTOR('',#5127,1.);
#5127 = DIRECTION('',(0.,-1.));
#5128 = ( GEOMETRIC_REPRESENTATION_CONTEXT(2) 
PARAMETRIC_REPRESENTATION_CONTEXT() REPRESENTATION_CONTEXT('2D SPACE',''
  ) );
#5129 = ORIENTED_EDGE('',*,*,#5034,.F.);
#5130 = ADVANCED_FACE('',(#5131),#4028,.T.);
#5131 = FACE_BOUND('',#5132,.T.);
#5132 = EDGE_LOOP('',(#5133,#5134,#5135,#5136,#5137,#5158));
#5133 = ORIENTED_EDGE('',*,*,#4012,.T.);
#5134 = ORIENTED_EDGE('',*,*,#4088,.T.);
#5135 = ORIENTED_EDGE('',*,*,#4140,.F.);
#5136 = ORIENTED_EDGE('',*,*,#4268,.F.);
#5137 = ORIENTED_EDGE('',*,*,#5138,.F.);
#5138 = EDGE_CURVE('',#3625,#4246,#5139,.T.);
#5139 = SURFACE_CURVE('',#5140,(#5144,#5151),.PCURVE_S1.);
#5140 = LINE('',#5141,#5142);
#5141 = CARTESIAN_POINT('',(-26.,5.028389008118,5.448888739434));
#5142 = VECTOR('',#5143,1.);
#5143 = DIRECTION('',(-1.,0.,0.));
#5144 = PCURVE('',#4028,#5145);
#5145 = DEFINITIONAL_REPRESENTATION('',(#5146),#5150);
#5146 = LINE('',#5147,#5148);
#5147 = CARTESIAN_POINT('',(0.,0.));
#5148 = VECTOR('',#5149,1.);
#5149 = DIRECTION('',(1.,-0.));
#5150 = ( GEOMETRIC_REPRESENTATION_CONTEXT(2) 
PARAMETRIC_REPRESENTATION_CONTEXT() REPRESENTATION_CONTEXT('2D SPACE',''
  ) );
#5151 = PCURVE('',#3640,#5152);
#5152 = DEFINITIONAL_REPRESENTATION('',(#5153),#5157);
#5153 = LINE('',#5154,#5155);
#5154 = CARTESIAN_POINT('',(4.5,-7.));
#5155 = VECTOR('',#5156,1.);
#5156 = DIRECTION('',(0.,1.));
#5157 = ( GEOMETRIC_REPRESENTATION_CONTEXT(2) 
PARAMETRIC_REPRESENTATION_CONTEXT() REPRESENTATION_CONTEXT('2D SPACE',''
  ) );
#5158 = ORIENTED_EDGE('',*,*,#5159,.F.);
#5159 = EDGE_CURVE('',#4013,#3625,#5160,.T.);
#5160 = SURFACE_CURVE('',#5161,(#5165,#5172),.PCURVE_S1.);
#5161 = LINE('',#5162,#5163);
#5162 = CARTESIAN_POINT('',(-26.,5.028389008118,5.448888739434));
#5163 = VECTOR('',#5164,1.);
#5164 = DIRECTION('',(-1.,0.,0.));
#5165 = PCURVE('',#4028,#5166);
#5166 = DEFINITIONAL_REPRESENTATION('',(#5167),#5171);
#5167 = LINE('',#5168,#5169);
#5168 = CARTESIAN_POINT('',(0.,0.));
#5169 = VECTOR('',#5170,1.);
#5170 = DIRECTION('',(1.,-0.));
#5171 = ( GEOMETRIC_REPRESENTATION_CONTEXT(2) 
PARAMETRIC_REPRESENTATION_CONTEXT() REPRESENTATION_CONTEXT('2D SPACE',''
  ) );
#5172 = PCURVE('',#3668,#5173);
#5173 = DEFINITIONAL_REPRESENTATION('',(#5174),#5178);
#5174 = LINE('',#5175,#5176);
#5175 = CARTESIAN_POINT('',(-0.669312673467,4.));
#5176 = VECTOR('',#5177,1.);
#5177 = DIRECTION('',(0.,-1.));
#5178 = ( GEOMETRIC_REPRESENTATION_CONTEXT(2) 
PARAMETRIC_REPRESENTATION_CONTEXT() REPRESENTATION_CONTEXT('2D SPACE',''
  ) );
#5179 = ADVANCED_FACE('',(#5180),#3668,.T.);
#5180 = FACE_BOUND('',#5181,.T.);
#5181 = EDGE_LOOP('',(#5182,#5183,#5184));
#5182 = ORIENTED_EDGE('',*,*,#3652,.F.);
#5183 = ORIENTED_EDGE('',*,*,#4040,.T.);
#5184 = ORIENTED_EDGE('',*,*,#5159,.T.);
#5185 = ADVANCED_FACE('',(#5186),#3640,.T.);
#5186 = FACE_BOUND('',#5187,.T.);
#5187 = EDGE_LOOP('',(#5188,#5189,#5210,#5211));
#5188 = ORIENTED_EDGE('',*,*,#4363,.F.);
#5189 = ORIENTED_EDGE('',*,*,#5190,.T.);
#5190 = EDGE_CURVE('',#4341,#3602,#5191,.T.);
#5191 = SURFACE_CURVE('',#5192,(#5196,#5203),.PCURVE_S1.);
#5192 = LINE('',#5193,#5194);
#5193 = CARTESIAN_POINT('',(-33.,3.863703305156,9.795554957734));
#5194 = VECTOR('',#5195,1.);
#5195 = DIRECTION('',(1.,0.,0.));
#5196 = PCURVE('',#3640,#5197);
#5197 = DEFINITIONAL_REPRESENTATION('',(#5198),#5202);
#5198 = LINE('',#5199,#5200);
#5199 = CARTESIAN_POINT('',(0.,0.));
#5200 = VECTOR('',#5201,1.);
#5201 = DIRECTION('',(0.,-1.));
#5202 = ( GEOMETRIC_REPRESENTATION_CONTEXT(2) 
PARAMETRIC_REPRESENTATION_CONTEXT() REPRESENTATION_CONTEXT('2D SPACE',''
  ) );
#5203 = PCURVE('',#212,#5204);
#5204 = DEFINITIONAL_REPRESENTATION('',(#5205),#5209);
#5205 = LINE('',#5206,#5207);
#5206 = CARTESIAN_POINT('',(4.,0.));
#5207 = VECTOR('',#5208,1.);
#5208 = DIRECTION('',(0.,-1.));
#5209 = ( GEOMETRIC_REPRESENTATION_CONTEXT(2) 
PARAMETRIC_REPRESENTATION_CONTEXT() REPRESENTATION_CONTEXT('2D SPACE',''
  ) );
#5210 = ORIENTED_EDGE('',*,*,#3624,.T.);
#5211 = ORIENTED_EDGE('',*,*,#5138,.T.);
#5212 = ADVANCED_FACE('',(#5213),#3251,.F.);
#5213 = FACE_BOUND('',#5214,.F.);
#5214 = EDGE_LOOP('',(#5215,#5241,#5242,#5264));
#5215 = ORIENTED_EDGE('',*,*,#5216,.T.);
#5216 = EDGE_CURVE('',#3914,#3213,#5217,.T.);
#5217 = SURFACE_CURVE('',#5218,(#5223,#5230),.PCURVE_S1.);
#5218 = CIRCLE('',#5219,1.);
#5219 = AXIS2_PLACEMENT_3D('',#5220,#5221,#5222);
#5220 = CARTESIAN_POINT('',(-4.,83.031719958694,8.));
#5221 = DIRECTION('',(0.,0.,-1.));
#5222 = DIRECTION('',(0.,1.,0.));
#5223 = PCURVE('',#3251,#5224);
#5224 = DEFINITIONAL_REPRESENTATION('',(#5225),#5229);
#5225 = LINE('',#5226,#5227);
#5226 = CARTESIAN_POINT('',(0.,0.));
#5227 = VECTOR('',#5228,1.);
#5228 = DIRECTION('',(1.,0.));
#5229 = ( GEOMETRIC_REPRESENTATION_CONTEXT(2) 
PARAMETRIC_REPRESENTATION_CONTEXT() REPRESENTATION_CONTEXT('2D SPACE',''
  ) );
#5230 = PCURVE('',#1701,#5231);
#5231 = DEFINITIONAL_REPRESENTATION('',(#5232),#5240);
#5232 = ( BOUNDED_CURVE() B_SPLINE_CURVE(2,(#5233,#5234,#5235,#5236,
#5237,#5238,#5239),.UNSPECIFIED.,.T.,.F.) B_SPLINE_CURVE_WITH_KNOTS((1,2
    ,2,2,2,1),(-2.094395102393,0.,2.094395102393,4.188790204786,
6.28318530718,8.377580409573),.UNSPECIFIED.) CURVE() 
GEOMETRIC_REPRESENTATION_ITEM() RATIONAL_B_SPLINE_CURVE((1.,0.5,1.,0.5,
1.,0.5,1.)) REPRESENTATION_ITEM('') );
#5233 = CARTESIAN_POINT('',(-4.,-3.));
#5234 = CARTESIAN_POINT('',(-2.267949192431,-3.));
#5235 = CARTESIAN_POINT('',(-3.133974596216,-4.5));
#5236 = CARTESIAN_POINT('',(-4.,-6.));
#5237 = CARTESIAN_POINT('',(-4.866025403784,-4.5));
#5238 = CARTESIAN_POINT('',(-5.732050807569,-3.));
#5239 = CARTESIAN_POINT('',(-4.,-3.));
#5240 = ( GEOMETRIC_REPRESENTATION_CONTEXT(2) 
PARAMETRIC_REPRESENTATION_CONTEXT() REPRESENTATION_CONTEXT('2D SPACE',''
  ) );
#5241 = ORIENTED_EDGE('',*,*,#3235,.T.);
#5242 = ORIENTED_EDGE('',*,*,#5243,.F.);
#5243 = EDGE_CURVE('',#3890,#3236,#5244,.T.);
#5244 = SURFACE_CURVE('',#5245,(#5250,#5257),.PCURVE_S1.);
#5245 = CIRCLE('',#5246,1.);
#5246 = AXIS2_PLACEMENT_3D('',#5247,#5248,#5249);
#5247 = CARTESIAN_POINT('',(-4.,83.031719958694,0.));
#5248 = DIRECTION('',(0.,0.,-1.));
#5249 = DIRECTION('',(0.,1.,0.));
#5250 = PCURVE('',#3251,#5251);
#5251 = DEFINITIONAL_REPRESENTATION('',(#5252),#5256);
#5252 = LINE('',#5253,#5254);
#5253 = CARTESIAN_POINT('',(0.,8.));
#5254 = VECTOR('',#5255,1.);
#5255 = DIRECTION('',(1.,0.));
#5256 = ( GEOMETRIC_REPRESENTATION_CONTEXT(2) 
PARAMETRIC_REPRESENTATION_CONTEXT() REPRESENTATION_CONTEXT('2D SPACE',''
  ) );
#5257 = PCURVE('',#324,#5258);
#5258 = DEFINITIONAL_REPRESENTATION('',(#5259),#5263);
#5259 = CIRCLE('',#5260,1.);
#5260 = AXIS2_PLACEMENT_2D('',#5261,#5262);
#5261 = CARTESIAN_POINT('',(7.,-29.));
#5262 = DIRECTION('',(-1.,-0.));
#5263 = ( GEOMETRIC_REPRESENTATION_CONTEXT(2) 
PARAMETRIC_REPRESENTATION_CONTEXT() REPRESENTATION_CONTEXT('2D SPACE',''
  ) );
#5264 = ORIENTED_EDGE('',*,*,#3936,.F.);
#5265 = ADVANCED_FACE('',(#5266),#2276,.F.);
#5266 = FACE_BOUND('',#5267,.F.);
#5267 = EDGE_LOOP('',(#5268,#5294,#5295,#5317));
#5268 = ORIENTED_EDGE('',*,*,#5269,.T.);
#5269 = EDGE_CURVE('',#2860,#2238,#5270,.T.);
#5270 = SURFACE_CURVE('',#5271,(#5276,#5283),.PCURVE_S1.);
#5271 = CIRCLE('',#5272,1.);
#5272 = AXIS2_PLACEMENT_3D('',#5273,#5274,#5275);
#5273 = CARTESIAN_POINT('',(26.,83.031719958694,8.));
#5274 = DIRECTION('',(0.,0.,-1.));
#5275 = DIRECTION('',(0.,1.,0.));
#5276 = PCURVE('',#2276,#5277);
#5277 = DEFINITIONAL_REPRESENTATION('',(#5278),#5282);
#5278 = LINE('',#5279,#5280);
#5279 = CARTESIAN_POINT('',(0.,0.));
#5280 = VECTOR('',#5281,1.);
#5281 = DIRECTION('',(1.,0.));
#5282 = ( GEOMETRIC_REPRESENTATION_CONTEXT(2) 
PARAMETRIC_REPRESENTATION_CONTEXT() REPRESENTATION_CONTEXT('2D SPACE',''
  ) );
#5283 = PCURVE('',#1811,#5284);
#5284 = DEFINITIONAL_REPRESENTATION('',(#5285),#5293);
#5285 = ( BOUNDED_CURVE() B_SPLINE_CURVE(2,(#5286,#5287,#5288,#5289,
#5290,#5291,#5292),.UNSPECIFIED.,.T.,.F.) B_SPLINE_CURVE_WITH_KNOTS((1,2
    ,2,2,2,1),(-2.094395102393,0.,2.094395102393,4.188790204786,
6.28318530718,8.377580409573),.UNSPECIFIED.) CURVE() 
GEOMETRIC_REPRESENTATION_ITEM() RATIONAL_B_SPLINE_CURVE((1.,0.5,1.,0.5,
1.,0.5,1.)) REPRESENTATION_ITEM('') );
#5286 = CARTESIAN_POINT('',(26.,-3.));
#5287 = CARTESIAN_POINT('',(27.732050807569,-3.));
#5288 = CARTESIAN_POINT('',(26.866025403784,-4.5));
#5289 = CARTESIAN_POINT('',(26.,-6.));
#5290 = CARTESIAN_POINT('',(25.133974596216,-4.5));
#5291 = CARTESIAN_POINT('',(24.267949192431,-3.));
#5292 = CARTESIAN_POINT('',(26.,-3.));
#5293 = ( GEOMETRIC_REPRESENTATION_CONTEXT(2) 
PARAMETRIC_REPRESENTATION_CONTEXT() REPRESENTATION_CONTEXT('2D SPACE',''
  ) );
#5294 = ORIENTED_EDGE('',*,*,#2260,.T.);
#5295 = ORIENTED_EDGE('',*,*,#5296,.F.);
#5296 = EDGE_CURVE('',#2836,#2261,#5297,.T.);
#5297 = SURFACE_CURVE('',#5298,(#5303,#5310),.PCURVE_S1.);
#5298 = CIRCLE('',#5299,1.);
#5299 = AXIS2_PLACEMENT_3D('',#5300,#5301,#5302);
#5300 = CARTESIAN_POINT('',(26.,83.031719958694,0.));
#5301 = DIRECTION('',(0.,0.,-1.));
#5302 = DIRECTION('',(0.,1.,0.));
#5303 = PCURVE('',#2276,#5304);
#5304 = DEFINITIONAL_REPRESENTATION('',(#5305),#5309);
#5305 = LINE('',#5306,#5307);
#5306 = CARTESIAN_POINT('',(0.,8.));
#5307 = VECTOR('',#5308,1.);
#5308 = DIRECTION('',(1.,0.));
#5309 = ( GEOMETRIC_REPRESENTATION_CONTEXT(2) 
PARAMETRIC_REPRESENTATION_CONTEXT() REPRESENTATION_CONTEXT('2D SPACE',''
  ) );
#5310 = PCURVE('',#324,#5311);
#5311 = DEFINITIONAL_REPRESENTATION('',(#5312),#5316);
#5312 = CIRCLE('',#5313,1.);
#5313 = AXIS2_PLACEMENT_2D('',#5314,#5315);
#5314 = CARTESIAN_POINT('',(7.,-59.));
#5315 = DIRECTION('',(-1.,-0.));
#5316 = ( GEOMETRIC_REPRESENTATION_CONTEXT(2) 
PARAMETRIC_REPRESENTATION_CONTEXT() REPRESENTATION_CONTEXT('2D SPACE',''
  ) );
#5317 = ORIENTED_EDGE('',*,*,#2882,.F.);
#5318 = ADVANCED_FACE('',(#5319),#1981,.T.);
#5319 = FACE_BOUND('',#5320,.T.);
#5320 = EDGE_LOOP('',(#5321,#5346,#5367,#5368,#5369,#5390));
#5321 = ORIENTED_EDGE('',*,*,#5322,.T.);
#5322 = EDGE_CURVE('',#5323,#5325,#5327,.T.);
#5323 = VERTEX_POINT('',#5324);
#5324 = CARTESIAN_POINT('',(34.,5.028389008118,5.448888739434));
#5325 = VERTEX_POINT('',#5326);
#5326 = CARTESIAN_POINT('',(34.,89.64349139104,28.121437090414));
#5327 = SURFACE_CURVE('',#5328,(#5332,#5339),.PCURVE_S1.);
#5328 = LINE('',#5329,#5330);
#5329 = CARTESIAN_POINT('',(34.,5.028389008118,5.448888739434));
#5330 = VECTOR('',#5331,1.);
#5331 = DIRECTION('',(0.,0.965925826289,0.258819045103));
#5332 = PCURVE('',#1981,#5333);
#5333 = DEFINITIONAL_REPRESENTATION('',(#5334),#5338);
#5334 = LINE('',#5335,#5336);
#5335 = CARTESIAN_POINT('',(0.,0.));
#5336 = VECTOR('',#5337,1.);
#5337 = DIRECTION('',(0.,-1.));
#5338 = ( GEOMETRIC_REPRESENTATION_CONTEXT(2) 
PARAMETRIC_REPRESENTATION_CONTEXT() REPRESENTATION_CONTEXT('2D SPACE',''
  ) );
#5339 = PCURVE('',#904,#5340);
#5340 = DEFINITIONAL_REPRESENTATION('',(#5341),#5345);
#5341 = LINE('',#5342,#5343);
#5342 = CARTESIAN_POINT('',(1.811104635299,1.665334536938E-16));
#5343 = VECTOR('',#5344,1.);
#5344 = DIRECTION('',(-2.775557561563E-17,-1.));
#5345 = ( GEOMETRIC_REPRESENTATION_CONTEXT(2) 
PARAMETRIC_REPRESENTATION_CONTEXT() REPRESENTATION_CONTEXT('2D SPACE',''
  ) );
#5346 = ORIENTED_EDGE('',*,*,#5347,.T.);
#5347 = EDGE_CURVE('',#5325,#1966,#5348,.T.);
#5348 = SURFACE_CURVE('',#5349,(#5353,#5360),.PCURVE_S1.);
#5349 = LINE('',#5350,#5351);
#5350 = CARTESIAN_POINT('',(34.,89.64349139104,28.121437090414));
#5351 = VECTOR('',#5352,1.);
#5352 = DIRECTION('',(-1.,0.,0.));
#5353 = PCURVE('',#1981,#5354);
#5354 = DEFINITIONAL_REPRESENTATION('',(#5355),#5359);
#5355 = LINE('',#5356,#5357);
#5356 = CARTESIAN_POINT('',(0.,-87.6));
#5357 = VECTOR('',#5358,1.);
#5358 = DIRECTION('',(1.,-0.));
#5359 = ( GEOMETRIC_REPRESENTATION_CONTEXT(2) 
PARAMETRIC_REPRESENTATION_CONTEXT() REPRESENTATION_CONTEXT('2D SPACE',''
  ) );
#5360 = PCURVE('',#1899,#5361);
#5361 = DEFINITIONAL_REPRESENTATION('',(#5362),#5366);
#5362 = LINE('',#5363,#5364);
#5363 = CARTESIAN_POINT('',(-0.669312673467,4.));
#5364 = VECTOR('',#5365,1.);
#5365 = DIRECTION('',(0.,-1.));
#5366 = ( GEOMETRIC_REPRESENTATION_CONTEXT(2) 
PARAMETRIC_REPRESENTATION_CONTEXT() REPRESENTATION_CONTEXT('2D SPACE',''
  ) );
#5367 = ORIENTED_EDGE('',*,*,#1963,.F.);
#5368 = ORIENTED_EDGE('',*,*,#2096,.F.);
#5369 = ORIENTED_EDGE('',*,*,#5370,.F.);
#5370 = EDGE_CURVE('',#833,#2074,#5371,.T.);
#5371 = SURFACE_CURVE('',#5372,(#5376,#5383),.PCURVE_S1.);
#5372 = LINE('',#5373,#5374);
#5373 = CARTESIAN_POINT('',(34.,5.028389008118,5.448888739434));
#5374 = VECTOR('',#5375,1.);
#5375 = DIRECTION('',(-1.,0.,0.));
#5376 = PCURVE('',#1981,#5377);
#5377 = DEFINITIONAL_REPRESENTATION('',(#5378),#5382);
#5378 = LINE('',#5379,#5380);
#5379 = CARTESIAN_POINT('',(0.,0.));
#5380 = VECTOR('',#5381,1.);
#5381 = DIRECTION('',(1.,-0.));
#5382 = ( GEOMETRIC_REPRESENTATION_CONTEXT(2) 
PARAMETRIC_REPRESENTATION_CONTEXT() REPRESENTATION_CONTEXT('2D SPACE',''
  ) );
#5383 = PCURVE('',#848,#5384);
#5384 = DEFINITIONAL_REPRESENTATION('',(#5385),#5389);
#5385 = LINE('',#5386,#5387);
#5386 = CARTESIAN_POINT('',(4.5,-7.));
#5387 = VECTOR('',#5388,1.);
#5388 = DIRECTION('',(0.,1.));
#5389 = ( GEOMETRIC_REPRESENTATION_CONTEXT(2) 
PARAMETRIC_REPRESENTATION_CONTEXT() REPRESENTATION_CONTEXT('2D SPACE',''
  ) );
#5390 = ORIENTED_EDGE('',*,*,#5391,.F.);
#5391 = EDGE_CURVE('',#5323,#833,#5392,.T.);
#5392 = SURFACE_CURVE('',#5393,(#5397,#5404),.PCURVE_S1.);
#5393 = LINE('',#5394,#5395);
#5394 = CARTESIAN_POINT('',(34.,5.028389008118,5.448888739434));
#5395 = VECTOR('',#5396,1.);
#5396 = DIRECTION('',(-1.,0.,0.));
#5397 = PCURVE('',#1981,#5398);
#5398 = DEFINITIONAL_REPRESENTATION('',(#5399),#5403);
#5399 = LINE('',#5400,#5401);
#5400 = CARTESIAN_POINT('',(0.,0.));
#5401 = VECTOR('',#5402,1.);
#5402 = DIRECTION('',(1.,-0.));
#5403 = ( GEOMETRIC_REPRESENTATION_CONTEXT(2) 
PARAMETRIC_REPRESENTATION_CONTEXT() REPRESENTATION_CONTEXT('2D SPACE',''
  ) );
#5404 = PCURVE('',#876,#5405);
#5405 = DEFINITIONAL_REPRESENTATION('',(#5406),#5410);
#5406 = LINE('',#5407,#5408);
#5407 = CARTESIAN_POINT('',(-0.669312673467,4.));
#5408 = VECTOR('',#5409,1.);
#5409 = DIRECTION('',(0.,-1.));
#5410 = ( GEOMETRIC_REPRESENTATION_CONTEXT(2) 
PARAMETRIC_REPRESENTATION_CONTEXT() REPRESENTATION_CONTEXT('2D SPACE',''
  ) );
#5411 = ADVANCED_FACE('',(#5412),#1899,.F.);
#5412 = FACE_BOUND('',#5413,.F.);
#5413 = EDGE_LOOP('',(#5414,#5415,#5436,#5437));
#5414 = ORIENTED_EDGE('',*,*,#1883,.T.);
#5415 = ORIENTED_EDGE('',*,*,#5416,.T.);
#5416 = EDGE_CURVE('',#1884,#5325,#5417,.T.);
#5417 = SURFACE_CURVE('',#5418,(#5422,#5429),.PCURVE_S1.);
#5418 = LINE('',#5419,#5420);
#5419 = CARTESIAN_POINT('',(33.,90.034308149145,26.662889092718));
#5420 = VECTOR('',#5421,1.);
#5421 = DIRECTION('',(0.55214921353,-0.215789165622,0.805336129823));
#5422 = PCURVE('',#1899,#5423);
#5423 = DEFINITIONAL_REPRESENTATION('',(#5424),#5428);
#5424 = LINE('',#5425,#5426);
#5425 = CARTESIAN_POINT('',(0.840687326533,3.));
#5426 = VECTOR('',#5427,1.);
#5427 = DIRECTION('',(-0.83374531243,0.55214921353));
#5428 = ( GEOMETRIC_REPRESENTATION_CONTEXT(2) 
PARAMETRIC_REPRESENTATION_CONTEXT() REPRESENTATION_CONTEXT('2D SPACE',''
  ) );
#5429 = PCURVE('',#904,#5430);
#5430 = DEFINITIONAL_REPRESENTATION('',(#5431),#5435);
#5431 = LINE('',#5432,#5433);
#5432 = CARTESIAN_POINT('',(0.,-87.6));
#5433 = VECTOR('',#5434,1.);
#5434 = DIRECTION('',(1.,2.775557561563E-17));
#5435 = ( GEOMETRIC_REPRESENTATION_CONTEXT(2) 
PARAMETRIC_REPRESENTATION_CONTEXT() REPRESENTATION_CONTEXT('2D SPACE',''
  ) );
#5436 = ORIENTED_EDGE('',*,*,#5347,.T.);
#5437 = ORIENTED_EDGE('',*,*,#1993,.T.);
#5438 = ADVANCED_FACE('',(#5439),#1563,.T.);
#5439 = FACE_BOUND('',#5440,.T.);
#5440 = EDGE_LOOP('',(#5441,#5467,#5468,#5490));
#5441 = ORIENTED_EDGE('',*,*,#5442,.T.);
#5442 = EDGE_CURVE('',#1525,#5064,#5443,.T.);
#5443 = SURFACE_CURVE('',#5444,(#5449,#5456),.PCURVE_S1.);
#5444 = CIRCLE('',#5445,1.);
#5445 = AXIS2_PLACEMENT_3D('',#5446,#5447,#5448);
#5446 = CARTESIAN_POINT('',(-39.,89.031719958694,0.));
#5447 = DIRECTION('',(0.,0.,1.));
#5448 = DIRECTION('',(0.,-1.,0.));
#5449 = PCURVE('',#1563,#5450);
#5450 = DEFINITIONAL_REPRESENTATION('',(#5451),#5455);
#5451 = LINE('',#5452,#5453);
#5452 = CARTESIAN_POINT('',(-3.14159265359,0.));
#5453 = VECTOR('',#5454,1.);
#5454 = DIRECTION('',(1.,0.));
#5455 = ( GEOMETRIC_REPRESENTATION_CONTEXT(2) 
PARAMETRIC_REPRESENTATION_CONTEXT() REPRESENTATION_CONTEXT('2D SPACE',''
  ) );
#5456 = PCURVE('',#324,#5457);
#5457 = DEFINITIONAL_REPRESENTATION('',(#5458),#5466);
#5458 = ( BOUNDED_CURVE() B_SPLINE_CURVE(2,(#5459,#5460,#5461,#5462,
#5463,#5464,#5465),.UNSPECIFIED.,.T.,.F.) B_SPLINE_CURVE_WITH_KNOTS((1,2
    ,2,2,2,1),(-2.094395102393,0.,2.094395102393,4.188790204786,
6.28318530718,8.377580409573),.UNSPECIFIED.) CURVE() 
GEOMETRIC_REPRESENTATION_ITEM() RATIONAL_B_SPLINE_CURVE((1.,0.5,1.,0.5,
1.,0.5,1.)) REPRESENTATION_ITEM('') );
#5459 = CARTESIAN_POINT('',(2.,6.));
#5460 = CARTESIAN_POINT('',(2.,4.267949192431));
#5461 = CARTESIAN_POINT('',(0.5,5.133974596216));
#5462 = CARTESIAN_POINT('',(-1.,6.));
#5463 = CARTESIAN_POINT('',(0.5,6.866025403784));
#5464 = CARTESIAN_POINT('',(2.,7.732050807569));
#5465 = CARTESIAN_POINT('',(2.,6.));
#5466 = ( GEOMETRIC_REPRESENTATION_CONTEXT(2) 
PARAMETRIC_REPRESENTATION_CONTEXT() REPRESENTATION_CONTEXT('2D SPACE',''
  ) );
#5467 = ORIENTED_EDGE('',*,*,#5086,.T.);
#5468 = ORIENTED_EDGE('',*,*,#5469,.F.);
#5469 = EDGE_CURVE('',#1548,#5087,#5470,.T.);
#5470 = SURFACE_CURVE('',#5471,(#5476,#5483),.PCURVE_S1.);
#5471 = CIRCLE('',#5472,1.);
#5472 = AXIS2_PLACEMENT_3D('',#5473,#5474,#5475);
#5473 = CARTESIAN_POINT('',(-39.,89.031719958694,8.));
#5474 = DIRECTION('',(0.,0.,1.));
#5475 = DIRECTION('',(0.,-1.,0.));
#5476 = PCURVE('',#1563,#5477);
#5477 = DEFINITIONAL_REPRESENTATION('',(#5478),#5482);
#5478 = LINE('',#5479,#5480);
#5479 = CARTESIAN_POINT('',(-3.14159265359,8.));
#5480 = VECTOR('',#5481,1.);
#5481 = DIRECTION('',(1.,0.));
#5482 = ( GEOMETRIC_REPRESENTATION_CONTEXT(2) 
PARAMETRIC_REPRESENTATION_CONTEXT() REPRESENTATION_CONTEXT('2D SPACE',''
  ) );
#5483 = PCURVE('',#1591,#5484);
#5484 = DEFINITIONAL_REPRESENTATION('',(#5485),#5489);
#5485 = CIRCLE('',#5486,1.);
#5486 = AXIS2_PLACEMENT_2D('',#5487,#5488);
#5487 = CARTESIAN_POINT('',(-39.,2.));
#5488 = DIRECTION('',(0.,-1.));
#5489 = ( GEOMETRIC_REPRESENTATION_CONTEXT(2) 
PARAMETRIC_REPRESENTATION_CONTEXT() REPRESENTATION_CONTEXT('2D SPACE',''
  ) );
#5490 = ORIENTED_EDGE('',*,*,#1547,.F.);
#5491 = ADVANCED_FACE('',(#5492),#1591,.T.);
#5492 = FACE_BOUND('',#5493,.T.);
#5493 = EDGE_LOOP('',(#5494,#5495,#5496,#5497,#5498,#5499,#5521,#5522));
#5494 = ORIENTED_EDGE('',*,*,#5109,.T.);
#5495 = ORIENTED_EDGE('',*,*,#5010,.T.);
#5496 = ORIENTED_EDGE('',*,*,#4956,.T.);
#5497 = ORIENTED_EDGE('',*,*,#4823,.T.);
#5498 = ORIENTED_EDGE('',*,*,#4409,.F.);
#5499 = ORIENTED_EDGE('',*,*,#5500,.F.);
#5500 = EDGE_CURVE('',#1576,#4387,#5501,.T.);
#5501 = SURFACE_CURVE('',#5502,(#5507,#5514),.PCURVE_S1.);
#5502 = CIRCLE('',#5503,1.);
#5503 = AXIS2_PLACEMENT_3D('',#5504,#5505,#5506);
#5504 = CARTESIAN_POINT('',(-32.,89.031719958694,8.));
#5505 = DIRECTION('',(0.,-0.,1.));
#5506 = DIRECTION('',(0.,1.,0.));
#5507 = PCURVE('',#1591,#5508);
#5508 = DEFINITIONAL_REPRESENTATION('',(#5509),#5513);
#5509 = CIRCLE('',#5510,1.);
#5510 = AXIS2_PLACEMENT_2D('',#5511,#5512);
#5511 = CARTESIAN_POINT('',(-32.,2.));
#5512 = DIRECTION('',(0.,1.));
#5513 = ( GEOMETRIC_REPRESENTATION_CONTEXT(2) 
PARAMETRIC_REPRESENTATION_CONTEXT() REPRESENTATION_CONTEXT('2D SPACE',''
  ) );
#5514 = PCURVE('',#1619,#5515);
#5515 = DEFINITIONAL_REPRESENTATION('',(#5516),#5520);
#5516 = LINE('',#5517,#5518);
#5517 = CARTESIAN_POINT('',(-0.,18.672548350981));
#5518 = VECTOR('',#5519,1.);
#5519 = DIRECTION('',(-1.,0.));
#5520 = ( GEOMETRIC_REPRESENTATION_CONTEXT(2) 
PARAMETRIC_REPRESENTATION_CONTEXT() REPRESENTATION_CONTEXT('2D SPACE',''
  ) );
#5521 = ORIENTED_EDGE('',*,*,#1575,.F.);
#5522 = ORIENTED_EDGE('',*,*,#5469,.T.);
#5523 = ADVANCED_FACE('',(#5524),#1619,.T.);
#5524 = FACE_BOUND('',#5525,.F.);
#5525 = EDGE_LOOP('',(#5526,#5527,#5554,#5555));
#5526 = ORIENTED_EDGE('',*,*,#1603,.F.);
#5527 = ORIENTED_EDGE('',*,*,#5528,.F.);
#5528 = EDGE_CURVE('',#4165,#1604,#5529,.T.);
#5529 = SURFACE_CURVE('',#5530,(#5535,#5547),.PCURVE_S1.);
#5530 = ELLIPSE('',#5531,1.03527618041,1.);
#5531 = AXIS2_PLACEMENT_3D('',#5532,#5533,#5534);
#5532 = CARTESIAN_POINT('',(-32.,89.031719958694,26.394246396746));
#5533 = DIRECTION('',(0.,0.258819045103,-0.965925826289));
#5534 = DIRECTION('',(0.,-0.965925826289,-0.258819045103));
#5535 = PCURVE('',#1619,#5536);
#5536 = DEFINITIONAL_REPRESENTATION('',(#5537),#5546);
#5537 = B_SPLINE_CURVE_WITH_KNOTS('',7,(#5538,#5539,#5540,#5541,#5542,
    #5543,#5544,#5545),.UNSPECIFIED.,.F.,.F.,(8,8),(1.570796326795,
    3.14159265359),.PIECEWISE_BEZIER_KNOTS.);
#5538 = CARTESIAN_POINT('',(-1.570796326795,0.278301954235));
#5539 = CARTESIAN_POINT('',(-1.346396851538,0.218174296058));
#5540 = CARTESIAN_POINT('',(-1.121997376282,0.158046882035));
#5541 = CARTESIAN_POINT('',(-0.897597901026,0.102863071022));
#5542 = CARTESIAN_POINT('',(-0.673198425769,5.757545636593E-02));
#5543 = CARTESIAN_POINT('',(-0.448798950513,2.609442118634E-02));
#5544 = CARTESIAN_POINT('',(-0.224399475256,1.03527618041E-02));
#5545 = CARTESIAN_POINT('',(0.,1.03527618041E-02));
#5546 = ( GEOMETRIC_REPRESENTATION_CONTEXT(2) 
PARAMETRIC_REPRESENTATION_CONTEXT() REPRESENTATION_CONTEXT('2D SPACE',''
  ) );
#5547 = PCURVE('',#1646,#5548);
#5548 = DEFINITIONAL_REPRESENTATION('',(#5549),#5553);
#5549 = ELLIPSE('',#5550,1.03527618041,1.);
#5550 = AXIS2_PLACEMENT_2D('',#5551,#5552);
#5551 = CARTESIAN_POINT('',(1.,-86.56204432766));
#5552 = DIRECTION('',(0.,1.));
#5553 = ( GEOMETRIC_REPRESENTATION_CONTEXT(2) 
PARAMETRIC_REPRESENTATION_CONTEXT() REPRESENTATION_CONTEXT('2D SPACE',''
  ) );
#5554 = ORIENTED_EDGE('',*,*,#4386,.T.);
#5555 = ORIENTED_EDGE('',*,*,#5500,.F.);
#5556 = ADVANCED_FACE('',(#5557),#1646,.T.);
#5557 = FACE_BOUND('',#5558,.T.);
#5558 = EDGE_LOOP('',(#5559,#5560,#5561,#5562,#5563,#5590));
#5559 = ORIENTED_EDGE('',*,*,#5528,.F.);
#5560 = ORIENTED_EDGE('',*,*,#4164,.T.);
#5561 = ORIENTED_EDGE('',*,*,#4064,.T.);
#5562 = ORIENTED_EDGE('',*,*,#3961,.F.);
#5563 = ORIENTED_EDGE('',*,*,#5564,.F.);
#5564 = EDGE_CURVE('',#1632,#3681,#5565,.T.);
#5565 = SURFACE_CURVE('',#5566,(#5571,#5578),.PCURVE_S1.);
#5566 = ELLIPSE('',#5567,1.03527618041,1.);
#5567 = AXIS2_PLACEMENT_3D('',#5568,#5569,#5570);
#5568 = CARTESIAN_POINT('',(-28.,89.031719958694,26.394246396746));
#5569 = DIRECTION('',(0.,0.258819045103,-0.965925826289));
#5570 = DIRECTION('',(0.,-0.965925826289,-0.258819045103));
#5571 = PCURVE('',#1646,#5572);
#5572 = DEFINITIONAL_REPRESENTATION('',(#5573),#5577);
#5573 = ELLIPSE('',#5574,1.03527618041,1.);
#5574 = AXIS2_PLACEMENT_2D('',#5575,#5576);
#5575 = CARTESIAN_POINT('',(5.,-86.56204432766));
#5576 = DIRECTION('',(0.,1.));
#5577 = ( GEOMETRIC_REPRESENTATION_CONTEXT(2) 
PARAMETRIC_REPRESENTATION_CONTEXT() REPRESENTATION_CONTEXT('2D SPACE',''
  ) );
#5578 = PCURVE('',#1673,#5579);
#5579 = DEFINITIONAL_REPRESENTATION('',(#5580),#5589);
#5580 = B_SPLINE_CURVE_WITH_KNOTS('',7,(#5581,#5582,#5583,#5584,#5585,
    #5586,#5587,#5588),.UNSPECIFIED.,.F.,.F.,(8,8),(3.14159265359,
    4.712388980385),.PIECEWISE_BEZIER_KNOTS.);
#5581 = CARTESIAN_POINT('',(0.,1.03527618041E-02));
#5582 = CARTESIAN_POINT('',(0.224399475256,1.03527618041E-02));
#5583 = CARTESIAN_POINT('',(0.448798950513,2.609442118633E-02));
#5584 = CARTESIAN_POINT('',(0.673198425769,5.757545636592E-02));
#5585 = CARTESIAN_POINT('',(0.897597901026,0.102863071022));
#5586 = CARTESIAN_POINT('',(1.121997376282,0.158046882035));
#5587 = CARTESIAN_POINT('',(1.346396851538,0.218174296058));
#5588 = CARTESIAN_POINT('',(1.570796326795,0.278301954235));
#5589 = ( GEOMETRIC_REPRESENTATION_CONTEXT(2) 
PARAMETRIC_REPRESENTATION_CONTEXT() REPRESENTATION_CONTEXT('2D SPACE',''
  ) );
#5590 = ORIENTED_EDGE('',*,*,#1631,.T.);
#5591 = ADVANCED_FACE('',(#5592),#1673,.T.);
#5592 = FACE_BOUND('',#5593,.T.);
#5593 = EDGE_LOOP('',(#5594,#5595,#5596,#5597));
#5594 = ORIENTED_EDGE('',*,*,#1657,.F.);
#5595 = ORIENTED_EDGE('',*,*,#5564,.T.);
#5596 = ORIENTED_EDGE('',*,*,#3708,.T.);
#5597 = ORIENTED_EDGE('',*,*,#5598,.F.);
#5598 = EDGE_CURVE('',#1658,#3709,#5599,.T.);
#5599 = SURFACE_CURVE('',#5600,(#5605,#5612),.PCURVE_S1.);
#5600 = CIRCLE('',#5601,1.);
#5601 = AXIS2_PLACEMENT_3D('',#5602,#5603,#5604);
#5602 = CARTESIAN_POINT('',(-28.,89.031719958694,8.));
#5603 = DIRECTION('',(0.,0.,-1.));
#5604 = DIRECTION('',(0.,1.,0.));
#5605 = PCURVE('',#1673,#5606);
#5606 = DEFINITIONAL_REPRESENTATION('',(#5607),#5611);
#5607 = LINE('',#5608,#5609);
#5608 = CARTESIAN_POINT('',(0.,18.672548350981));
#5609 = VECTOR('',#5610,1.);
#5610 = DIRECTION('',(1.,0.));
#5611 = ( GEOMETRIC_REPRESENTATION_CONTEXT(2) 
PARAMETRIC_REPRESENTATION_CONTEXT() REPRESENTATION_CONTEXT('2D SPACE',''
  ) );
#5612 = PCURVE('',#1701,#5613);
#5613 = DEFINITIONAL_REPRESENTATION('',(#5614),#5622);
#5614 = ( BOUNDED_CURVE() B_SPLINE_CURVE(2,(#5615,#5616,#5617,#5618,
#5619,#5620,#5621),.UNSPECIFIED.,.T.,.F.) B_SPLINE_CURVE_WITH_KNOTS((1,2
    ,2,2,2,1),(-2.094395102393,0.,2.094395102393,4.188790204786,
6.28318530718,8.377580409573),.UNSPECIFIED.) CURVE() 
GEOMETRIC_REPRESENTATION_ITEM() RATIONAL_B_SPLINE_CURVE((1.,0.5,1.,0.5,
1.,0.5,1.)) REPRESENTATION_ITEM('') );
#5615 = CARTESIAN_POINT('',(-28.,3.));
#5616 = CARTESIAN_POINT('',(-26.26794919243,3.));
#5617 = CARTESIAN_POINT('',(-27.13397459621,1.5));
#5618 = CARTESIAN_POINT('',(-28.,-1.376676550535E-14));
#5619 = CARTESIAN_POINT('',(-28.86602540378,1.5));
#5620 = CARTESIAN_POINT('',(-29.73205080756,3.));
#5621 = CARTESIAN_POINT('',(-28.,3.));
#5622 = ( GEOMETRIC_REPRESENTATION_CONTEXT(2) 
PARAMETRIC_REPRESENTATION_CONTEXT() REPRESENTATION_CONTEXT('2D SPACE',''
  ) );
#5623 = ADVANCED_FACE('',(#5624),#1701,.T.);
#5624 = FACE_BOUND('',#5625,.T.);
#5625 = EDGE_LOOP('',(#5626,#5627,#5628,#5629,#5630,#5631,#5632,#5658));
#5626 = ORIENTED_EDGE('',*,*,#5598,.T.);
#5627 = ORIENTED_EDGE('',*,*,#3731,.F.);
#5628 = ORIENTED_EDGE('',*,*,#3807,.F.);
#5629 = ORIENTED_EDGE('',*,*,#3913,.T.);
#5630 = ORIENTED_EDGE('',*,*,#5216,.T.);
#5631 = ORIENTED_EDGE('',*,*,#3212,.F.);
#5632 = ORIENTED_EDGE('',*,*,#5633,.T.);
#5633 = EDGE_CURVE('',#3190,#1686,#5634,.T.);
#5634 = SURFACE_CURVE('',#5635,(#5640,#5651),.PCURVE_S1.);
#5635 = CIRCLE('',#5636,1.);
#5636 = AXIS2_PLACEMENT_3D('',#5637,#5638,#5639);
#5637 = CARTESIAN_POINT('',(-2.,89.031719958694,8.));
#5638 = DIRECTION('',(0.,0.,-1.));
#5639 = DIRECTION('',(0.,1.,0.));
#5640 = PCURVE('',#1701,#5641);
#5641 = DEFINITIONAL_REPRESENTATION('',(#5642),#5650);
#5642 = ( BOUNDED_CURVE() B_SPLINE_CURVE(2,(#5643,#5644,#5645,#5646,
#5647,#5648,#5649),.UNSPECIFIED.,.T.,.F.) B_SPLINE_CURVE_WITH_KNOTS((1,2
    ,2,2,2,1),(-2.094395102393,0.,2.094395102393,4.188790204786,
6.28318530718,8.377580409573),.UNSPECIFIED.) CURVE() 
GEOMETRIC_REPRESENTATION_ITEM() RATIONAL_B_SPLINE_CURVE((1.,0.5,1.,0.5,
1.,0.5,1.)) REPRESENTATION_ITEM('') );
#5643 = CARTESIAN_POINT('',(-2.,3.));
#5644 = CARTESIAN_POINT('',(-0.267949192431,3.));
#5645 = CARTESIAN_POINT('',(-1.133974596216,1.5));
#5646 = CARTESIAN_POINT('',(-2.,-1.376676550535E-14));
#5647 = CARTESIAN_POINT('',(-2.866025403784,1.5));
#5648 = CARTESIAN_POINT('',(-3.732050807569,3.));
#5649 = CARTESIAN_POINT('',(-2.,3.));
#5650 = ( GEOMETRIC_REPRESENTATION_CONTEXT(2) 
PARAMETRIC_REPRESENTATION_CONTEXT() REPRESENTATION_CONTEXT('2D SPACE',''
  ) );
#5651 = PCURVE('',#1729,#5652);
#5652 = DEFINITIONAL_REPRESENTATION('',(#5653),#5657);
#5653 = LINE('',#5654,#5655);
#5654 = CARTESIAN_POINT('',(-4.712388980385,18.672548350981));
#5655 = VECTOR('',#5656,1.);
#5656 = DIRECTION('',(1.,0.));
#5657 = ( GEOMETRIC_REPRESENTATION_CONTEXT(2) 
PARAMETRIC_REPRESENTATION_CONTEXT() REPRESENTATION_CONTEXT('2D SPACE',''
  ) );
#5658 = ORIENTED_EDGE('',*,*,#1685,.F.);
#5659 = ADVANCED_FACE('',(#5660),#1729,.T.);
#5660 = FACE_BOUND('',#5661,.T.);
#5661 = EDGE_LOOP('',(#5662,#5691,#5692,#5693));
#5662 = ORIENTED_EDGE('',*,*,#5663,.T.);
#5663 = EDGE_CURVE('',#3167,#1714,#5664,.T.);
#5664 = SURFACE_CURVE('',#5665,(#5670,#5680),.PCURVE_S1.);
#5665 = ELLIPSE('',#5666,1.03527618041,1.);
#5666 = AXIS2_PLACEMENT_3D('',#5667,#5668,#5669);
#5667 = CARTESIAN_POINT('',(-2.,89.031719958694,26.40459915855));
#5668 = DIRECTION('',(-0.,0.258819045103,-0.965925826289));
#5669 = DIRECTION('',(0.,-0.965925826289,-0.258819045103));
#5670 = PCURVE('',#1729,#5671);
#5671 = DEFINITIONAL_REPRESENTATION('',(#5672),#5679);
#5672 = B_SPLINE_CURVE_WITH_KNOTS('',5,(#5673,#5674,#5675,#5676,#5677,
    #5678),.UNSPECIFIED.,.F.,.F.,(6,6),(1.570796326795,3.14159265359),
  .PIECEWISE_BEZIER_KNOTS.);
#5673 = CARTESIAN_POINT('',(1.110223024625E-16,0.267949192431));
#5674 = CARTESIAN_POINT('',(0.314159265359,0.183770470983));
#5675 = CARTESIAN_POINT('',(0.628317668899,9.951592388432E-02));
#5676 = CARTESIAN_POINT('',(0.942479927831,3.296527086683E-02));
#5677 = CARTESIAN_POINT('',(1.256637061436,3.469446951954E-17));
#5678 = CARTESIAN_POINT('',(1.570796326795,0.));
#5679 = ( GEOMETRIC_REPRESENTATION_CONTEXT(2) 
PARAMETRIC_REPRESENTATION_CONTEXT() REPRESENTATION_CONTEXT('2D SPACE',''
  ) );
#5680 = PCURVE('',#1757,#5681);
#5681 = DEFINITIONAL_REPRESENTATION('',(#5682),#5690);
#5682 = ( BOUNDED_CURVE() B_SPLINE_CURVE(2,(#5683,#5684,#5685,#5686,
#5687,#5688,#5689),.UNSPECIFIED.,.T.,.F.) B_SPLINE_CURVE_WITH_KNOTS((1,2
    ,2,2,2,1),(-2.094395102393,0.,2.094395102393,4.188790204786,
6.28318530718,8.377580409573),.UNSPECIFIED.) CURVE() 
GEOMETRIC_REPRESENTATION_ITEM() RATIONAL_B_SPLINE_CURVE((1.,0.5,1.,0.5,
1.,0.5,1.)) REPRESENTATION_ITEM('') );
#5683 = CARTESIAN_POINT('',(85.52944763918,-1.));
#5684 = CARTESIAN_POINT('',(85.52944763918,0.732050807569));
#5685 = CARTESIAN_POINT('',(87.082361909795,-0.133974596216));
#5686 = CARTESIAN_POINT('',(88.63527618041,-1.));
#5687 = CARTESIAN_POINT('',(87.082361909795,-1.866025403784));
#5688 = CARTESIAN_POINT('',(85.52944763918,-2.732050807569));
#5689 = CARTESIAN_POINT('',(85.52944763918,-1.));
#5690 = ( GEOMETRIC_REPRESENTATION_CONTEXT(2) 
PARAMETRIC_REPRESENTATION_CONTEXT() REPRESENTATION_CONTEXT('2D SPACE',''
  ) );
#5691 = ORIENTED_EDGE('',*,*,#1713,.T.);
#5692 = ORIENTED_EDGE('',*,*,#5633,.F.);
#5693 = ORIENTED_EDGE('',*,*,#3189,.F.);
#5694 = ADVANCED_FACE('',(#5695),#1757,.T.);
#5695 = FACE_BOUND('',#5696,.T.);
#5696 = EDGE_LOOP('',(#5697,#5698,#5699,#5700,#5725,#5726,#5727,#5728));
#5697 = ORIENTED_EDGE('',*,*,#2987,.T.);
#5698 = ORIENTED_EDGE('',*,*,#2931,.T.);
#5699 = ORIENTED_EDGE('',*,*,#2610,.T.);
#5700 = ORIENTED_EDGE('',*,*,#5701,.T.);
#5701 = EDGE_CURVE('',#2611,#1742,#5702,.T.);
#5702 = SURFACE_CURVE('',#5703,(#5708,#5715),.PCURVE_S1.);
#5703 = ELLIPSE('',#5704,1.03527618041,1.);
#5704 = AXIS2_PLACEMENT_3D('',#5705,#5706,#5707);
#5705 = CARTESIAN_POINT('',(2.,89.031719958694,26.40459915855));
#5706 = DIRECTION('',(0.,-0.258819045103,0.965925826289));
#5707 = DIRECTION('',(0.,-0.965925826289,-0.258819045103));
#5708 = PCURVE('',#1757,#5709);
#5709 = DEFINITIONAL_REPRESENTATION('',(#5710),#5714);
#5710 = ELLIPSE('',#5711,1.03527618041,1.);
#5711 = AXIS2_PLACEMENT_2D('',#5712,#5713);
#5712 = CARTESIAN_POINT('',(86.56472381959,-5.));
#5713 = DIRECTION('',(-1.,-0.));
#5714 = ( GEOMETRIC_REPRESENTATION_CONTEXT(2) 
PARAMETRIC_REPRESENTATION_CONTEXT() REPRESENTATION_CONTEXT('2D SPACE',''
  ) );
#5715 = PCURVE('',#1785,#5716);
#5716 = DEFINITIONAL_REPRESENTATION('',(#5717),#5724);
#5717 = B_SPLINE_CURVE_WITH_KNOTS('',5,(#5718,#5719,#5720,#5721,#5722,
    #5723),.UNSPECIFIED.,.F.,.F.,(6,6),(1.570796326795,3.14159265359),
  .PIECEWISE_BEZIER_KNOTS.);
#5718 = CARTESIAN_POINT('',(-1.110223024625E-16,0.267949192431));
#5719 = CARTESIAN_POINT('',(-0.314159265359,0.183770470983));
#5720 = CARTESIAN_POINT('',(-0.628317668899,9.951592388432E-02));
#5721 = CARTESIAN_POINT('',(-0.942479927831,3.296527086683E-02));
#5722 = CARTESIAN_POINT('',(-1.256637061436,3.469446951954E-17));
#5723 = CARTESIAN_POINT('',(-1.570796326795,0.));
#5724 = ( GEOMETRIC_REPRESENTATION_CONTEXT(2) 
PARAMETRIC_REPRESENTATION_CONTEXT() REPRESENTATION_CONTEXT('2D SPACE',''
  ) );
#5725 = ORIENTED_EDGE('',*,*,#1741,.F.);
#5726 = ORIENTED_EDGE('',*,*,#5663,.F.);
#5727 = ORIENTED_EDGE('',*,*,#3166,.F.);
#5728 = ORIENTED_EDGE('',*,*,#3086,.T.);
#5729 = ADVANCED_FACE('',(#5730),#1785,.T.);
#5730 = FACE_BOUND('',#5731,.F.);
#5731 = EDGE_LOOP('',(#5732,#5733,#5734,#5756));
#5732 = ORIENTED_EDGE('',*,*,#5701,.T.);
#5733 = ORIENTED_EDGE('',*,*,#1769,.T.);
#5734 = ORIENTED_EDGE('',*,*,#5735,.F.);
#5735 = EDGE_CURVE('',#2634,#1770,#5736,.T.);
#5736 = SURFACE_CURVE('',#5737,(#5742,#5749),.PCURVE_S1.);
#5737 = CIRCLE('',#5738,1.);
#5738 = AXIS2_PLACEMENT_3D('',#5739,#5740,#5741);
#5739 = CARTESIAN_POINT('',(2.,89.031719958694,8.));
#5740 = DIRECTION('',(0.,-0.,1.));
#5741 = DIRECTION('',(0.,1.,0.));
#5742 = PCURVE('',#1785,#5743);
#5743 = DEFINITIONAL_REPRESENTATION('',(#5744),#5748);
#5744 = LINE('',#5745,#5746);
#5745 = CARTESIAN_POINT('',(4.712388980385,18.672548350981));
#5746 = VECTOR('',#5747,1.);
#5747 = DIRECTION('',(-1.,0.));
#5748 = ( GEOMETRIC_REPRESENTATION_CONTEXT(2) 
PARAMETRIC_REPRESENTATION_CONTEXT() REPRESENTATION_CONTEXT('2D SPACE',''
  ) );
#5749 = PCURVE('',#1811,#5750);
#5750 = DEFINITIONAL_REPRESENTATION('',(#5751),#5755);
#5751 = CIRCLE('',#5752,1.);
#5752 = AXIS2_PLACEMENT_2D('',#5753,#5754);
#5753 = CARTESIAN_POINT('',(2.,2.));
#5754 = DIRECTION('',(0.,1.));
#5755 = ( GEOMETRIC_REPRESENTATION_CONTEXT(2) 
PARAMETRIC_REPRESENTATION_CONTEXT() REPRESENTATION_CONTEXT('2D SPACE',''
  ) );
#5756 = ORIENTED_EDGE('',*,*,#2633,.F.);
#5757 = ADVANCED_FACE('',(#5758),#1811,.T.);
#5758 = FACE_BOUND('',#5759,.T.);
#5759 = EDGE_LOOP('',(#5760,#5761,#5762,#5763,#5764,#5765,#5766,#5788));
#5760 = ORIENTED_EDGE('',*,*,#5735,.F.);
#5761 = ORIENTED_EDGE('',*,*,#2656,.F.);
#5762 = ORIENTED_EDGE('',*,*,#2753,.T.);
#5763 = ORIENTED_EDGE('',*,*,#2859,.T.);
#5764 = ORIENTED_EDGE('',*,*,#5269,.T.);
#5765 = ORIENTED_EDGE('',*,*,#2237,.F.);
#5766 = ORIENTED_EDGE('',*,*,#5767,.F.);
#5767 = EDGE_CURVE('',#1426,#2215,#5768,.T.);
#5768 = SURFACE_CURVE('',#5769,(#5774,#5781),.PCURVE_S1.);
#5769 = CIRCLE('',#5770,1.);
#5770 = AXIS2_PLACEMENT_3D('',#5771,#5772,#5773);
#5771 = CARTESIAN_POINT('',(28.,89.031719958694,8.));
#5772 = DIRECTION('',(0.,-0.,1.));
#5773 = DIRECTION('',(0.,1.,0.));
#5774 = PCURVE('',#1811,#5775);
#5775 = DEFINITIONAL_REPRESENTATION('',(#5776),#5780);
#5776 = CIRCLE('',#5777,1.);
#5777 = AXIS2_PLACEMENT_2D('',#5778,#5779);
#5778 = CARTESIAN_POINT('',(28.,2.));
#5779 = DIRECTION('',(0.,1.));
#5780 = ( GEOMETRIC_REPRESENTATION_CONTEXT(2) 
PARAMETRIC_REPRESENTATION_CONTEXT() REPRESENTATION_CONTEXT('2D SPACE',''
  ) );
#5781 = PCURVE('',#1441,#5782);
#5782 = DEFINITIONAL_REPRESENTATION('',(#5783),#5787);
#5783 = LINE('',#5784,#5785);
#5784 = CARTESIAN_POINT('',(-0.,18.672548350981));
#5785 = VECTOR('',#5786,1.);
#5786 = DIRECTION('',(-1.,0.));
#5787 = ( GEOMETRIC_REPRESENTATION_CONTEXT(2) 
PARAMETRIC_REPRESENTATION_CONTEXT() REPRESENTATION_CONTEXT('2D SPACE',''
  ) );
#5788 = ORIENTED_EDGE('',*,*,#1797,.F.);
#5789 = ADVANCED_FACE('',(#5790),#1441,.T.);
#5790 = FACE_BOUND('',#5791,.F.);
#5791 = EDGE_LOOP('',(#5792,#5793,#5794,#5795));
#5792 = ORIENTED_EDGE('',*,*,#1423,.F.);
#5793 = ORIENTED_EDGE('',*,*,#1826,.F.);
#5794 = ORIENTED_EDGE('',*,*,#2214,.T.);
#5795 = ORIENTED_EDGE('',*,*,#5767,.F.);
#5796 = ADVANCED_FACE('',(#5797),#960,.T.);
#5797 = FACE_BOUND('',#5798,.T.);
#5798 = EDGE_LOOP('',(#5799,#5825,#5826,#5827,#5828,#5829,#5830,#5831));
#5799 = ORIENTED_EDGE('',*,*,#5800,.T.);
#5800 = EDGE_CURVE('',#1480,#917,#5801,.T.);
#5801 = SURFACE_CURVE('',#5802,(#5807,#5818),.PCURVE_S1.);
#5802 = CIRCLE('',#5803,1.);
#5803 = AXIS2_PLACEMENT_3D('',#5804,#5805,#5806);
#5804 = CARTESIAN_POINT('',(32.,89.031719958694,8.));
#5805 = DIRECTION('',(0.,0.,-1.));
#5806 = DIRECTION('',(0.,1.,0.));
#5807 = PCURVE('',#960,#5808);
#5808 = DEFINITIONAL_REPRESENTATION('',(#5809),#5817);
#5809 = ( BOUNDED_CURVE() B_SPLINE_CURVE(2,(#5810,#5811,#5812,#5813,
#5814,#5815,#5816),.UNSPECIFIED.,.T.,.F.) B_SPLINE_CURVE_WITH_KNOTS((1,2
    ,2,2,2,1),(-2.094395102393,0.,2.094395102393,4.188790204786,
6.28318530718,8.377580409573),.UNSPECIFIED.) CURVE() 
GEOMETRIC_REPRESENTATION_ITEM() RATIONAL_B_SPLINE_CURVE((1.,0.5,1.,0.5,
1.,0.5,1.)) REPRESENTATION_ITEM('') );
#5810 = CARTESIAN_POINT('',(32.,3.));
#5811 = CARTESIAN_POINT('',(33.732050807569,3.));
#5812 = CARTESIAN_POINT('',(32.866025403784,1.5));
#5813 = CARTESIAN_POINT('',(32.,-1.376676550535E-14));
#5814 = CARTESIAN_POINT('',(31.133974596216,1.5));
#5815 = CARTESIAN_POINT('',(30.267949192431,3.));
#5816 = CARTESIAN_POINT('',(32.,3.));
#5817 = ( GEOMETRIC_REPRESENTATION_CONTEXT(2) 
PARAMETRIC_REPRESENTATION_CONTEXT() REPRESENTATION_CONTEXT('2D SPACE',''
  ) );
#5818 = PCURVE('',#932,#5819);
#5819 = DEFINITIONAL_REPRESENTATION('',(#5820),#5824);
#5820 = LINE('',#5821,#5822);
#5821 = CARTESIAN_POINT('',(0.,18.672548350981));
#5822 = VECTOR('',#5823,1.);
#5823 = DIRECTION('',(1.,0.));
#5824 = ( GEOMETRIC_REPRESENTATION_CONTEXT(2) 
PARAMETRIC_REPRESENTATION_CONTEXT() REPRESENTATION_CONTEXT('2D SPACE',''
  ) );
#5825 = ORIENTED_EDGE('',*,*,#944,.F.);
#5826 = ORIENTED_EDGE('',*,*,#1025,.F.);
#5827 = ORIENTED_EDGE('',*,*,#1131,.T.);
#5828 = ORIENTED_EDGE('',*,*,#1239,.T.);
#5829 = ORIENTED_EDGE('',*,*,#1289,.T.);
#5830 = ORIENTED_EDGE('',*,*,#1397,.T.);
#5831 = ORIENTED_EDGE('',*,*,#1502,.F.);
#5832 = ADVANCED_FACE('',(#5833),#932,.T.);
#5833 = FACE_BOUND('',#5834,.T.);
#5834 = EDGE_LOOP('',(#5835,#5836,#5837,#5838));
#5835 = ORIENTED_EDGE('',*,*,#1479,.F.);
#5836 = ORIENTED_EDGE('',*,*,#1932,.T.);
#5837 = ORIENTED_EDGE('',*,*,#916,.T.);
#5838 = ORIENTED_EDGE('',*,*,#5800,.F.);
#5839 = ADVANCED_FACE('',(#5840),#904,.T.);
#5840 = FACE_BOUND('',#5841,.T.);
#5841 = EDGE_LOOP('',(#5842,#5843,#5844,#5845,#5846));
#5842 = ORIENTED_EDGE('',*,*,#888,.T.);
#5843 = ORIENTED_EDGE('',*,*,#1911,.T.);
#5844 = ORIENTED_EDGE('',*,*,#5416,.T.);
#5845 = ORIENTED_EDGE('',*,*,#5322,.F.);
#5846 = ORIENTED_EDGE('',*,*,#5847,.F.);
#5847 = EDGE_CURVE('',#861,#5323,#5848,.T.);
#5848 = SURFACE_CURVE('',#5849,(#5853,#5860),.PCURVE_S1.);
#5849 = LINE('',#5850,#5851);
#5850 = CARTESIAN_POINT('',(33.,5.419205766222,3.990340741737));
#5851 = VECTOR('',#5852,1.);
#5852 = DIRECTION('',(0.55214921353,-0.215789165622,0.805336129823));
#5853 = PCURVE('',#904,#5854);
#5854 = DEFINITIONAL_REPRESENTATION('',(#5855),#5859);
#5855 = LINE('',#5856,#5857);
#5856 = CARTESIAN_POINT('',(0.,0.));
#5857 = VECTOR('',#5858,1.);
#5858 = DIRECTION('',(1.,2.775557561563E-17));
#5859 = ( GEOMETRIC_REPRESENTATION_CONTEXT(2) 
PARAMETRIC_REPRESENTATION_CONTEXT() REPRESENTATION_CONTEXT('2D SPACE',''
  ) );
#5860 = PCURVE('',#876,#5861);
#5861 = DEFINITIONAL_REPRESENTATION('',(#5862),#5866);
#5862 = LINE('',#5863,#5864);
#5863 = CARTESIAN_POINT('',(0.840687326533,3.));
#5864 = VECTOR('',#5865,1.);
#5865 = DIRECTION('',(-0.83374531243,0.55214921353));
#5866 = ( GEOMETRIC_REPRESENTATION_CONTEXT(2) 
PARAMETRIC_REPRESENTATION_CONTEXT() REPRESENTATION_CONTEXT('2D SPACE',''
  ) );
#5867 = ADVANCED_FACE('',(#5868),#876,.T.);
#5868 = FACE_BOUND('',#5869,.T.);
#5869 = EDGE_LOOP('',(#5870,#5871,#5872));
#5870 = ORIENTED_EDGE('',*,*,#860,.F.);
#5871 = ORIENTED_EDGE('',*,*,#5847,.T.);
#5872 = ORIENTED_EDGE('',*,*,#5391,.T.);
#5873 = ADVANCED_FACE('',(#5874),#848,.T.);
#5874 = FACE_BOUND('',#5875,.T.);
#5875 = EDGE_LOOP('',(#5876,#5877,#5898,#5899));
#5876 = ORIENTED_EDGE('',*,*,#2191,.F.);
#5877 = ORIENTED_EDGE('',*,*,#5878,.T.);
#5878 = EDGE_CURVE('',#2169,#810,#5879,.T.);
#5879 = SURFACE_CURVE('',#5880,(#5884,#5891),.PCURVE_S1.);
#5880 = LINE('',#5881,#5882);
#5881 = CARTESIAN_POINT('',(27.,3.863703305156,9.795554957734));
#5882 = VECTOR('',#5883,1.);
#5883 = DIRECTION('',(1.,0.,0.));
#5884 = PCURVE('',#848,#5885);
#5885 = DEFINITIONAL_REPRESENTATION('',(#5886),#5890);
#5886 = LINE('',#5887,#5888);
#5887 = CARTESIAN_POINT('',(0.,0.));
#5888 = VECTOR('',#5889,1.);
#5889 = DIRECTION('',(0.,-1.));
#5890 = ( GEOMETRIC_REPRESENTATION_CONTEXT(2) 
PARAMETRIC_REPRESENTATION_CONTEXT() REPRESENTATION_CONTEXT('2D SPACE',''
  ) );
#5891 = PCURVE('',#100,#5892);
#5892 = DEFINITIONAL_REPRESENTATION('',(#5893),#5897);
#5893 = LINE('',#5894,#5895);
#5894 = CARTESIAN_POINT('',(4.,0.));
#5895 = VECTOR('',#5896,1.);
#5896 = DIRECTION('',(0.,-1.));
#5897 = ( GEOMETRIC_REPRESENTATION_CONTEXT(2) 
PARAMETRIC_REPRESENTATION_CONTEXT() REPRESENTATION_CONTEXT('2D SPACE',''
  ) );
#5898 = ORIENTED_EDGE('',*,*,#832,.T.);
#5899 = ORIENTED_EDGE('',*,*,#5370,.T.);
#5900 = ADVANCED_FACE('',(#5901,#5948,#5958),#324,.T.);
#5901 = FACE_BOUND('',#5902,.T.);
#5902 = EDGE_LOOP('',(#5903,#5904,#5926,#5927,#5928,#5929,#5930,#5931,
    #5932,#5933,#5934,#5935,#5936,#5937,#5938,#5939,#5940,#5941,#5942,
    #5943,#5944,#5945,#5946,#5947));
#5903 = ORIENTED_EDGE('',*,*,#308,.F.);
#5904 = ORIENTED_EDGE('',*,*,#5905,.T.);
#5905 = EDGE_CURVE('',#281,#4753,#5906,.T.);
#5906 = SURFACE_CURVE('',#5907,(#5912,#5919),.PCURVE_S1.);
#5907 = CIRCLE('',#5908,1.);
#5908 = AXIS2_PLACEMENT_3D('',#5909,#5910,#5911);
#5909 = CARTESIAN_POINT('',(-39.,1.,0.));
#5910 = DIRECTION('',(-0.,-0.,-1.));
#5911 = DIRECTION('',(0.,-1.,0.));
#5912 = PCURVE('',#324,#5913);
#5913 = DEFINITIONAL_REPRESENTATION('',(#5914),#5918);
#5914 = CIRCLE('',#5915,1.);
#5915 = AXIS2_PLACEMENT_2D('',#5916,#5917);
#5916 = CARTESIAN_POINT('',(89.031719958694,6.));
#5917 = DIRECTION('',(1.,0.));
#5918 = ( GEOMETRIC_REPRESENTATION_CONTEXT(2) 
PARAMETRIC_REPRESENTATION_CONTEXT() REPRESENTATION_CONTEXT('2D SPACE',''
  ) );
#5919 = PCURVE('',#296,#5920);
#5920 = DEFINITIONAL_REPRESENTATION('',(#5921),#5925);
#5921 = LINE('',#5922,#5923);
#5922 = CARTESIAN_POINT('',(-0.,0.));
#5923 = VECTOR('',#5924,1.);
#5924 = DIRECTION('',(-1.,0.));
#5925 = ( GEOMETRIC_REPRESENTATION_CONTEXT(2) 
PARAMETRIC_REPRESENTATION_CONTEXT() REPRESENTATION_CONTEXT('2D SPACE',''
  ) );
#5926 = ORIENTED_EDGE('',*,*,#4752,.F.);
#5927 = ORIENTED_EDGE('',*,*,#4670,.F.);
#5928 = ORIENTED_EDGE('',*,*,#4594,.F.);
#5929 = ORIENTED_EDGE('',*,*,#4512,.T.);
#5930 = ORIENTED_EDGE('',*,*,#4460,.F.);
#5931 = ORIENTED_EDGE('',*,*,#4852,.F.);
#5932 = ORIENTED_EDGE('',*,*,#4905,.F.);
#5933 = ORIENTED_EDGE('',*,*,#4981,.F.);
#5934 = ORIENTED_EDGE('',*,*,#5063,.F.);
#5935 = ORIENTED_EDGE('',*,*,#5442,.F.);
#5936 = ORIENTED_EDGE('',*,*,#1524,.T.);
#5937 = ORIENTED_EDGE('',*,*,#1341,.F.);
#5938 = ORIENTED_EDGE('',*,*,#1265,.F.);
#5939 = ORIENTED_EDGE('',*,*,#1183,.F.);
#5940 = ORIENTED_EDGE('',*,*,#1107,.F.);
#5941 = ORIENTED_EDGE('',*,*,#1050,.T.);
#5942 = ORIENTED_EDGE('',*,*,#1000,.T.);
#5943 = ORIENTED_EDGE('',*,*,#681,.F.);
#5944 = ORIENTED_EDGE('',*,*,#605,.F.);
#5945 = ORIENTED_EDGE('',*,*,#523,.T.);
#5946 = ORIENTED_EDGE('',*,*,#447,.F.);
#5947 = ORIENTED_EDGE('',*,*,#365,.F.);
#5948 = FACE_BOUND('',#5949,.T.);
#5949 = EDGE_LOOP('',(#5950,#5951,#5952,#5953,#5954,#5955,#5956,#5957));
#5950 = ORIENTED_EDGE('',*,*,#2288,.F.);
#5951 = ORIENTED_EDGE('',*,*,#5296,.F.);
#5952 = ORIENTED_EDGE('',*,*,#2835,.F.);
#5953 = ORIENTED_EDGE('',*,*,#2809,.F.);
#5954 = ORIENTED_EDGE('',*,*,#2707,.T.);
#5955 = ORIENTED_EDGE('',*,*,#2498,.F.);
#5956 = ORIENTED_EDGE('',*,*,#2422,.F.);
#5957 = ORIENTED_EDGE('',*,*,#2340,.T.);
#5958 = FACE_BOUND('',#5959,.T.);
#5959 = EDGE_LOOP('',(#5960,#5961,#5962,#5963,#5964,#5965,#5966,#5967));
#5960 = ORIENTED_EDGE('',*,*,#3263,.F.);
#5961 = ORIENTED_EDGE('',*,*,#5243,.F.);
#5962 = ORIENTED_EDGE('',*,*,#3889,.F.);
#5963 = ORIENTED_EDGE('',*,*,#3832,.T.);
#5964 = ORIENTED_EDGE('',*,*,#3782,.T.);
#5965 = ORIENTED_EDGE('',*,*,#3473,.F.);
#5966 = ORIENTED_EDGE('',*,*,#3397,.F.);
#5967 = ORIENTED_EDGE('',*,*,#3315,.T.);
#5968 = ADVANCED_FACE('',(#5969),#296,.T.);
#5969 = FACE_BOUND('',#5970,.F.);
#5970 = EDGE_LOOP('',(#5971,#5972,#5973,#5999));
#5971 = ORIENTED_EDGE('',*,*,#5905,.T.);
#5972 = ORIENTED_EDGE('',*,*,#4799,.T.);
#5973 = ORIENTED_EDGE('',*,*,#5974,.F.);
#5974 = EDGE_CURVE('',#253,#4777,#5975,.T.);
#5975 = SURFACE_CURVE('',#5976,(#5981,#5988),.PCURVE_S1.);
#5976 = CIRCLE('',#5977,1.);
#5977 = AXIS2_PLACEMENT_3D('',#5978,#5979,#5980);
#5978 = CARTESIAN_POINT('',(-39.,1.,3.4));
#5979 = DIRECTION('',(-0.,-0.,-1.));
#5980 = DIRECTION('',(0.,-1.,0.));
#5981 = PCURVE('',#296,#5982);
#5982 = DEFINITIONAL_REPRESENTATION('',(#5983),#5987);
#5983 = LINE('',#5984,#5985);
#5984 = CARTESIAN_POINT('',(-0.,3.4));
#5985 = VECTOR('',#5986,1.);
#5986 = DIRECTION('',(-1.,0.));
#5987 = ( GEOMETRIC_REPRESENTATION_CONTEXT(2) 
PARAMETRIC_REPRESENTATION_CONTEXT() REPRESENTATION_CONTEXT('2D SPACE',''
  ) );
#5988 = PCURVE('',#268,#5989);
#5989 = DEFINITIONAL_REPRESENTATION('',(#5990),#5998);
#5990 = ( BOUNDED_CURVE() B_SPLINE_CURVE(2,(#5991,#5992,#5993,#5994,
#5995,#5996,#5997),.UNSPECIFIED.,.T.,.F.) B_SPLINE_CURVE_WITH_KNOTS((1,2
    ,2,2,2,1),(-2.094395102393,0.,2.094395102393,4.188790204786,
6.28318530718,8.377580409573),.UNSPECIFIED.) CURVE() 
GEOMETRIC_REPRESENTATION_ITEM() RATIONAL_B_SPLINE_CURVE((1.,0.5,1.,0.5,
1.,0.5,1.)) REPRESENTATION_ITEM('') );
#5991 = CARTESIAN_POINT('',(-39.,-5.708308787886));
#5992 = CARTESIAN_POINT('',(-40.73205080756,-5.708308787886));
#5993 = CARTESIAN_POINT('',(-39.86602540378,-4.208308787886));
#5994 = CARTESIAN_POINT('',(-39.,-2.708308787886));
#5995 = CARTESIAN_POINT('',(-38.13397459621,-4.208308787886));
#5996 = CARTESIAN_POINT('',(-37.26794919243,-5.708308787886));
#5997 = CARTESIAN_POINT('',(-39.,-5.708308787886));
#5998 = ( GEOMETRIC_REPRESENTATION_CONTEXT(2) 
PARAMETRIC_REPRESENTATION_CONTEXT() REPRESENTATION_CONTEXT('2D SPACE',''
  ) );
#5999 = ORIENTED_EDGE('',*,*,#280,.F.);
#6000 = ADVANCED_FACE('',(#6001),#268,.T.);
#6001 = FACE_BOUND('',#6002,.T.);
#6002 = EDGE_LOOP('',(#6003,#6004,#6005,#6006,#6032,#6033,#6034,#6035));
#6003 = ORIENTED_EDGE('',*,*,#4776,.T.);
#6004 = ORIENTED_EDGE('',*,*,#5974,.F.);
#6005 = ORIENTED_EDGE('',*,*,#252,.F.);
#6006 = ORIENTED_EDGE('',*,*,#6007,.T.);
#6007 = EDGE_CURVE('',#225,#4293,#6008,.T.);
#6008 = SURFACE_CURVE('',#6009,(#6014,#6025),.PCURVE_S1.);
#6009 = CIRCLE('',#6010,1.);
#6010 = AXIS2_PLACEMENT_3D('',#6011,#6012,#6013);
#6011 = CARTESIAN_POINT('',(-32.,1.,3.4));
#6012 = DIRECTION('',(-0.,-0.,-1.));
#6013 = DIRECTION('',(0.,-1.,0.));
#6014 = PCURVE('',#268,#6015);
#6015 = DEFINITIONAL_REPRESENTATION('',(#6016),#6024);
#6016 = ( BOUNDED_CURVE() B_SPLINE_CURVE(2,(#6017,#6018,#6019,#6020,
#6021,#6022,#6023),.UNSPECIFIED.,.T.,.F.) B_SPLINE_CURVE_WITH_KNOTS((1,2
    ,2,2,2,1),(-2.094395102393,0.,2.094395102393,4.188790204786,
6.28318530718,8.377580409573),.UNSPECIFIED.) CURVE() 
GEOMETRIC_REPRESENTATION_ITEM() RATIONAL_B_SPLINE_CURVE((1.,0.5,1.,0.5,
1.,0.5,1.)) REPRESENTATION_ITEM('') );
#6017 = CARTESIAN_POINT('',(-32.,-5.708308787886));
#6018 = CARTESIAN_POINT('',(-33.73205080756,-5.708308787886));
#6019 = CARTESIAN_POINT('',(-32.86602540378,-4.208308787886));
#6020 = CARTESIAN_POINT('',(-32.,-2.708308787886));
#6021 = CARTESIAN_POINT('',(-31.13397459621,-4.208308787886));
#6022 = CARTESIAN_POINT('',(-30.26794919243,-5.708308787886));
#6023 = CARTESIAN_POINT('',(-32.,-5.708308787886));
#6024 = ( GEOMETRIC_REPRESENTATION_CONTEXT(2) 
PARAMETRIC_REPRESENTATION_CONTEXT() REPRESENTATION_CONTEXT('2D SPACE',''
  ) );
#6025 = PCURVE('',#240,#6026);
#6026 = DEFINITIONAL_REPRESENTATION('',(#6027),#6031);
#6027 = LINE('',#6028,#6029);
#6028 = CARTESIAN_POINT('',(-0.,0.));
#6029 = VECTOR('',#6030,1.);
#6030 = DIRECTION('',(-1.,0.));
#6031 = ( GEOMETRIC_REPRESENTATION_CONTEXT(2) 
PARAMETRIC_REPRESENTATION_CONTEXT() REPRESENTATION_CONTEXT('2D SPACE',''
  ) );
#6032 = ORIENTED_EDGE('',*,*,#4292,.T.);
#6033 = ORIENTED_EDGE('',*,*,#4541,.F.);
#6034 = ORIENTED_EDGE('',*,*,#4618,.T.);
#6035 = ORIENTED_EDGE('',*,*,#4726,.T.);
#6036 = ADVANCED_FACE('',(#6037),#240,.T.);
#6037 = FACE_BOUND('',#6038,.F.);
#6038 = EDGE_LOOP('',(#6039,#6040,#6041,#6070));
#6039 = ORIENTED_EDGE('',*,*,#6007,.T.);
#6040 = ORIENTED_EDGE('',*,*,#4317,.T.);
#6041 = ORIENTED_EDGE('',*,*,#6042,.F.);
#6042 = EDGE_CURVE('',#197,#4318,#6043,.T.);
#6043 = SURFACE_CURVE('',#6044,(#6049,#6059),.PCURVE_S1.);
#6044 = ELLIPSE('',#6045,1.03527618041,1.);
#6045 = AXIS2_PLACEMENT_3D('',#6046,#6047,#6048);
#6046 = CARTESIAN_POINT('',(-32.,1.,9.028227969755));
#6047 = DIRECTION('',(-0.,0.258819045103,-0.965925826289));
#6048 = DIRECTION('',(0.,0.965925826289,0.258819045103));
#6049 = PCURVE('',#240,#6050);
#6050 = DEFINITIONAL_REPRESENTATION('',(#6051),#6058);
#6051 = B_SPLINE_CURVE_WITH_KNOTS('',5,(#6052,#6053,#6054,#6055,#6056,
    #6057),.UNSPECIFIED.,.F.,.F.,(6,6),(3.14159265359,4.712388980385),
  .PIECEWISE_BEZIER_KNOTS.);
#6052 = CARTESIAN_POINT('',(-2.22044604925E-16,5.360278777324));
#6053 = CARTESIAN_POINT('',(-0.314159265359,5.360278777324));
#6054 = CARTESIAN_POINT('',(-0.628316398964,5.393244048191));
#6055 = CARTESIAN_POINT('',(-0.942478657896,5.459794701209));
#6056 = CARTESIAN_POINT('',(-1.256637061436,5.544049248308));
#6057 = CARTESIAN_POINT('',(-1.570796326795,5.628227969755));
#6058 = ( GEOMETRIC_REPRESENTATION_CONTEXT(2) 
PARAMETRIC_REPRESENTATION_CONTEXT() REPRESENTATION_CONTEXT('2D SPACE',''
  ) );
#6059 = PCURVE('',#212,#6060);
#6060 = DEFINITIONAL_REPRESENTATION('',(#6061),#6069);
#6061 = ( BOUNDED_CURVE() B_SPLINE_CURVE(2,(#6062,#6063,#6064,#6065,
#6066,#6067,#6068),.UNSPECIFIED.,.T.,.F.) B_SPLINE_CURVE_WITH_KNOTS((1,2
    ,2,2,2,1),(-2.094395102393,0.,2.094395102393,4.188790204786,
6.28318530718,8.377580409573),.UNSPECIFIED.) CURVE() 
GEOMETRIC_REPRESENTATION_ITEM() RATIONAL_B_SPLINE_CURVE((1.,0.5,1.,0.5,
1.,0.5,1.)) REPRESENTATION_ITEM('') );
#6062 = CARTESIAN_POINT('',(2.07055236082,-1.));
#6063 = CARTESIAN_POINT('',(2.07055236082,-2.732050807569));
#6064 = CARTESIAN_POINT('',(0.517638090205,-1.866025403784));
#6065 = CARTESIAN_POINT('',(-1.03527618041,-1.));
#6066 = CARTESIAN_POINT('',(0.517638090205,-0.133974596216));
#6067 = CARTESIAN_POINT('',(2.07055236082,0.732050807569));
#6068 = CARTESIAN_POINT('',(2.07055236082,-1.));
#6069 = ( GEOMETRIC_REPRESENTATION_CONTEXT(2) 
PARAMETRIC_REPRESENTATION_CONTEXT() REPRESENTATION_CONTEXT('2D SPACE',''
  ) );
#6070 = ORIENTED_EDGE('',*,*,#224,.F.);
#6071 = ADVANCED_FACE('',(#6072),#212,.T.);
#6072 = FACE_BOUND('',#6073,.T.);
#6073 = EDGE_LOOP('',(#6074,#6075,#6100,#6101,#6102,#6103));
#6074 = ORIENTED_EDGE('',*,*,#196,.T.);
#6075 = ORIENTED_EDGE('',*,*,#6076,.T.);
#6076 = EDGE_CURVE('',#169,#3579,#6077,.T.);
#6077 = SURFACE_CURVE('',#6078,(#6083,#6090),.PCURVE_S1.);
#6078 = ELLIPSE('',#6079,1.03527618041,1.);
#6079 = AXIS2_PLACEMENT_3D('',#6080,#6081,#6082);
#6080 = CARTESIAN_POINT('',(-28.,1.,9.028227969755));
#6081 = DIRECTION('',(0.,-0.258819045103,0.965925826289));
#6082 = DIRECTION('',(0.,0.965925826289,0.258819045103));
#6083 = PCURVE('',#212,#6084);
#6084 = DEFINITIONAL_REPRESENTATION('',(#6085),#6089);
#6085 = ELLIPSE('',#6086,1.03527618041,1.);
#6086 = AXIS2_PLACEMENT_2D('',#6087,#6088);
#6087 = CARTESIAN_POINT('',(1.03527618041,-5.));
#6088 = DIRECTION('',(1.,0.));
#6089 = ( GEOMETRIC_REPRESENTATION_CONTEXT(2) 
PARAMETRIC_REPRESENTATION_CONTEXT() REPRESENTATION_CONTEXT('2D SPACE',''
  ) );
#6090 = PCURVE('',#184,#6091);
#6091 = DEFINITIONAL_REPRESENTATION('',(#6092),#6099);
#6092 = B_SPLINE_CURVE_WITH_KNOTS('',5,(#6093,#6094,#6095,#6096,#6097,
    #6098),.UNSPECIFIED.,.F.,.F.,(6,6),(3.14159265359,4.712388980385),
  .PIECEWISE_BEZIER_KNOTS.);
#6093 = CARTESIAN_POINT('',(2.22044604925E-16,5.360278777324));
#6094 = CARTESIAN_POINT('',(0.314159265359,5.360278777324));
#6095 = CARTESIAN_POINT('',(0.628316398964,5.393244048191));
#6096 = CARTESIAN_POINT('',(0.942478657896,5.459794701209));
#6097 = CARTESIAN_POINT('',(1.256637061436,5.544049248308));
#6098 = CARTESIAN_POINT('',(1.570796326795,5.628227969755));
#6099 = ( GEOMETRIC_REPRESENTATION_CONTEXT(2) 
PARAMETRIC_REPRESENTATION_CONTEXT() REPRESENTATION_CONTEXT('2D SPACE',''
  ) );
#6100 = ORIENTED_EDGE('',*,*,#3601,.T.);
#6101 = ORIENTED_EDGE('',*,*,#5190,.F.);
#6102 = ORIENTED_EDGE('',*,*,#4340,.F.);
#6103 = ORIENTED_EDGE('',*,*,#6042,.F.);
#6104 = ADVANCED_FACE('',(#6105),#184,.T.);
#6105 = FACE_BOUND('',#6106,.T.);
#6106 = EDGE_LOOP('',(#6107,#6129,#6130,#6131));
#6107 = ORIENTED_EDGE('',*,*,#6108,.T.);
#6108 = EDGE_CURVE('',#141,#3556,#6109,.T.);
#6109 = SURFACE_CURVE('',#6110,(#6115,#6122),.PCURVE_S1.);
#6110 = CIRCLE('',#6111,1.);
#6111 = AXIS2_PLACEMENT_3D('',#6112,#6113,#6114);
#6112 = CARTESIAN_POINT('',(-28.,1.,3.4));
#6113 = DIRECTION('',(0.,0.,1.));
#6114 = DIRECTION('',(0.,-1.,0.));
#6115 = PCURVE('',#184,#6116);
#6116 = DEFINITIONAL_REPRESENTATION('',(#6117),#6121);
#6117 = LINE('',#6118,#6119);
#6118 = CARTESIAN_POINT('',(0.,0.));
#6119 = VECTOR('',#6120,1.);
#6120 = DIRECTION('',(1.,0.));
#6121 = ( GEOMETRIC_REPRESENTATION_CONTEXT(2) 
PARAMETRIC_REPRESENTATION_CONTEXT() REPRESENTATION_CONTEXT('2D SPACE',''
  ) );
#6122 = PCURVE('',#156,#6123);
#6123 = DEFINITIONAL_REPRESENTATION('',(#6124),#6128);
#6124 = CIRCLE('',#6125,1.);
#6125 = AXIS2_PLACEMENT_2D('',#6126,#6127);
#6126 = CARTESIAN_POINT('',(-28.,-4.708308787886));
#6127 = DIRECTION('',(0.,-1.));
#6128 = ( GEOMETRIC_REPRESENTATION_CONTEXT(2) 
PARAMETRIC_REPRESENTATION_CONTEXT() REPRESENTATION_CONTEXT('2D SPACE',''
  ) );
#6129 = ORIENTED_EDGE('',*,*,#3578,.T.);
#6130 = ORIENTED_EDGE('',*,*,#6076,.F.);
#6131 = ORIENTED_EDGE('',*,*,#168,.F.);
#6132 = ADVANCED_FACE('',(#6133),#156,.T.);
#6133 = FACE_BOUND('',#6134,.T.);
#6134 = EDGE_LOOP('',(#6135,#6136,#6137,#6163,#6164,#6165,#6166,#6167,
    #6168,#6169,#6170,#6171,#6172,#6173,#6174,#6175));
#6135 = ORIENTED_EDGE('',*,*,#6108,.F.);
#6136 = ORIENTED_EDGE('',*,*,#140,.F.);
#6137 = ORIENTED_EDGE('',*,*,#6138,.T.);
#6138 = EDGE_CURVE('',#113,#2121,#6139,.T.);
#6139 = SURFACE_CURVE('',#6140,(#6145,#6156),.PCURVE_S1.);
#6140 = CIRCLE('',#6141,1.);
#6141 = AXIS2_PLACEMENT_3D('',#6142,#6143,#6144);
#6142 = CARTESIAN_POINT('',(28.,1.,3.4));
#6143 = DIRECTION('',(-0.,-0.,-1.));
#6144 = DIRECTION('',(0.,-1.,0.));
#6145 = PCURVE('',#156,#6146);
#6146 = DEFINITIONAL_REPRESENTATION('',(#6147),#6155);
#6147 = ( BOUNDED_CURVE() B_SPLINE_CURVE(2,(#6148,#6149,#6150,#6151,
#6152,#6153,#6154),.UNSPECIFIED.,.T.,.F.) B_SPLINE_CURVE_WITH_KNOTS((1,2
    ,2,2,2,1),(-2.094395102393,0.,2.094395102393,4.188790204786,
6.28318530718,8.377580409573),.UNSPECIFIED.) CURVE() 
GEOMETRIC_REPRESENTATION_ITEM() RATIONAL_B_SPLINE_CURVE((1.,0.5,1.,0.5,
1.,0.5,1.)) REPRESENTATION_ITEM('') );
#6148 = CARTESIAN_POINT('',(28.,-5.708308787886));
#6149 = CARTESIAN_POINT('',(26.267949192431,-5.708308787886));
#6150 = CARTESIAN_POINT('',(27.133974596216,-4.208308787886));
#6151 = CARTESIAN_POINT('',(28.,-2.708308787886));
#6152 = CARTESIAN_POINT('',(28.866025403784,-4.208308787886));
#6153 = CARTESIAN_POINT('',(29.732050807569,-5.708308787886));
#6154 = CARTESIAN_POINT('',(28.,-5.708308787886));
#6155 = ( GEOMETRIC_REPRESENTATION_CONTEXT(2) 
PARAMETRIC_REPRESENTATION_CONTEXT() REPRESENTATION_CONTEXT('2D SPACE',''
  ) );
#6156 = PCURVE('',#128,#6157);
#6157 = DEFINITIONAL_REPRESENTATION('',(#6158),#6162);
#6158 = LINE('',#6159,#6160);
#6159 = CARTESIAN_POINT('',(-0.,0.));
#6160 = VECTOR('',#6161,1.);
#6161 = DIRECTION('',(-1.,0.));
#6162 = ( GEOMETRIC_REPRESENTATION_CONTEXT(2) 
PARAMETRIC_REPRESENTATION_CONTEXT() REPRESENTATION_CONTEXT('2D SPACE',''
  ) );
#6163 = ORIENTED_EDGE('',*,*,#2120,.T.);
#6164 = ORIENTED_EDGE('',*,*,#2369,.F.);
#6165 = ORIENTED_EDGE('',*,*,#2446,.T.);
#6166 = ORIENTED_EDGE('',*,*,#2550,.T.);
#6167 = ORIENTED_EDGE('',*,*,#2729,.T.);
#6168 = ORIENTED_EDGE('',*,*,#2906,.F.);
#6169 = ORIENTED_EDGE('',*,*,#3038,.T.);
#6170 = ORIENTED_EDGE('',*,*,#3061,.F.);
#6171 = ORIENTED_EDGE('',*,*,#3142,.T.);
#6172 = ORIENTED_EDGE('',*,*,#3344,.F.);
#6173 = ORIENTED_EDGE('',*,*,#3421,.T.);
#6174 = ORIENTED_EDGE('',*,*,#3525,.T.);
#6175 = ORIENTED_EDGE('',*,*,#3555,.T.);
#6176 = ADVANCED_FACE('',(#6177),#128,.T.);
#6177 = FACE_BOUND('',#6178,.F.);
#6178 = EDGE_LOOP('',(#6179,#6180,#6181,#6210));
#6179 = ORIENTED_EDGE('',*,*,#6138,.T.);
#6180 = ORIENTED_EDGE('',*,*,#2145,.T.);
#6181 = ORIENTED_EDGE('',*,*,#6182,.F.);
#6182 = EDGE_CURVE('',#85,#2146,#6183,.T.);
#6183 = SURFACE_CURVE('',#6184,(#6189,#6199),.PCURVE_S1.);
#6184 = ELLIPSE('',#6185,1.03527618041,1.);
#6185 = AXIS2_PLACEMENT_3D('',#6186,#6187,#6188);
#6186 = CARTESIAN_POINT('',(28.,1.,9.028227969755));
#6187 = DIRECTION('',(-0.,0.258819045103,-0.965925826289));
#6188 = DIRECTION('',(0.,0.965925826289,0.258819045103));
#6189 = PCURVE('',#128,#6190);
#6190 = DEFINITIONAL_REPRESENTATION('',(#6191),#6198);
#6191 = B_SPLINE_CURVE_WITH_KNOTS('',5,(#6192,#6193,#6194,#6195,#6196,
    #6197),.UNSPECIFIED.,.F.,.F.,(6,6),(3.14159265359,4.712388980385),
  .PIECEWISE_BEZIER_KNOTS.);
#6192 = CARTESIAN_POINT('',(-2.22044604925E-16,5.360278777324));
#6193 = CARTESIAN_POINT('',(-0.314159265359,5.360278777324));
#6194 = CARTESIAN_POINT('',(-0.628316398964,5.393244048191));
#6195 = CARTESIAN_POINT('',(-0.942478657896,5.459794701209));
#6196 = CARTESIAN_POINT('',(-1.256637061436,5.544049248308));
#6197 = CARTESIAN_POINT('',(-1.570796326795,5.628227969755));
#6198 = ( GEOMETRIC_REPRESENTATION_CONTEXT(2) 
PARAMETRIC_REPRESENTATION_CONTEXT() REPRESENTATION_CONTEXT('2D SPACE',''
  ) );
#6199 = PCURVE('',#100,#6200);
#6200 = DEFINITIONAL_REPRESENTATION('',(#6201),#6209);
#6201 = ( BOUNDED_CURVE() B_SPLINE_CURVE(2,(#6202,#6203,#6204,#6205,
#6206,#6207,#6208),.UNSPECIFIED.,.T.,.F.) B_SPLINE_CURVE_WITH_KNOTS((1,2
    ,2,2,2,1),(-2.094395102393,0.,2.094395102393,4.188790204786,
6.28318530718,8.377580409573),.UNSPECIFIED.) CURVE() 
GEOMETRIC_REPRESENTATION_ITEM() RATIONAL_B_SPLINE_CURVE((1.,0.5,1.,0.5,
1.,0.5,1.)) REPRESENTATION_ITEM('') );
#6202 = CARTESIAN_POINT('',(2.07055236082,-1.));
#6203 = CARTESIAN_POINT('',(2.07055236082,-2.732050807569));
#6204 = CARTESIAN_POINT('',(0.517638090205,-1.866025403784));
#6205 = CARTESIAN_POINT('',(-1.03527618041,-1.));
#6206 = CARTESIAN_POINT('',(0.517638090205,-0.133974596216));
#6207 = CARTESIAN_POINT('',(2.07055236082,0.732050807569));
#6208 = CARTESIAN_POINT('',(2.07055236082,-1.));
#6209 = ( GEOMETRIC_REPRESENTATION_CONTEXT(2) 
PARAMETRIC_REPRESENTATION_CONTEXT() REPRESENTATION_CONTEXT('2D SPACE',''
  ) );
#6210 = ORIENTED_EDGE('',*,*,#112,.F.);
#6211 = ADVANCED_FACE('',(#6212),#100,.T.);
#6212 = FACE_BOUND('',#6213,.T.);
#6213 = EDGE_LOOP('',(#6214,#6215,#6240,#6241,#6242,#6243));
#6214 = ORIENTED_EDGE('',*,*,#84,.T.);
#6215 = ORIENTED_EDGE('',*,*,#6216,.T.);
#6216 = EDGE_CURVE('',#57,#787,#6217,.T.);
#6217 = SURFACE_CURVE('',#6218,(#6223,#6230),.PCURVE_S1.);
#6218 = ELLIPSE('',#6219,1.03527618041,1.);
#6219 = AXIS2_PLACEMENT_3D('',#6220,#6221,#6222);
#6220 = CARTESIAN_POINT('',(32.,1.,9.028227969755));
#6221 = DIRECTION('',(0.,-0.258819045103,0.965925826289));
#6222 = DIRECTION('',(0.,0.965925826289,0.258819045103));
#6223 = PCURVE('',#100,#6224);
#6224 = DEFINITIONAL_REPRESENTATION('',(#6225),#6229);
#6225 = ELLIPSE('',#6226,1.03527618041,1.);
#6226 = AXIS2_PLACEMENT_2D('',#6227,#6228);
#6227 = CARTESIAN_POINT('',(1.03527618041,-5.));
#6228 = DIRECTION('',(1.,0.));
#6229 = ( GEOMETRIC_REPRESENTATION_CONTEXT(2) 
PARAMETRIC_REPRESENTATION_CONTEXT() REPRESENTATION_CONTEXT('2D SPACE',''
  ) );
#6230 = PCURVE('',#72,#6231);
#6231 = DEFINITIONAL_REPRESENTATION('',(#6232),#6239);
#6232 = B_SPLINE_CURVE_WITH_KNOTS('',5,(#6233,#6234,#6235,#6236,#6237,
    #6238),.UNSPECIFIED.,.F.,.F.,(6,6),(3.14159265359,4.712388980385),
  .PIECEWISE_BEZIER_KNOTS.);
#6233 = CARTESIAN_POINT('',(2.22044604925E-16,5.360278777324));
#6234 = CARTESIAN_POINT('',(0.314159265359,5.360278777324));
#6235 = CARTESIAN_POINT('',(0.628316398964,5.393244048191));
#6236 = CARTESIAN_POINT('',(0.942478657896,5.459794701209));
#6237 = CARTESIAN_POINT('',(1.256637061436,5.544049248308));
#6238 = CARTESIAN_POINT('',(1.570796326795,5.628227969755));
#6239 = ( GEOMETRIC_REPRESENTATION_CONTEXT(2) 
PARAMETRIC_REPRESENTATION_CONTEXT() REPRESENTATION_CONTEXT('2D SPACE',''
  ) );
#6240 = ORIENTED_EDGE('',*,*,#809,.T.);
#6241 = ORIENTED_EDGE('',*,*,#5878,.F.);
#6242 = ORIENTED_EDGE('',*,*,#2168,.F.);
#6243 = ORIENTED_EDGE('',*,*,#6182,.F.);
#6244 = ADVANCED_FACE('',(#6245),#72,.T.);
#6245 = FACE_BOUND('',#6246,.T.);
#6246 = EDGE_LOOP('',(#6247,#6269,#6270,#6271));
#6247 = ORIENTED_EDGE('',*,*,#6248,.T.);
#6248 = EDGE_CURVE('',#24,#764,#6249,.T.);
#6249 = SURFACE_CURVE('',#6250,(#6255,#6262),.PCURVE_S1.);
#6250 = CIRCLE('',#6251,1.);
#6251 = AXIS2_PLACEMENT_3D('',#6252,#6253,#6254);
#6252 = CARTESIAN_POINT('',(32.,1.,3.4));
#6253 = DIRECTION('',(0.,0.,1.));
#6254 = DIRECTION('',(0.,-1.,0.));
#6255 = PCURVE('',#72,#6256);
#6256 = DEFINITIONAL_REPRESENTATION('',(#6257),#6261);
#6257 = LINE('',#6258,#6259);
#6258 = CARTESIAN_POINT('',(0.,0.));
#6259 = VECTOR('',#6260,1.);
#6260 = DIRECTION('',(1.,0.));
#6261 = ( GEOMETRIC_REPRESENTATION_CONTEXT(2) 
PARAMETRIC_REPRESENTATION_CONTEXT() REPRESENTATION_CONTEXT('2D SPACE',''
  ) );
#6262 = PCURVE('',#44,#6263);
#6263 = DEFINITIONAL_REPRESENTATION('',(#6264),#6268);
#6264 = CIRCLE('',#6265,1.);
#6265 = AXIS2_PLACEMENT_2D('',#6266,#6267);
#6266 = CARTESIAN_POINT('',(32.,-4.708308787886));
#6267 = DIRECTION('',(0.,-1.));
#6268 = ( GEOMETRIC_REPRESENTATION_CONTEXT(2) 
PARAMETRIC_REPRESENTATION_CONTEXT() REPRESENTATION_CONTEXT('2D SPACE',''
  ) );
#6269 = ORIENTED_EDGE('',*,*,#786,.T.);
#6270 = ORIENTED_EDGE('',*,*,#6216,.F.);
#6271 = ORIENTED_EDGE('',*,*,#56,.F.);
#6272 = ADVANCED_FACE('',(#6273),#44,.T.);
#6273 = FACE_BOUND('',#6274,.T.);
#6274 = EDGE_LOOP('',(#6275,#6276,#6277,#6278,#6279,#6280,#6281,#6282));
#6275 = ORIENTED_EDGE('',*,*,#6248,.F.);
#6276 = ORIENTED_EDGE('',*,*,#21,.F.);
#6277 = ORIENTED_EDGE('',*,*,#421,.T.);
#6278 = ORIENTED_EDGE('',*,*,#471,.T.);
#6279 = ORIENTED_EDGE('',*,*,#548,.F.);
#6280 = ORIENTED_EDGE('',*,*,#629,.T.);
#6281 = ORIENTED_EDGE('',*,*,#733,.T.);
#6282 = ORIENTED_EDGE('',*,*,#763,.T.);
#6283 = ( GEOMETRIC_REPRESENTATION_CONTEXT(3) 
GLOBAL_UNCERTAINTY_ASSIGNED_CONTEXT((#6287)) 
GLOBAL_UNIT_ASSIGNED_CONTEXT((#6284,#6285,#6286)) REPRESENTATION_CONTEXT
('Context #1','3D Context with UNIT and UNCERTAINTY') );
#6284 = ( LENGTH_UNIT() NAMED_UNIT(*) SI_UNIT(.MILLI.,.METRE.) );
#6285 = ( NAMED_UNIT(*) PLANE_ANGLE_UNIT() SI_UNIT($,.RADIAN.) );
#6286 = ( NAMED_UNIT(*) SI_UNIT($,.STERADIAN.) SOLID_ANGLE_UNIT() );
#6287 = UNCERTAINTY_MEASURE_WITH_UNIT(LENGTH_MEASURE(1.E-05),#6284,
  'distance_accuracy_value','confusion accuracy');
#6288 = PRODUCT_RELATED_PRODUCT_CATEGORY('part',$,(#7));
ENDSEC;
END-ISO-10303-21;
