ISO-10303-21;
HEADER;
FILE_DESCRIPTION(('Open CASCADE Model'),'2;1');
FILE_NAME('Open CASCADE Shape Model','2026-10-04T02:18:31',('Author'),(
    'Open CASCADE'),'Open CASCADE STEP processor 7.9','Open CASCADE 7.9'
  ,'Unknown');
FILE_SCHEMA(('AUTOMOTIVE_DESIGN { 1 0 10303 214 1 1 1 1 }'));
ENDSEC;
DATA;
#1 = APPLICATION_PROTOCOL_DEFINITION('international standard',
  'automotive_design',2000,#2);
#2 = APPLICATION_CONTEXT(
  'core data for automotive mechanical design processes');
#3 = SHAPE_DEFINITION_REPRESENTATION(#4,#10);
#4 = PRODUCT_DEFINITION_SHAPE('','',#5);
#5 = PRODUCT_DEFINITION('design','',#6,#9);
#6 = PRODUCT_DEFINITION_FORMATION('','',#7);
#7 = PRODUCT('Open CASCADE STEP translator 7.9 1',
  'Open CASCADE STEP translator 7.9 1','',(#8));
#8 = PRODUCT_CONTEXT('',#2,'mechanical');
#9 = PRODUCT_DEFINITION_CONTEXT('part definition',#2,'design');
#10 = ADVANCED_BREP_SHAPE_REPRESENTATION('',(#11,#15),#5713);
#11 = AXIS2_PLACEMENT_3D('',#12,#13,#14);
#12 = CARTESIAN_POINT('',(0.,0.,0.));
#13 = DIRECTION('',(0.,0.,1.));
#14 = DIRECTION('',(1.,0.,-0.));
#15 = MANIFOLD_SOLID_BREP('',#16);
#16 = CLOSED_SHELL('',(#17,#517,#620,#721,#768,#867,#966,#1057,#1104,
    #1203,#1281,#1364,#1444,#1517,#1567,#1614,#1668,#1737,#1790,#1868,
    #1921,#2020,#2045,#2093,#2229,#2274,#2323,#2348,#2355,#2400,#2453,
    #2533,#2558,#2612,#2683,#3079,#3293,#3319,#3390,#3415,#3443,#3471,
    #3516,#3565,#3590,#3597,#3623,#3649,#3656,#3663,#3742,#3908,#3992,
    #4163,#4242,#4357,#4418,#4445,#4549,#4648,#4729,#4735,#4816,#4822,
    #4903,#4909,#4964,#5019,#5074,#5129,#5164,#5199,#5234,#5269,#5321,
    #5373,#5425,#5477,#5532,#5587,#5642,#5697,#5701,#5705,#5709));
#17 = ADVANCED_FACE('',(#18),#32,.F.);
#18 = FACE_BOUND('',#19,.F.);
#19 = EDGE_LOOP('',(#20,#55,#83,#111,#137,#170,#196,#225,#251,#279,#307,
    #335,#361,#387,#413,#441,#467,#493));
#20 = ORIENTED_EDGE('',*,*,#21,.F.);
#21 = EDGE_CURVE('',#22,#24,#26,.T.);
#22 = VERTEX_POINT('',#23);
#23 = CARTESIAN_POINT('',(-39.8,-43.8,0.5));
#24 = VERTEX_POINT('',#25);
#25 = CARTESIAN_POINT('',(-33.63333333333,-43.8,0.5));
#26 = SURFACE_CURVE('',#27,(#31,#43),.PCURVE_S1.);
#27 = LINE('',#28,#29);
#28 = CARTESIAN_POINT('',(-39.8,-43.8,0.5));
#29 = VECTOR('',#30,1.);
#30 = DIRECTION('',(1.,0.,0.));
#31 = PCURVE('',#32,#37);
#32 = PLANE('',#33);
#33 = AXIS2_PLACEMENT_3D('',#34,#35,#36);
#34 = CARTESIAN_POINT('',(-43.8,-43.8,0.));
#35 = DIRECTION('',(0.,1.,0.));
#36 = DIRECTION('',(1.,0.,0.));
#37 = DEFINITIONAL_REPRESENTATION('',(#38),#42);
#38 = LINE('',#39,#40);
#39 = CARTESIAN_POINT('',(4.,-0.5));
#40 = VECTOR('',#41,1.);
#41 = DIRECTION('',(1.,0.));
#42 = ( GEOMETRIC_REPRESENTATION_CONTEXT(2) 
PARAMETRIC_REPRESENTATION_CONTEXT() REPRESENTATION_CONTEXT('2D SPACE',''
  ) );
#43 = PCURVE('',#44,#49);
#44 = PLANE('',#45);
#45 = AXIS2_PLACEMENT_3D('',#46,#47,#48);
#46 = CARTESIAN_POINT('',(-39.8,-43.55,0.25));
#47 = DIRECTION('',(0.,-0.707106781187,-0.707106781187));
#48 = DIRECTION('',(-1.,-0.,-0.));
#49 = DEFINITIONAL_REPRESENTATION('',(#50),#54);
#50 = LINE('',#51,#52);
#51 = CARTESIAN_POINT('',(-0.,-0.353553390593));
#52 = VECTOR('',#53,1.);
#53 = DIRECTION('',(-1.,0.));
#54 = ( GEOMETRIC_REPRESENTATION_CONTEXT(2) 
PARAMETRIC_REPRESENTATION_CONTEXT() REPRESENTATION_CONTEXT('2D SPACE',''
  ) );
#55 = ORIENTED_EDGE('',*,*,#56,.T.);
#56 = EDGE_CURVE('',#22,#57,#59,.T.);
#57 = VERTEX_POINT('',#58);
#58 = CARTESIAN_POINT('',(-39.8,-43.8,9.9));
#59 = SURFACE_CURVE('',#60,(#64,#71),.PCURVE_S1.);
#60 = LINE('',#61,#62);
#61 = CARTESIAN_POINT('',(-39.8,-43.8,0.));
#62 = VECTOR('',#63,1.);
#63 = DIRECTION('',(0.,0.,1.));
#64 = PCURVE('',#32,#65);
#65 = DEFINITIONAL_REPRESENTATION('',(#66),#70);
#66 = LINE('',#67,#68);
#67 = CARTESIAN_POINT('',(4.,0.));
#68 = VECTOR('',#69,1.);
#69 = DIRECTION('',(0.,-1.));
#70 = ( GEOMETRIC_REPRESENTATION_CONTEXT(2) 
PARAMETRIC_REPRESENTATION_CONTEXT() REPRESENTATION_CONTEXT('2D SPACE',''
  ) );
#71 = PCURVE('',#72,#77);
#72 = CYLINDRICAL_SURFACE('',#73,4.);
#73 = AXIS2_PLACEMENT_3D('',#74,#75,#76);
#74 = CARTESIAN_POINT('',(-39.8,-39.8,0.));
#75 = DIRECTION('',(0.,0.,1.));
#76 = DIRECTION('',(0.,-1.,0.));
#77 = DEFINITIONAL_REPRESENTATION('',(#78),#82);
#78 = LINE('',#79,#80);
#79 = CARTESIAN_POINT('',(-0.,0.));
#80 = VECTOR('',#81,1.);
#81 = DIRECTION('',(-0.,1.));
#82 = ( GEOMETRIC_REPRESENTATION_CONTEXT(2) 
PARAMETRIC_REPRESENTATION_CONTEXT() REPRESENTATION_CONTEXT('2D SPACE',''
  ) );
#83 = ORIENTED_EDGE('',*,*,#84,.T.);
#84 = EDGE_CURVE('',#57,#85,#87,.T.);
#85 = VERTEX_POINT('',#86);
#86 = CARTESIAN_POINT('',(20.,-43.8,9.9));
#87 = SURFACE_CURVE('',#88,(#92,#99),.PCURVE_S1.);
#88 = LINE('',#89,#90);
#89 = CARTESIAN_POINT('',(-39.8,-43.8,9.9));
#90 = VECTOR('',#91,1.);
#91 = DIRECTION('',(1.,0.,0.));
#92 = PCURVE('',#32,#93);
#93 = DEFINITIONAL_REPRESENTATION('',(#94),#98);
#94 = LINE('',#95,#96);
#95 = CARTESIAN_POINT('',(4.,-9.9));
#96 = VECTOR('',#97,1.);
#97 = DIRECTION('',(1.,0.));
#98 = ( GEOMETRIC_REPRESENTATION_CONTEXT(2) 
PARAMETRIC_REPRESENTATION_CONTEXT() REPRESENTATION_CONTEXT('2D SPACE',''
  ) );
#99 = PCURVE('',#100,#105);
#100 = CYLINDRICAL_SURFACE('',#101,0.8);
#101 = AXIS2_PLACEMENT_3D('',#102,#103,#104);
#102 = CARTESIAN_POINT('',(-39.8,-43.,9.9));
#103 = DIRECTION('',(1.,0.,0.));
#104 = DIRECTION('',(0.,-1.,-0.));
#105 = DEFINITIONAL_REPRESENTATION('',(#106),#110);
#106 = LINE('',#107,#108);
#107 = CARTESIAN_POINT('',(-0.,0.));
#108 = VECTOR('',#109,1.);
#109 = DIRECTION('',(-0.,1.));
#110 = ( GEOMETRIC_REPRESENTATION_CONTEXT(2) 
PARAMETRIC_REPRESENTATION_CONTEXT() REPRESENTATION_CONTEXT('2D SPACE',''
  ) );
#111 = ORIENTED_EDGE('',*,*,#112,.T.);
#112 = EDGE_CURVE('',#85,#113,#115,.T.);
#113 = VERTEX_POINT('',#114);
#114 = CARTESIAN_POINT('',(20.,-43.8,9.4));
#115 = SURFACE_CURVE('',#116,(#120,#126),.PCURVE_S1.);
#116 = LINE('',#117,#118);
#117 = CARTESIAN_POINT('',(20.,-43.8,3.95));
#118 = VECTOR('',#119,1.);
#119 = DIRECTION('',(-0.,0.,-1.));
#120 = PCURVE('',#32,#121);
#121 = DEFINITIONAL_REPRESENTATION('',(#122),#125);
#122 = B_SPLINE_CURVE_WITH_KNOTS('',1,(#123,#124),.UNSPECIFIED.,.F.,.F.,
  (2,2),(-5.95,-5.45),.PIECEWISE_BEZIER_KNOTS.);
#123 = CARTESIAN_POINT('',(63.8,-9.9));
#124 = CARTESIAN_POINT('',(63.8,-9.4));
#125 = ( GEOMETRIC_REPRESENTATION_CONTEXT(2) 
PARAMETRIC_REPRESENTATION_CONTEXT() REPRESENTATION_CONTEXT('2D SPACE',''
  ) );
#126 = PCURVE('',#127,#132);
#127 = PLANE('',#128);
#128 = AXIS2_PLACEMENT_3D('',#129,#130,#131);
#129 = CARTESIAN_POINT('',(20.,-40.4,7.9));
#130 = DIRECTION('',(1.,0.,-0.));
#131 = DIRECTION('',(0.,-1.,0.));
#132 = DEFINITIONAL_REPRESENTATION('',(#133),#136);
#133 = B_SPLINE_CURVE_WITH_KNOTS('',1,(#134,#135),.UNSPECIFIED.,.F.,.F.,
  (2,2),(-5.95,-5.45),.PIECEWISE_BEZIER_KNOTS.);
#134 = CARTESIAN_POINT('',(3.4,-2.));
#135 = CARTESIAN_POINT('',(3.4,-1.5));
#136 = ( GEOMETRIC_REPRESENTATION_CONTEXT(2) 
PARAMETRIC_REPRESENTATION_CONTEXT() REPRESENTATION_CONTEXT('2D SPACE',''
  ) );
#137 = ORIENTED_EDGE('',*,*,#138,.T.);
#138 = EDGE_CURVE('',#113,#139,#141,.T.);
#139 = VERTEX_POINT('',#140);
#140 = CARTESIAN_POINT('',(21.5,-43.8,7.9));
#141 = SURFACE_CURVE('',#142,(#147,#158),.PCURVE_S1.);
#142 = CIRCLE('',#143,1.5);
#143 = AXIS2_PLACEMENT_3D('',#144,#145,#146);
#144 = CARTESIAN_POINT('',(21.5,-43.8,9.4));
#145 = DIRECTION('',(0.,-1.,0.));
#146 = DIRECTION('',(-1.,0.,0.));
#147 = PCURVE('',#32,#148);
#148 = DEFINITIONAL_REPRESENTATION('',(#149),#157);
#149 = ( BOUNDED_CURVE() B_SPLINE_CURVE(2,(#150,#151,#152,#153,#154,#155
,#156),.UNSPECIFIED.,.T.,.F.) B_SPLINE_CURVE_WITH_KNOTS((1,2,2,2,2,1),(
    -2.094395102393,0.,2.094395102393,4.188790204786,6.28318530718,
8.377580409573),.UNSPECIFIED.) CURVE() GEOMETRIC_REPRESENTATION_ITEM() 
RATIONAL_B_SPLINE_CURVE((1.,0.5,1.,0.5,1.,0.5,1.)) REPRESENTATION_ITEM(
  '') );
#150 = CARTESIAN_POINT('',(63.8,-9.4));
#151 = CARTESIAN_POINT('',(63.8,-6.801923788647));
#152 = CARTESIAN_POINT('',(66.05,-8.100961894323));
#153 = CARTESIAN_POINT('',(68.3,-9.4));
#154 = CARTESIAN_POINT('',(66.05,-10.69903810567));
#155 = CARTESIAN_POINT('',(63.8,-11.99807621135));
#156 = CARTESIAN_POINT('',(63.8,-9.4));
#157 = ( GEOMETRIC_REPRESENTATION_CONTEXT(2) 
PARAMETRIC_REPRESENTATION_CONTEXT() REPRESENTATION_CONTEXT('2D SPACE',''
  ) );
#158 = PCURVE('',#159,#164);
#159 = CYLINDRICAL_SURFACE('',#160,1.5);
#160 = AXIS2_PLACEMENT_3D('',#161,#162,#163);
#161 = CARTESIAN_POINT('',(21.5,-40.4,9.4));
#162 = DIRECTION('',(0.,-1.,0.));
#163 = DIRECTION('',(-1.,-0.,0.));
#164 = DEFINITIONAL_REPRESENTATION('',(#165),#169);
#165 = LINE('',#166,#167);
#166 = CARTESIAN_POINT('',(0.,3.4));
#167 = VECTOR('',#168,1.);
#168 = DIRECTION('',(1.,0.));
#169 = ( GEOMETRIC_REPRESENTATION_CONTEXT(2) 
PARAMETRIC_REPRESENTATION_CONTEXT() REPRESENTATION_CONTEXT('2D SPACE',''
  ) );
#170 = ORIENTED_EDGE('',*,*,#171,.T.);
#171 = EDGE_CURVE('',#139,#172,#174,.T.);
#172 = VERTEX_POINT('',#173);
#173 = CARTESIAN_POINT('',(34.5,-43.8,7.9));
#174 = SURFACE_CURVE('',#175,(#179,#185),.PCURVE_S1.);
#175 = LINE('',#176,#177);
#176 = CARTESIAN_POINT('',(-7.9,-43.8,7.9));
#177 = VECTOR('',#178,1.);
#178 = DIRECTION('',(1.,0.,0.));
#179 = PCURVE('',#32,#180);
#180 = DEFINITIONAL_REPRESENTATION('',(#181),#184);
#181 = B_SPLINE_CURVE_WITH_KNOTS('',1,(#182,#183),.UNSPECIFIED.,.F.,.F.,
  (2,2),(29.4,42.4),.PIECEWISE_BEZIER_KNOTS.);
#182 = CARTESIAN_POINT('',(65.3,-7.9));
#183 = CARTESIAN_POINT('',(78.3,-7.9));
#184 = ( GEOMETRIC_REPRESENTATION_CONTEXT(2) 
PARAMETRIC_REPRESENTATION_CONTEXT() REPRESENTATION_CONTEXT('2D SPACE',''
  ) );
#185 = PCURVE('',#186,#191);
#186 = PLANE('',#187);
#187 = AXIS2_PLACEMENT_3D('',#188,#189,#190);
#188 = CARTESIAN_POINT('',(28.,-42.6,7.9));
#189 = DIRECTION('',(0.,0.,1.));
#190 = DIRECTION('',(1.,0.,-0.));
#191 = DEFINITIONAL_REPRESENTATION('',(#192),#195);
#192 = B_SPLINE_CURVE_WITH_KNOTS('',1,(#193,#194),.UNSPECIFIED.,.F.,.F.,
  (2,2),(29.4,42.4),.PIECEWISE_BEZIER_KNOTS.);
#193 = CARTESIAN_POINT('',(-6.5,-1.2));
#194 = CARTESIAN_POINT('',(6.5,-1.2));
#195 = ( GEOMETRIC_REPRESENTATION_CONTEXT(2) 
PARAMETRIC_REPRESENTATION_CONTEXT() REPRESENTATION_CONTEXT('2D SPACE',''
  ) );
#196 = ORIENTED_EDGE('',*,*,#197,.F.);
#197 = EDGE_CURVE('',#198,#172,#200,.T.);
#198 = VERTEX_POINT('',#199);
#199 = CARTESIAN_POINT('',(36.,-43.8,9.4));
#200 = SURFACE_CURVE('',#201,(#206,#213),.PCURVE_S1.);
#201 = CIRCLE('',#202,1.5);
#202 = AXIS2_PLACEMENT_3D('',#203,#204,#205);
#203 = CARTESIAN_POINT('',(34.5,-43.8,9.4));
#204 = DIRECTION('',(0.,1.,0.));
#205 = DIRECTION('',(1.,0.,-0.));
#206 = PCURVE('',#32,#207);
#207 = DEFINITIONAL_REPRESENTATION('',(#208),#212);
#208 = CIRCLE('',#209,1.5);
#209 = AXIS2_PLACEMENT_2D('',#210,#211);
#210 = CARTESIAN_POINT('',(78.3,-9.4));
#211 = DIRECTION('',(1.,0.));
#212 = ( GEOMETRIC_REPRESENTATION_CONTEXT(2) 
PARAMETRIC_REPRESENTATION_CONTEXT() REPRESENTATION_CONTEXT('2D SPACE',''
  ) );
#213 = PCURVE('',#214,#219);
#214 = CYLINDRICAL_SURFACE('',#215,1.5);
#215 = AXIS2_PLACEMENT_3D('',#216,#217,#218);
#216 = CARTESIAN_POINT('',(34.5,-44.8,9.4));
#217 = DIRECTION('',(0.,1.,0.));
#218 = DIRECTION('',(1.,0.,-0.));
#219 = DEFINITIONAL_REPRESENTATION('',(#220),#224);
#220 = LINE('',#221,#222);
#221 = CARTESIAN_POINT('',(0.,1.));
#222 = VECTOR('',#223,1.);
#223 = DIRECTION('',(1.,0.));
#224 = ( GEOMETRIC_REPRESENTATION_CONTEXT(2) 
PARAMETRIC_REPRESENTATION_CONTEXT() REPRESENTATION_CONTEXT('2D SPACE',''
  ) );
#225 = ORIENTED_EDGE('',*,*,#226,.T.);
#226 = EDGE_CURVE('',#198,#227,#229,.T.);
#227 = VERTEX_POINT('',#228);
#228 = CARTESIAN_POINT('',(36.,-43.8,9.9));
#229 = SURFACE_CURVE('',#230,(#234,#240),.PCURVE_S1.);
#230 = LINE('',#231,#232);
#231 = CARTESIAN_POINT('',(36.,-43.8,3.95));
#232 = VECTOR('',#233,1.);
#233 = DIRECTION('',(0.,-0.,1.));
#234 = PCURVE('',#32,#235);
#235 = DEFINITIONAL_REPRESENTATION('',(#236),#239);
#236 = B_SPLINE_CURVE_WITH_KNOTS('',1,(#237,#238),.UNSPECIFIED.,.F.,.F.,
  (2,2),(5.45,5.95),.PIECEWISE_BEZIER_KNOTS.);
#237 = CARTESIAN_POINT('',(79.8,-9.4));
#238 = CARTESIAN_POINT('',(79.8,-9.9));
#239 = ( GEOMETRIC_REPRESENTATION_CONTEXT(2) 
PARAMETRIC_REPRESENTATION_CONTEXT() REPRESENTATION_CONTEXT('2D SPACE',''
  ) );
#240 = PCURVE('',#241,#246);
#241 = PLANE('',#242);
#242 = AXIS2_PLACEMENT_3D('',#243,#244,#245);
#243 = CARTESIAN_POINT('',(36.,-44.8,7.9));
#244 = DIRECTION('',(-1.,0.,0.));
#245 = DIRECTION('',(0.,1.,0.));
#246 = DEFINITIONAL_REPRESENTATION('',(#247),#250);
#247 = B_SPLINE_CURVE_WITH_KNOTS('',1,(#248,#249),.UNSPECIFIED.,.F.,.F.,
  (2,2),(5.45,5.95),.PIECEWISE_BEZIER_KNOTS.);
#248 = CARTESIAN_POINT('',(1.,-1.5));
#249 = CARTESIAN_POINT('',(1.,-2.));
#250 = ( GEOMETRIC_REPRESENTATION_CONTEXT(2) 
PARAMETRIC_REPRESENTATION_CONTEXT() REPRESENTATION_CONTEXT('2D SPACE',''
  ) );
#251 = ORIENTED_EDGE('',*,*,#252,.T.);
#252 = EDGE_CURVE('',#227,#253,#255,.T.);
#253 = VERTEX_POINT('',#254);
#254 = CARTESIAN_POINT('',(39.8,-43.8,9.9));
#255 = SURFACE_CURVE('',#256,(#260,#267),.PCURVE_S1.);
#256 = LINE('',#257,#258);
#257 = CARTESIAN_POINT('',(-39.8,-43.8,9.9));
#258 = VECTOR('',#259,1.);
#259 = DIRECTION('',(1.,0.,0.));
#260 = PCURVE('',#32,#261);
#261 = DEFINITIONAL_REPRESENTATION('',(#262),#266);
#262 = LINE('',#263,#264);
#263 = CARTESIAN_POINT('',(4.,-9.9));
#264 = VECTOR('',#265,1.);
#265 = DIRECTION('',(1.,0.));
#266 = ( GEOMETRIC_REPRESENTATION_CONTEXT(2) 
PARAMETRIC_REPRESENTATION_CONTEXT() REPRESENTATION_CONTEXT('2D SPACE',''
  ) );
#267 = PCURVE('',#268,#273);
#268 = CYLINDRICAL_SURFACE('',#269,0.8);
#269 = AXIS2_PLACEMENT_3D('',#270,#271,#272);
#270 = CARTESIAN_POINT('',(-39.8,-43.,9.9));
#271 = DIRECTION('',(1.,0.,0.));
#272 = DIRECTION('',(0.,-1.,-0.));
#273 = DEFINITIONAL_REPRESENTATION('',(#274),#278);
#274 = LINE('',#275,#276);
#275 = CARTESIAN_POINT('',(-0.,0.));
#276 = VECTOR('',#277,1.);
#277 = DIRECTION('',(-0.,1.));
#278 = ( GEOMETRIC_REPRESENTATION_CONTEXT(2) 
PARAMETRIC_REPRESENTATION_CONTEXT() REPRESENTATION_CONTEXT('2D SPACE',''
  ) );
#279 = ORIENTED_EDGE('',*,*,#280,.F.);
#280 = EDGE_CURVE('',#281,#253,#283,.T.);
#281 = VERTEX_POINT('',#282);
#282 = CARTESIAN_POINT('',(39.8,-43.8,0.5));
#283 = SURFACE_CURVE('',#284,(#288,#295),.PCURVE_S1.);
#284 = LINE('',#285,#286);
#285 = CARTESIAN_POINT('',(39.8,-43.8,0.));
#286 = VECTOR('',#287,1.);
#287 = DIRECTION('',(0.,0.,1.));
#288 = PCURVE('',#32,#289);
#289 = DEFINITIONAL_REPRESENTATION('',(#290),#294);
#290 = LINE('',#291,#292);
#291 = CARTESIAN_POINT('',(83.6,0.));
#292 = VECTOR('',#293,1.);
#293 = DIRECTION('',(0.,-1.));
#294 = ( GEOMETRIC_REPRESENTATION_CONTEXT(2) 
PARAMETRIC_REPRESENTATION_CONTEXT() REPRESENTATION_CONTEXT('2D SPACE',''
  ) );
#295 = PCURVE('',#296,#301);
#296 = CYLINDRICAL_SURFACE('',#297,4.);
#297 = AXIS2_PLACEMENT_3D('',#298,#299,#300);
#298 = CARTESIAN_POINT('',(39.8,-39.8,0.));
#299 = DIRECTION('',(0.,0.,1.));
#300 = DIRECTION('',(0.,-1.,0.));
#301 = DEFINITIONAL_REPRESENTATION('',(#302),#306);
#302 = LINE('',#303,#304);
#303 = CARTESIAN_POINT('',(0.,0.));
#304 = VECTOR('',#305,1.);
#305 = DIRECTION('',(0.,1.));
#306 = ( GEOMETRIC_REPRESENTATION_CONTEXT(2) 
PARAMETRIC_REPRESENTATION_CONTEXT() REPRESENTATION_CONTEXT('2D SPACE',''
  ) );
#307 = ORIENTED_EDGE('',*,*,#308,.F.);
#308 = EDGE_CURVE('',#309,#281,#311,.T.);
#309 = VERTEX_POINT('',#310);
#310 = CARTESIAN_POINT('',(33.633333333333,-43.8,0.5));
#311 = SURFACE_CURVE('',#312,(#316,#323),.PCURVE_S1.);
#312 = LINE('',#313,#314);
#313 = CARTESIAN_POINT('',(-39.8,-43.8,0.5));
#314 = VECTOR('',#315,1.);
#315 = DIRECTION('',(1.,0.,0.));
#316 = PCURVE('',#32,#317);
#317 = DEFINITIONAL_REPRESENTATION('',(#318),#322);
#318 = LINE('',#319,#320);
#319 = CARTESIAN_POINT('',(4.,-0.5));
#320 = VECTOR('',#321,1.);
#321 = DIRECTION('',(1.,0.));
#322 = ( GEOMETRIC_REPRESENTATION_CONTEXT(2) 
PARAMETRIC_REPRESENTATION_CONTEXT() REPRESENTATION_CONTEXT('2D SPACE',''
  ) );
#323 = PCURVE('',#324,#329);
#324 = PLANE('',#325);
#325 = AXIS2_PLACEMENT_3D('',#326,#327,#328);
#326 = CARTESIAN_POINT('',(-39.8,-43.55,0.25));
#327 = DIRECTION('',(0.,-0.707106781187,-0.707106781187));
#328 = DIRECTION('',(-1.,-0.,-0.));
#329 = DEFINITIONAL_REPRESENTATION('',(#330),#334);
#330 = LINE('',#331,#332);
#331 = CARTESIAN_POINT('',(-0.,-0.353553390593));
#332 = VECTOR('',#333,1.);
#333 = DIRECTION('',(-1.,0.));
#334 = ( GEOMETRIC_REPRESENTATION_CONTEXT(2) 
PARAMETRIC_REPRESENTATION_CONTEXT() REPRESENTATION_CONTEXT('2D SPACE',''
  ) );
#335 = ORIENTED_EDGE('',*,*,#336,.F.);
#336 = EDGE_CURVE('',#337,#309,#339,.T.);
#337 = VERTEX_POINT('',#338);
#338 = CARTESIAN_POINT('',(34.5,-43.8,1.8));
#339 = SURFACE_CURVE('',#340,(#344,#350),.PCURVE_S1.);
#340 = LINE('',#341,#342);
#341 = CARTESIAN_POINT('',(21.571794871795,-43.8,-17.5923076923));
#342 = VECTOR('',#343,1.);
#343 = DIRECTION('',(-0.554700196225,0.,-0.832050294338));
#344 = PCURVE('',#32,#345);
#345 = DEFINITIONAL_REPRESENTATION('',(#346),#349);
#346 = B_SPLINE_CURVE_WITH_KNOTS('',1,(#347,#348),.UNSPECIFIED.,.F.,.F.,
  (2,2),(-23.30665324473,-21.74424769202),.PIECEWISE_BEZIER_KNOTS.);
#347 = CARTESIAN_POINT('',(78.3,-1.8));
#348 = CARTESIAN_POINT('',(77.433333333333,-0.5));
#349 = ( GEOMETRIC_REPRESENTATION_CONTEXT(2) 
PARAMETRIC_REPRESENTATION_CONTEXT() REPRESENTATION_CONTEXT('2D SPACE',''
  ) );
#350 = PCURVE('',#351,#356);
#351 = PLANE('',#352);
#352 = AXIS2_PLACEMENT_3D('',#353,#354,#355);
#353 = CARTESIAN_POINT('',(33.566666666667,0.,0.4));
#354 = DIRECTION('',(0.832050294338,0.,-0.554700196225));
#355 = DIRECTION('',(0.554700196225,0.,0.832050294338));
#356 = DEFINITIONAL_REPRESENTATION('',(#357),#360);
#357 = B_SPLINE_CURVE_WITH_KNOTS('',1,(#358,#359),.UNSPECIFIED.,.F.,.F.,
  (2,2),(-23.30665324473,-21.74424769202),.PIECEWISE_BEZIER_KNOTS.);
#358 = CARTESIAN_POINT('',(1.682590595217,43.8));
#359 = CARTESIAN_POINT('',(0.120185042515,43.8));
#360 = ( GEOMETRIC_REPRESENTATION_CONTEXT(2) 
PARAMETRIC_REPRESENTATION_CONTEXT() REPRESENTATION_CONTEXT('2D SPACE',''
  ) );
#361 = ORIENTED_EDGE('',*,*,#362,.F.);
#362 = EDGE_CURVE('',#363,#337,#365,.T.);
#363 = VERTEX_POINT('',#364);
#364 = CARTESIAN_POINT('',(25.5,-43.8,1.8));
#365 = SURFACE_CURVE('',#366,(#370,#376),.PCURVE_S1.);
#366 = LINE('',#367,#368);
#367 = CARTESIAN_POINT('',(-4.65,-43.8,1.8));
#368 = VECTOR('',#369,1.);
#369 = DIRECTION('',(1.,0.,0.));
#370 = PCURVE('',#32,#371);
#371 = DEFINITIONAL_REPRESENTATION('',(#372),#375);
#372 = B_SPLINE_CURVE_WITH_KNOTS('',1,(#373,#374),.UNSPECIFIED.,.F.,.F.,
  (2,2),(30.15,39.15),.PIECEWISE_BEZIER_KNOTS.);
#373 = CARTESIAN_POINT('',(69.3,-1.8));
#374 = CARTESIAN_POINT('',(78.3,-1.8));
#375 = ( GEOMETRIC_REPRESENTATION_CONTEXT(2) 
PARAMETRIC_REPRESENTATION_CONTEXT() REPRESENTATION_CONTEXT('2D SPACE',''
  ) );
#376 = PCURVE('',#377,#382);
#377 = PLANE('',#378);
#378 = AXIS2_PLACEMENT_3D('',#379,#380,#381);
#379 = CARTESIAN_POINT('',(34.5,0.,1.8));
#380 = DIRECTION('',(0.,0.,1.));
#381 = DIRECTION('',(-1.,0.,0.));
#382 = DEFINITIONAL_REPRESENTATION('',(#383),#386);
#383 = B_SPLINE_CURVE_WITH_KNOTS('',1,(#384,#385),.UNSPECIFIED.,.F.,.F.,
  (2,2),(30.15,39.15),.PIECEWISE_BEZIER_KNOTS.);
#384 = CARTESIAN_POINT('',(9.,43.8));
#385 = CARTESIAN_POINT('',(0.,43.8));
#386 = ( GEOMETRIC_REPRESENTATION_CONTEXT(2) 
PARAMETRIC_REPRESENTATION_CONTEXT() REPRESENTATION_CONTEXT('2D SPACE',''
  ) );
#387 = ORIENTED_EDGE('',*,*,#388,.F.);
#388 = EDGE_CURVE('',#389,#363,#391,.T.);
#389 = VERTEX_POINT('',#390);
#390 = CARTESIAN_POINT('',(26.366666666667,-43.8,0.5));
#391 = SURFACE_CURVE('',#392,(#396,#402),.PCURVE_S1.);
#392 = LINE('',#393,#394);
#393 = CARTESIAN_POINT('',(15.253846153846,-43.8,17.169230769231));
#394 = VECTOR('',#395,1.);
#395 = DIRECTION('',(-0.554700196225,0.,0.832050294338));
#396 = PCURVE('',#32,#397);
#397 = DEFINITIONAL_REPRESENTATION('',(#398),#401);
#398 = B_SPLINE_CURVE_WITH_KNOTS('',1,(#399,#400),.UNSPECIFIED.,.F.,.F.,
  (2,2),(-20.033922087,-18.4715165343),.PIECEWISE_BEZIER_KNOTS.);
#399 = CARTESIAN_POINT('',(70.166666666667,-0.5));
#400 = CARTESIAN_POINT('',(69.3,-1.8));
#401 = ( GEOMETRIC_REPRESENTATION_CONTEXT(2) 
PARAMETRIC_REPRESENTATION_CONTEXT() REPRESENTATION_CONTEXT('2D SPACE',''
  ) );
#402 = PCURVE('',#403,#408);
#403 = PLANE('',#404);
#404 = AXIS2_PLACEMENT_3D('',#405,#406,#407);
#405 = CARTESIAN_POINT('',(25.5,0.,1.8));
#406 = DIRECTION('',(-0.832050294338,-0.,-0.554700196225));
#407 = DIRECTION('',(0.554700196225,0.,-0.832050294338));
#408 = DEFINITIONAL_REPRESENTATION('',(#409),#412);
#409 = B_SPLINE_CURVE_WITH_KNOTS('',1,(#410,#411),.UNSPECIFIED.,.F.,.F.,
  (2,2),(-20.033922087,-18.4715165343),.PIECEWISE_BEZIER_KNOTS.);
#410 = CARTESIAN_POINT('',(1.562405552701,43.8));
#411 = CARTESIAN_POINT('',(0.,43.8));
#412 = ( GEOMETRIC_REPRESENTATION_CONTEXT(2) 
PARAMETRIC_REPRESENTATION_CONTEXT() REPRESENTATION_CONTEXT('2D SPACE',''
  ) );
#413 = ORIENTED_EDGE('',*,*,#414,.F.);
#414 = EDGE_CURVE('',#415,#389,#417,.T.);
#415 = VERTEX_POINT('',#416);
#416 = CARTESIAN_POINT('',(-26.36666666666,-43.8,0.5));
#417 = SURFACE_CURVE('',#418,(#422,#429),.PCURVE_S1.);
#418 = LINE('',#419,#420);
#419 = CARTESIAN_POINT('',(-39.8,-43.8,0.5));
#420 = VECTOR('',#421,1.);
#421 = DIRECTION('',(1.,0.,0.));
#422 = PCURVE('',#32,#423);
#423 = DEFINITIONAL_REPRESENTATION('',(#424),#428);
#424 = LINE('',#425,#426);
#425 = CARTESIAN_POINT('',(4.,-0.5));
#426 = VECTOR('',#427,1.);
#427 = DIRECTION('',(1.,0.));
#428 = ( GEOMETRIC_REPRESENTATION_CONTEXT(2) 
PARAMETRIC_REPRESENTATION_CONTEXT() REPRESENTATION_CONTEXT('2D SPACE',''
  ) );
#429 = PCURVE('',#430,#435);
#430 = PLANE('',#431);
#431 = AXIS2_PLACEMENT_3D('',#432,#433,#434);
#432 = CARTESIAN_POINT('',(-39.8,-43.55,0.25));
#433 = DIRECTION('',(0.,-0.707106781187,-0.707106781187));
#434 = DIRECTION('',(-1.,-0.,-0.));
#435 = DEFINITIONAL_REPRESENTATION('',(#436),#440);
#436 = LINE('',#437,#438);
#437 = CARTESIAN_POINT('',(-0.,-0.353553390593));
#438 = VECTOR('',#439,1.);
#439 = DIRECTION('',(-1.,0.));
#440 = ( GEOMETRIC_REPRESENTATION_CONTEXT(2) 
PARAMETRIC_REPRESENTATION_CONTEXT() REPRESENTATION_CONTEXT('2D SPACE',''
  ) );
#441 = ORIENTED_EDGE('',*,*,#442,.F.);
#442 = EDGE_CURVE('',#443,#415,#445,.T.);
#443 = VERTEX_POINT('',#444);
#444 = CARTESIAN_POINT('',(-25.5,-43.8,1.8));
#445 = SURFACE_CURVE('',#446,(#450,#456),.PCURVE_S1.);
#446 = LINE('',#447,#448);
#447 = CARTESIAN_POINT('',(-29.19743589743,-43.8,-3.746153846154));
#448 = VECTOR('',#449,1.);
#449 = DIRECTION('',(-0.554700196225,0.,-0.832050294338));
#450 = PCURVE('',#32,#451);
#451 = DEFINITIONAL_REPRESENTATION('',(#452),#455);
#452 = B_SPLINE_CURVE_WITH_KNOTS('',1,(#453,#454),.UNSPECIFIED.,.F.,.F.,
  (2,2),(-6.665647357973,-5.103241805272),.PIECEWISE_BEZIER_KNOTS.);
#453 = CARTESIAN_POINT('',(18.3,-1.8));
#454 = CARTESIAN_POINT('',(17.433333333333,-0.5));
#455 = ( GEOMETRIC_REPRESENTATION_CONTEXT(2) 
PARAMETRIC_REPRESENTATION_CONTEXT() REPRESENTATION_CONTEXT('2D SPACE',''
  ) );
#456 = PCURVE('',#457,#462);
#457 = PLANE('',#458);
#458 = AXIS2_PLACEMENT_3D('',#459,#460,#461);
#459 = CARTESIAN_POINT('',(-26.43333333333,0.,0.4));
#460 = DIRECTION('',(0.832050294338,0.,-0.554700196225));
#461 = DIRECTION('',(0.554700196225,0.,0.832050294338));
#462 = DEFINITIONAL_REPRESENTATION('',(#463),#466);
#463 = B_SPLINE_CURVE_WITH_KNOTS('',1,(#464,#465),.UNSPECIFIED.,.F.,.F.,
  (2,2),(-6.665647357973,-5.103241805272),.PIECEWISE_BEZIER_KNOTS.);
#464 = CARTESIAN_POINT('',(1.682590595217,43.8));
#465 = CARTESIAN_POINT('',(0.120185042515,43.8));
#466 = ( GEOMETRIC_REPRESENTATION_CONTEXT(2) 
PARAMETRIC_REPRESENTATION_CONTEXT() REPRESENTATION_CONTEXT('2D SPACE',''
  ) );
#467 = ORIENTED_EDGE('',*,*,#468,.F.);
#468 = EDGE_CURVE('',#469,#443,#471,.T.);
#469 = VERTEX_POINT('',#470);
#470 = CARTESIAN_POINT('',(-34.5,-43.8,1.8));
#471 = SURFACE_CURVE('',#472,(#476,#482),.PCURVE_S1.);
#472 = LINE('',#473,#474);
#473 = CARTESIAN_POINT('',(-34.65,-43.8,1.8));
#474 = VECTOR('',#475,1.);
#475 = DIRECTION('',(1.,0.,0.));
#476 = PCURVE('',#32,#477);
#477 = DEFINITIONAL_REPRESENTATION('',(#478),#481);
#478 = B_SPLINE_CURVE_WITH_KNOTS('',1,(#479,#480),.UNSPECIFIED.,.F.,.F.,
  (2,2),(0.15,9.15),.PIECEWISE_BEZIER_KNOTS.);
#479 = CARTESIAN_POINT('',(9.3,-1.8));
#480 = CARTESIAN_POINT('',(18.3,-1.8));
#481 = ( GEOMETRIC_REPRESENTATION_CONTEXT(2) 
PARAMETRIC_REPRESENTATION_CONTEXT() REPRESENTATION_CONTEXT('2D SPACE',''
  ) );
#482 = PCURVE('',#483,#488);
#483 = PLANE('',#484);
#484 = AXIS2_PLACEMENT_3D('',#485,#486,#487);
#485 = CARTESIAN_POINT('',(-25.5,0.,1.8));
#486 = DIRECTION('',(0.,0.,1.));
#487 = DIRECTION('',(-1.,0.,0.));
#488 = DEFINITIONAL_REPRESENTATION('',(#489),#492);
#489 = B_SPLINE_CURVE_WITH_KNOTS('',1,(#490,#491),.UNSPECIFIED.,.F.,.F.,
  (2,2),(0.15,9.15),.PIECEWISE_BEZIER_KNOTS.);
#490 = CARTESIAN_POINT('',(9.,43.8));
#491 = CARTESIAN_POINT('',(0.,43.8));
#492 = ( GEOMETRIC_REPRESENTATION_CONTEXT(2) 
PARAMETRIC_REPRESENTATION_CONTEXT() REPRESENTATION_CONTEXT('2D SPACE',''
  ) );
#493 = ORIENTED_EDGE('',*,*,#494,.F.);
#494 = EDGE_CURVE('',#24,#469,#495,.T.);
#495 = SURFACE_CURVE('',#496,(#500,#506),.PCURVE_S1.);
#496 = LINE('',#497,#498);
#497 = CARTESIAN_POINT('',(-35.51538461538,-43.8,3.323076923077));
#498 = VECTOR('',#499,1.);
#499 = DIRECTION('',(-0.554700196225,0.,0.832050294338));
#500 = PCURVE('',#32,#501);
#501 = DEFINITIONAL_REPRESENTATION('',(#502),#505);
#502 = B_SPLINE_CURVE_WITH_KNOTS('',1,(#503,#504),.UNSPECIFIED.,.F.,.F.,
  (2,2),(-3.392916200244,-1.830510647543),.PIECEWISE_BEZIER_KNOTS.);
#503 = CARTESIAN_POINT('',(10.166666666667,-0.5));
#504 = CARTESIAN_POINT('',(9.3,-1.8));
#505 = ( GEOMETRIC_REPRESENTATION_CONTEXT(2) 
PARAMETRIC_REPRESENTATION_CONTEXT() REPRESENTATION_CONTEXT('2D SPACE',''
  ) );
#506 = PCURVE('',#507,#512);
#507 = PLANE('',#508);
#508 = AXIS2_PLACEMENT_3D('',#509,#510,#511);
#509 = CARTESIAN_POINT('',(-34.5,0.,1.8));
#510 = DIRECTION('',(-0.832050294338,-0.,-0.554700196225));
#511 = DIRECTION('',(0.554700196225,0.,-0.832050294338));
#512 = DEFINITIONAL_REPRESENTATION('',(#513),#516);
#513 = B_SPLINE_CURVE_WITH_KNOTS('',1,(#514,#515),.UNSPECIFIED.,.F.,.F.,
  (2,2),(-3.392916200244,-1.830510647543),.PIECEWISE_BEZIER_KNOTS.);
#514 = CARTESIAN_POINT('',(1.562405552701,43.8));
#515 = CARTESIAN_POINT('',(0.,43.8));
#516 = ( GEOMETRIC_REPRESENTATION_CONTEXT(2) 
PARAMETRIC_REPRESENTATION_CONTEXT() REPRESENTATION_CONTEXT('2D SPACE',''
  ) );
#517 = ADVANCED_FACE('',(#518),#44,.T.);
#518 = FACE_BOUND('',#519,.F.);
#519 = EDGE_LOOP('',(#520,#546,#547,#568,#594));
#520 = ORIENTED_EDGE('',*,*,#521,.F.);
#521 = EDGE_CURVE('',#22,#522,#524,.T.);
#522 = VERTEX_POINT('',#523);
#523 = CARTESIAN_POINT('',(-39.8,-43.3,-2.053912595557E-15));
#524 = SURFACE_CURVE('',#525,(#529,#535),.PCURVE_S1.);
#525 = LINE('',#526,#527);
#526 = CARTESIAN_POINT('',(-39.8,-43.55,0.25));
#527 = VECTOR('',#528,1.);
#528 = DIRECTION('',(-0.,0.707106781187,-0.707106781187));
#529 = PCURVE('',#44,#530);
#530 = DEFINITIONAL_REPRESENTATION('',(#531),#534);
#531 = B_SPLINE_CURVE_WITH_KNOTS('',1,(#532,#533),.UNSPECIFIED.,.F.,.F.,
  (2,2),(-0.353553390593,0.353553390593),.PIECEWISE_BEZIER_KNOTS.);
#532 = CARTESIAN_POINT('',(0.,-0.353553390593));
#533 = CARTESIAN_POINT('',(0.,0.353553390593));
#534 = ( GEOMETRIC_REPRESENTATION_CONTEXT(2) 
PARAMETRIC_REPRESENTATION_CONTEXT() REPRESENTATION_CONTEXT('2D SPACE',''
  ) );
#535 = PCURVE('',#536,#541);
#536 = CONICAL_SURFACE('',#537,4.,0.785398163397);
#537 = AXIS2_PLACEMENT_3D('',#538,#539,#540);
#538 = CARTESIAN_POINT('',(-39.8,-39.8,0.5));
#539 = DIRECTION('',(0.,0.,1.));
#540 = DIRECTION('',(-1.,0.,0.));
#541 = DEFINITIONAL_REPRESENTATION('',(#542),#545);
#542 = B_SPLINE_CURVE_WITH_KNOTS('',1,(#543,#544),.UNSPECIFIED.,.F.,.F.,
  (2,2),(-0.353553390593,0.353553390593),.PIECEWISE_BEZIER_KNOTS.);
#543 = CARTESIAN_POINT('',(1.570796326795,0.));
#544 = CARTESIAN_POINT('',(1.570796326795,-0.5));
#545 = ( GEOMETRIC_REPRESENTATION_CONTEXT(2) 
PARAMETRIC_REPRESENTATION_CONTEXT() REPRESENTATION_CONTEXT('2D SPACE',''
  ) );
#546 = ORIENTED_EDGE('',*,*,#21,.T.);
#547 = ORIENTED_EDGE('',*,*,#548,.F.);
#548 = EDGE_CURVE('',#549,#24,#551,.T.);
#549 = VERTEX_POINT('',#550);
#550 = CARTESIAN_POINT('',(-33.56666666666,-43.7,0.4));
#551 = SURFACE_CURVE('',#552,(#556,#562),.PCURVE_S1.);
#552 = LINE('',#553,#554);
#553 = CARTESIAN_POINT('',(-28.40909090909,-35.96363636363,
    -7.336363636364));
#554 = VECTOR('',#555,1.);
#555 = DIRECTION('',(-0.426401432711,-0.639602149067,0.639602149067));
#556 = PCURVE('',#44,#557);
#557 = DEFINITIONAL_REPRESENTATION('',(#558),#561);
#558 = B_SPLINE_CURVE_WITH_KNOTS('',1,(#559,#560),.UNSPECIFIED.,.F.,.F.,
  (2,2),(12.095587307908,12.251934499902),.PIECEWISE_BEZIER_KNOTS.);
#559 = CARTESIAN_POINT('',(-6.233333333333,-0.212132034356));
#560 = CARTESIAN_POINT('',(-6.166666666667,-0.353553390593));
#561 = ( GEOMETRIC_REPRESENTATION_CONTEXT(2) 
PARAMETRIC_REPRESENTATION_CONTEXT() REPRESENTATION_CONTEXT('2D SPACE',''
  ) );
#562 = PCURVE('',#507,#563);
#563 = DEFINITIONAL_REPRESENTATION('',(#564),#567);
#564 = B_SPLINE_CURVE_WITH_KNOTS('',1,(#565,#566),.UNSPECIFIED.,.F.,.F.,
  (2,2),(12.095587307908,12.251934499902),.PIECEWISE_BEZIER_KNOTS.);
#565 = CARTESIAN_POINT('',(1.682590595217,43.7));
#566 = CARTESIAN_POINT('',(1.562405552701,43.8));
#567 = ( GEOMETRIC_REPRESENTATION_CONTEXT(2) 
PARAMETRIC_REPRESENTATION_CONTEXT() REPRESENTATION_CONTEXT('2D SPACE',''
  ) );
#568 = ORIENTED_EDGE('',*,*,#569,.F.);
#569 = EDGE_CURVE('',#570,#549,#572,.T.);
#570 = VERTEX_POINT('',#571);
#571 = CARTESIAN_POINT('',(-33.69674796748,-43.3,0.));
#572 = SURFACE_CURVE('',#573,(#577,#583),.PCURVE_S1.);
#573 = LINE('',#574,#575);
#574 = CARTESIAN_POINT('',(-37.12077133948,-32.77112813108,
    -10.52887186891));
#575 = VECTOR('',#576,1.);
#576 = DIRECTION('',(0.224104582637,-0.689121591608,0.689121591608));
#577 = PCURVE('',#44,#578);
#578 = DEFINITIONAL_REPRESENTATION('',(#579),#582);
#579 = B_SPLINE_CURVE_WITH_KNOTS('',1,(#580,#581),.UNSPECIFIED.,.F.,.F.,
  (2,2),(15.278685209017,15.859134297931),.PIECEWISE_BEZIER_KNOTS.);
#580 = CARTESIAN_POINT('',(-6.10325203252,0.353553390593));
#581 = CARTESIAN_POINT('',(-6.233333333333,-0.212132034356));
#582 = ( GEOMETRIC_REPRESENTATION_CONTEXT(2) 
PARAMETRIC_REPRESENTATION_CONTEXT() REPRESENTATION_CONTEXT('2D SPACE',''
  ) );
#583 = PCURVE('',#584,#589);
#584 = PLANE('',#585);
#585 = AXIS2_PLACEMENT_3D('',#586,#587,#588);
#586 = CARTESIAN_POINT('',(-33.56666666666,0.,0.4));
#587 = DIRECTION('',(-0.950977235371,0.,0.309260889552));
#588 = DIRECTION('',(-0.309260889552,0.,-0.950977235371));
#589 = DEFINITIONAL_REPRESENTATION('',(#590),#593);
#590 = B_SPLINE_CURVE_WITH_KNOTS('',1,(#591,#592),.UNSPECIFIED.,.F.,.F.,
  (2,2),(15.278685209017,15.859134297931),.PIECEWISE_BEZIER_KNOTS.);
#591 = CARTESIAN_POINT('',(0.420619952952,43.3));
#592 = CARTESIAN_POINT('',(-3.552713678801E-15,43.7));
#593 = ( GEOMETRIC_REPRESENTATION_CONTEXT(2) 
PARAMETRIC_REPRESENTATION_CONTEXT() REPRESENTATION_CONTEXT('2D SPACE',''
  ) );
#594 = ORIENTED_EDGE('',*,*,#595,.F.);
#595 = EDGE_CURVE('',#522,#570,#596,.T.);
#596 = SURFACE_CURVE('',#597,(#601,#608),.PCURVE_S1.);
#597 = LINE('',#598,#599);
#598 = CARTESIAN_POINT('',(-39.8,-43.3,0.));
#599 = VECTOR('',#600,1.);
#600 = DIRECTION('',(1.,0.,0.));
#601 = PCURVE('',#44,#602);
#602 = DEFINITIONAL_REPRESENTATION('',(#603),#607);
#603 = LINE('',#604,#605);
#604 = CARTESIAN_POINT('',(-0.,0.353553390593));
#605 = VECTOR('',#606,1.);
#606 = DIRECTION('',(-1.,0.));
#607 = ( GEOMETRIC_REPRESENTATION_CONTEXT(2) 
PARAMETRIC_REPRESENTATION_CONTEXT() REPRESENTATION_CONTEXT('2D SPACE',''
  ) );
#608 = PCURVE('',#609,#614);
#609 = PLANE('',#610);
#610 = AXIS2_PLACEMENT_3D('',#611,#612,#613);
#611 = CARTESIAN_POINT('',(1.29779495116E-15,-1.29779495116E-15,0.));
#612 = DIRECTION('',(0.,0.,1.));
#613 = DIRECTION('',(1.,0.,-0.));
#614 = DEFINITIONAL_REPRESENTATION('',(#615),#619);
#615 = LINE('',#616,#617);
#616 = CARTESIAN_POINT('',(-39.8,-43.3));
#617 = VECTOR('',#618,1.);
#618 = DIRECTION('',(1.,0.));
#619 = ( GEOMETRIC_REPRESENTATION_CONTEXT(2) 
PARAMETRIC_REPRESENTATION_CONTEXT() REPRESENTATION_CONTEXT('2D SPACE',''
  ) );
#620 = ADVANCED_FACE('',(#621),#507,.F.);
#621 = FACE_BOUND('',#622,.F.);
#622 = EDGE_LOOP('',(#623,#646,#672,#698,#719,#720));
#623 = ORIENTED_EDGE('',*,*,#624,.T.);
#624 = EDGE_CURVE('',#469,#625,#627,.T.);
#625 = VERTEX_POINT('',#626);
#626 = CARTESIAN_POINT('',(-34.5,43.8,1.8));
#627 = SURFACE_CURVE('',#628,(#632,#639),.PCURVE_S1.);
#628 = LINE('',#629,#630);
#629 = CARTESIAN_POINT('',(-34.5,-44.8,1.8));
#630 = VECTOR('',#631,1.);
#631 = DIRECTION('',(0.,1.,0.));
#632 = PCURVE('',#507,#633);
#633 = DEFINITIONAL_REPRESENTATION('',(#634),#638);
#634 = LINE('',#635,#636);
#635 = CARTESIAN_POINT('',(0.,44.8));
#636 = VECTOR('',#637,1.);
#637 = DIRECTION('',(0.,-1.));
#638 = ( GEOMETRIC_REPRESENTATION_CONTEXT(2) 
PARAMETRIC_REPRESENTATION_CONTEXT() REPRESENTATION_CONTEXT('2D SPACE',''
  ) );
#639 = PCURVE('',#483,#640);
#640 = DEFINITIONAL_REPRESENTATION('',(#641),#645);
#641 = LINE('',#642,#643);
#642 = CARTESIAN_POINT('',(9.,44.8));
#643 = VECTOR('',#644,1.);
#644 = DIRECTION('',(0.,-1.));
#645 = ( GEOMETRIC_REPRESENTATION_CONTEXT(2) 
PARAMETRIC_REPRESENTATION_CONTEXT() REPRESENTATION_CONTEXT('2D SPACE',''
  ) );
#646 = ORIENTED_EDGE('',*,*,#647,.T.);
#647 = EDGE_CURVE('',#625,#648,#650,.T.);
#648 = VERTEX_POINT('',#649);
#649 = CARTESIAN_POINT('',(-33.63333333333,43.8,0.5));
#650 = SURFACE_CURVE('',#651,(#655,#661),.PCURVE_S1.);
#651 = LINE('',#652,#653);
#652 = CARTESIAN_POINT('',(-22.03846153846,43.8,-16.8923076923));
#653 = VECTOR('',#654,1.);
#654 = DIRECTION('',(0.554700196225,0.,-0.832050294338));
#655 = PCURVE('',#507,#656);
#656 = DEFINITIONAL_REPRESENTATION('',(#657),#660);
#657 = B_SPLINE_CURVE_WITH_KNOTS('',1,(#658,#659),.UNSPECIFIED.,.F.,.F.,
  (2,2),(-22.46535794712,-20.90295239442),.PIECEWISE_BEZIER_KNOTS.);
#658 = CARTESIAN_POINT('',(0.,-43.8));
#659 = CARTESIAN_POINT('',(1.562405552701,-43.8));
#660 = ( GEOMETRIC_REPRESENTATION_CONTEXT(2) 
PARAMETRIC_REPRESENTATION_CONTEXT() REPRESENTATION_CONTEXT('2D SPACE',''
  ) );
#661 = PCURVE('',#662,#667);
#662 = PLANE('',#663);
#663 = AXIS2_PLACEMENT_3D('',#664,#665,#666);
#664 = CARTESIAN_POINT('',(43.8,43.8,0.));
#665 = DIRECTION('',(0.,-1.,0.));
#666 = DIRECTION('',(-1.,0.,0.));
#667 = DEFINITIONAL_REPRESENTATION('',(#668),#671);
#668 = B_SPLINE_CURVE_WITH_KNOTS('',1,(#669,#670),.UNSPECIFIED.,.F.,.F.,
  (2,2),(-22.46535794712,-20.90295239442),.PIECEWISE_BEZIER_KNOTS.);
#669 = CARTESIAN_POINT('',(78.3,-1.8));
#670 = CARTESIAN_POINT('',(77.433333333333,-0.5));
#671 = ( GEOMETRIC_REPRESENTATION_CONTEXT(2) 
PARAMETRIC_REPRESENTATION_CONTEXT() REPRESENTATION_CONTEXT('2D SPACE',''
  ) );
#672 = ORIENTED_EDGE('',*,*,#673,.T.);
#673 = EDGE_CURVE('',#648,#674,#676,.T.);
#674 = VERTEX_POINT('',#675);
#675 = CARTESIAN_POINT('',(-33.56666666666,43.7,0.4));
#676 = SURFACE_CURVE('',#677,(#681,#687),.PCURVE_S1.);
#677 = LINE('',#678,#679);
#678 = CARTESIAN_POINT('',(-21.17272727272,25.109090909091,
    -18.1909090909));
#679 = VECTOR('',#680,1.);
#680 = DIRECTION('',(0.426401432711,-0.639602149067,-0.639602149067));
#681 = PCURVE('',#507,#682);
#682 = DEFINITIONAL_REPRESENTATION('',(#683),#686);
#683 = B_SPLINE_CURVE_WITH_KNOTS('',1,(#684,#685),.UNSPECIFIED.,.F.,.F.,
  (2,2),(-29.2227115218,-29.06636432981),.PIECEWISE_BEZIER_KNOTS.);
#684 = CARTESIAN_POINT('',(1.562405552701,-43.8));
#685 = CARTESIAN_POINT('',(1.682590595217,-43.7));
#686 = ( GEOMETRIC_REPRESENTATION_CONTEXT(2) 
PARAMETRIC_REPRESENTATION_CONTEXT() REPRESENTATION_CONTEXT('2D SPACE',''
  ) );
#687 = PCURVE('',#688,#693);
#688 = PLANE('',#689);
#689 = AXIS2_PLACEMENT_3D('',#690,#691,#692);
#690 = CARTESIAN_POINT('',(39.8,43.55,0.25));
#691 = DIRECTION('',(0.,0.707106781187,-0.707106781187));
#692 = DIRECTION('',(1.,-0.,-0.));
#693 = DEFINITIONAL_REPRESENTATION('',(#694),#697);
#694 = B_SPLINE_CURVE_WITH_KNOTS('',1,(#695,#696),.UNSPECIFIED.,.F.,.F.,
  (2,2),(-29.2227115218,-29.06636432981),.PIECEWISE_BEZIER_KNOTS.);
#695 = CARTESIAN_POINT('',(-73.43333333333,-0.353553390593));
#696 = CARTESIAN_POINT('',(-73.36666666666,-0.212132034356));
#697 = ( GEOMETRIC_REPRESENTATION_CONTEXT(2) 
PARAMETRIC_REPRESENTATION_CONTEXT() REPRESENTATION_CONTEXT('2D SPACE',''
  ) );
#698 = ORIENTED_EDGE('',*,*,#699,.F.);
#699 = EDGE_CURVE('',#549,#674,#700,.T.);
#700 = SURFACE_CURVE('',#701,(#705,#712),.PCURVE_S1.);
#701 = LINE('',#702,#703);
#702 = CARTESIAN_POINT('',(-33.56666666666,-44.8,0.4));
#703 = VECTOR('',#704,1.);
#704 = DIRECTION('',(0.,1.,0.));
#705 = PCURVE('',#507,#706);
#706 = DEFINITIONAL_REPRESENTATION('',(#707),#711);
#707 = LINE('',#708,#709);
#708 = CARTESIAN_POINT('',(1.682590595217,44.8));
#709 = VECTOR('',#710,1.);
#710 = DIRECTION('',(0.,-1.));
#711 = ( GEOMETRIC_REPRESENTATION_CONTEXT(2) 
PARAMETRIC_REPRESENTATION_CONTEXT() REPRESENTATION_CONTEXT('2D SPACE',''
  ) );
#712 = PCURVE('',#584,#713);
#713 = DEFINITIONAL_REPRESENTATION('',(#714),#718);
#714 = LINE('',#715,#716);
#715 = CARTESIAN_POINT('',(-0.,44.8));
#716 = VECTOR('',#717,1.);
#717 = DIRECTION('',(0.,-1.));
#718 = ( GEOMETRIC_REPRESENTATION_CONTEXT(2) 
PARAMETRIC_REPRESENTATION_CONTEXT() REPRESENTATION_CONTEXT('2D SPACE',''
  ) );
#719 = ORIENTED_EDGE('',*,*,#548,.T.);
#720 = ORIENTED_EDGE('',*,*,#494,.T.);
#721 = ADVANCED_FACE('',(#722),#483,.F.);
#722 = FACE_BOUND('',#723,.F.);
#723 = EDGE_LOOP('',(#724,#747,#766,#767));
#724 = ORIENTED_EDGE('',*,*,#725,.F.);
#725 = EDGE_CURVE('',#726,#443,#728,.T.);
#726 = VERTEX_POINT('',#727);
#727 = CARTESIAN_POINT('',(-25.5,43.8,1.8));
#728 = SURFACE_CURVE('',#729,(#733,#740),.PCURVE_S1.);
#729 = LINE('',#730,#731);
#730 = CARTESIAN_POINT('',(-25.5,44.8,1.8));
#731 = VECTOR('',#732,1.);
#732 = DIRECTION('',(0.,-1.,0.));
#733 = PCURVE('',#483,#734);
#734 = DEFINITIONAL_REPRESENTATION('',(#735),#739);
#735 = LINE('',#736,#737);
#736 = CARTESIAN_POINT('',(0.,-44.8));
#737 = VECTOR('',#738,1.);
#738 = DIRECTION('',(0.,1.));
#739 = ( GEOMETRIC_REPRESENTATION_CONTEXT(2) 
PARAMETRIC_REPRESENTATION_CONTEXT() REPRESENTATION_CONTEXT('2D SPACE',''
  ) );
#740 = PCURVE('',#457,#741);
#741 = DEFINITIONAL_REPRESENTATION('',(#742),#746);
#742 = LINE('',#743,#744);
#743 = CARTESIAN_POINT('',(1.682590595217,-44.8));
#744 = VECTOR('',#745,1.);
#745 = DIRECTION('',(0.,1.));
#746 = ( GEOMETRIC_REPRESENTATION_CONTEXT(2) 
PARAMETRIC_REPRESENTATION_CONTEXT() REPRESENTATION_CONTEXT('2D SPACE',''
  ) );
#747 = ORIENTED_EDGE('',*,*,#748,.T.);
#748 = EDGE_CURVE('',#726,#625,#749,.T.);
#749 = SURFACE_CURVE('',#750,(#754,#760),.PCURVE_S1.);
#750 = LINE('',#751,#752);
#751 = CARTESIAN_POINT('',(9.15,43.8,1.8));
#752 = VECTOR('',#753,1.);
#753 = DIRECTION('',(-1.,0.,0.));
#754 = PCURVE('',#483,#755);
#755 = DEFINITIONAL_REPRESENTATION('',(#756),#759);
#756 = B_SPLINE_CURVE_WITH_KNOTS('',1,(#757,#758),.UNSPECIFIED.,.F.,.F.,
  (2,2),(34.65,43.65),.PIECEWISE_BEZIER_KNOTS.);
#757 = CARTESIAN_POINT('',(0.,-43.8));
#758 = CARTESIAN_POINT('',(9.,-43.8));
#759 = ( GEOMETRIC_REPRESENTATION_CONTEXT(2) 
PARAMETRIC_REPRESENTATION_CONTEXT() REPRESENTATION_CONTEXT('2D SPACE',''
  ) );
#760 = PCURVE('',#662,#761);
#761 = DEFINITIONAL_REPRESENTATION('',(#762),#765);
#762 = B_SPLINE_CURVE_WITH_KNOTS('',1,(#763,#764),.UNSPECIFIED.,.F.,.F.,
  (2,2),(34.65,43.65),.PIECEWISE_BEZIER_KNOTS.);
#763 = CARTESIAN_POINT('',(69.3,-1.8));
#764 = CARTESIAN_POINT('',(78.3,-1.8));
#765 = ( GEOMETRIC_REPRESENTATION_CONTEXT(2) 
PARAMETRIC_REPRESENTATION_CONTEXT() REPRESENTATION_CONTEXT('2D SPACE',''
  ) );
#766 = ORIENTED_EDGE('',*,*,#624,.F.);
#767 = ORIENTED_EDGE('',*,*,#468,.T.);
#768 = ADVANCED_FACE('',(#769),#457,.F.);
#769 = FACE_BOUND('',#770,.F.);
#770 = EDGE_LOOP('',(#771,#801,#827,#846,#847,#848));
#771 = ORIENTED_EDGE('',*,*,#772,.F.);
#772 = EDGE_CURVE('',#773,#775,#777,.T.);
#773 = VERTEX_POINT('',#774);
#774 = CARTESIAN_POINT('',(-26.43333333333,43.7,0.4));
#775 = VERTEX_POINT('',#776);
#776 = CARTESIAN_POINT('',(-26.43333333333,-43.7,0.4));
#777 = SURFACE_CURVE('',#778,(#782,#789),.PCURVE_S1.);
#778 = LINE('',#779,#780);
#779 = CARTESIAN_POINT('',(-26.43333333333,44.8,0.4));
#780 = VECTOR('',#781,1.);
#781 = DIRECTION('',(0.,-1.,0.));
#782 = PCURVE('',#457,#783);
#783 = DEFINITIONAL_REPRESENTATION('',(#784),#788);
#784 = LINE('',#785,#786);
#785 = CARTESIAN_POINT('',(0.,-44.8));
#786 = VECTOR('',#787,1.);
#787 = DIRECTION('',(0.,1.));
#788 = ( GEOMETRIC_REPRESENTATION_CONTEXT(2) 
PARAMETRIC_REPRESENTATION_CONTEXT() REPRESENTATION_CONTEXT('2D SPACE',''
  ) );
#789 = PCURVE('',#790,#795);
#790 = PLANE('',#791);
#791 = AXIS2_PLACEMENT_3D('',#792,#793,#794);
#792 = CARTESIAN_POINT('',(-26.3,0.,-1.E-02));
#793 = DIRECTION('',(0.950977235371,0.,0.309260889552));
#794 = DIRECTION('',(-0.309260889552,0.,0.950977235371));
#795 = DEFINITIONAL_REPRESENTATION('',(#796),#800);
#796 = LINE('',#797,#798);
#797 = CARTESIAN_POINT('',(0.431135451776,-44.8));
#798 = VECTOR('',#799,1.);
#799 = DIRECTION('',(0.,1.));
#800 = ( GEOMETRIC_REPRESENTATION_CONTEXT(2) 
PARAMETRIC_REPRESENTATION_CONTEXT() REPRESENTATION_CONTEXT('2D SPACE',''
  ) );
#801 = ORIENTED_EDGE('',*,*,#802,.T.);
#802 = EDGE_CURVE('',#773,#803,#805,.T.);
#803 = VERTEX_POINT('',#804);
#804 = CARTESIAN_POINT('',(-26.36666666666,43.8,0.5));
#805 = SURFACE_CURVE('',#806,(#810,#816),.PCURVE_S1.);
#806 = LINE('',#807,#808);
#807 = CARTESIAN_POINT('',(-26.41212121212,43.731818181818,
    0.431818181818));
#808 = VECTOR('',#809,1.);
#809 = DIRECTION('',(0.426401432711,0.639602149067,0.639602149067));
#810 = PCURVE('',#457,#811);
#811 = DEFINITIONAL_REPRESENTATION('',(#812),#815);
#812 = B_SPLINE_CURVE_WITH_KNOTS('',1,(#813,#814),.UNSPECIFIED.,.F.,.F.,
  (2,2),(-4.974683381632E-02,0.106600358178),.PIECEWISE_BEZIER_KNOTS.);
#813 = CARTESIAN_POINT('',(-1.436351038109E-15,-43.7));
#814 = CARTESIAN_POINT('',(0.120185042515,-43.8));
#815 = ( GEOMETRIC_REPRESENTATION_CONTEXT(2) 
PARAMETRIC_REPRESENTATION_CONTEXT() REPRESENTATION_CONTEXT('2D SPACE',''
  ) );
#816 = PCURVE('',#817,#822);
#817 = PLANE('',#818);
#818 = AXIS2_PLACEMENT_3D('',#819,#820,#821);
#819 = CARTESIAN_POINT('',(39.8,43.55,0.25));
#820 = DIRECTION('',(0.,0.707106781187,-0.707106781187));
#821 = DIRECTION('',(1.,-0.,-0.));
#822 = DEFINITIONAL_REPRESENTATION('',(#823),#826);
#823 = B_SPLINE_CURVE_WITH_KNOTS('',1,(#824,#825),.UNSPECIFIED.,.F.,.F.,
  (2,2),(-4.974683381632E-02,0.106600358178),.PIECEWISE_BEZIER_KNOTS.);
#824 = CARTESIAN_POINT('',(-66.23333333333,-0.212132034356));
#825 = CARTESIAN_POINT('',(-66.16666666666,-0.353553390593));
#826 = ( GEOMETRIC_REPRESENTATION_CONTEXT(2) 
PARAMETRIC_REPRESENTATION_CONTEXT() REPRESENTATION_CONTEXT('2D SPACE',''
  ) );
#827 = ORIENTED_EDGE('',*,*,#828,.T.);
#828 = EDGE_CURVE('',#803,#726,#829,.T.);
#829 = SURFACE_CURVE('',#830,(#834,#840),.PCURVE_S1.);
#830 = LINE('',#831,#832);
#831 = CARTESIAN_POINT('',(-15.72051282051,43.8,16.469230769231));
#832 = VECTOR('',#833,1.);
#833 = DIRECTION('',(0.554700196225,0.,0.832050294338));
#834 = PCURVE('',#457,#835);
#835 = DEFINITIONAL_REPRESENTATION('',(#836),#839);
#836 = B_SPLINE_CURVE_WITH_KNOTS('',1,(#837,#838),.UNSPECIFIED.,.F.,.F.,
  (2,2),(-19.19262678939,-17.63022123669),.PIECEWISE_BEZIER_KNOTS.);
#837 = CARTESIAN_POINT('',(0.120185042515,-43.8));
#838 = CARTESIAN_POINT('',(1.682590595217,-43.8));
#839 = ( GEOMETRIC_REPRESENTATION_CONTEXT(2) 
PARAMETRIC_REPRESENTATION_CONTEXT() REPRESENTATION_CONTEXT('2D SPACE',''
  ) );
#840 = PCURVE('',#662,#841);
#841 = DEFINITIONAL_REPRESENTATION('',(#842),#845);
#842 = B_SPLINE_CURVE_WITH_KNOTS('',1,(#843,#844),.UNSPECIFIED.,.F.,.F.,
  (2,2),(-19.19262678939,-17.63022123669),.PIECEWISE_BEZIER_KNOTS.);
#843 = CARTESIAN_POINT('',(70.166666666667,-0.5));
#844 = CARTESIAN_POINT('',(69.3,-1.8));
#845 = ( GEOMETRIC_REPRESENTATION_CONTEXT(2) 
PARAMETRIC_REPRESENTATION_CONTEXT() REPRESENTATION_CONTEXT('2D SPACE',''
  ) );
#846 = ORIENTED_EDGE('',*,*,#725,.T.);
#847 = ORIENTED_EDGE('',*,*,#442,.T.);
#848 = ORIENTED_EDGE('',*,*,#849,.T.);
#849 = EDGE_CURVE('',#415,#775,#850,.T.);
#850 = SURFACE_CURVE('',#851,(#855,#861),.PCURVE_S1.);
#851 = LINE('',#852,#853);
#852 = CARTESIAN_POINT('',(-33.64848484848,-32.87727272727,
    -10.42272727272));
#853 = VECTOR('',#854,1.);
#854 = DIRECTION('',(-0.426401432711,0.639602149067,-0.639602149067));
#855 = PCURVE('',#457,#856);
#856 = DEFINITIONAL_REPRESENTATION('',(#857),#860);
#857 = B_SPLINE_CURVE_WITH_KNOTS('',1,(#858,#859),.UNSPECIFIED.,.F.,.F.,
  (2,2),(-17.07737738008,-16.92103018809),.PIECEWISE_BEZIER_KNOTS.);
#858 = CARTESIAN_POINT('',(0.120185042515,43.8));
#859 = CARTESIAN_POINT('',(3.552713678801E-15,43.7));
#860 = ( GEOMETRIC_REPRESENTATION_CONTEXT(2) 
PARAMETRIC_REPRESENTATION_CONTEXT() REPRESENTATION_CONTEXT('2D SPACE',''
  ) );
#861 = PCURVE('',#430,#862);
#862 = DEFINITIONAL_REPRESENTATION('',(#863),#866);
#863 = B_SPLINE_CURVE_WITH_KNOTS('',1,(#864,#865),.UNSPECIFIED.,.F.,.F.,
  (2,2),(-17.07737738008,-16.92103018809),.PIECEWISE_BEZIER_KNOTS.);
#864 = CARTESIAN_POINT('',(-13.43333333333,-0.353553390593));
#865 = CARTESIAN_POINT('',(-13.36666666666,-0.212132034356));
#866 = ( GEOMETRIC_REPRESENTATION_CONTEXT(2) 
PARAMETRIC_REPRESENTATION_CONTEXT() REPRESENTATION_CONTEXT('2D SPACE',''
  ) );
#867 = ADVANCED_FACE('',(#868),#430,.T.);
#868 = FACE_BOUND('',#869,.F.);
#869 = EDGE_LOOP('',(#870,#871,#872,#893,#919,#947));
#870 = ORIENTED_EDGE('',*,*,#849,.F.);
#871 = ORIENTED_EDGE('',*,*,#414,.T.);
#872 = ORIENTED_EDGE('',*,*,#873,.F.);
#873 = EDGE_CURVE('',#874,#389,#876,.T.);
#874 = VERTEX_POINT('',#875);
#875 = CARTESIAN_POINT('',(26.433333333333,-43.7,0.4));
#876 = SURFACE_CURVE('',#877,(#881,#887),.PCURVE_S1.);
#877 = LINE('',#878,#879);
#878 = CARTESIAN_POINT('',(26.136363636364,-44.14545454545,
    0.845454545455));
#879 = VECTOR('',#880,1.);
#880 = DIRECTION('',(-0.426401432711,-0.639602149067,0.639602149067));
#881 = PCURVE('',#430,#882);
#882 = DEFINITIONAL_REPRESENTATION('',(#883),#886);
#883 = B_SPLINE_CURVE_WITH_KNOTS('',1,(#884,#885),.UNSPECIFIED.,.F.,.F.,
  (2,2),(-0.696455673428,-0.540108481434),.PIECEWISE_BEZIER_KNOTS.);
#884 = CARTESIAN_POINT('',(-66.23333333333,-0.212132034356));
#885 = CARTESIAN_POINT('',(-66.16666666666,-0.353553390593));
#886 = ( GEOMETRIC_REPRESENTATION_CONTEXT(2) 
PARAMETRIC_REPRESENTATION_CONTEXT() REPRESENTATION_CONTEXT('2D SPACE',''
  ) );
#887 = PCURVE('',#403,#888);
#888 = DEFINITIONAL_REPRESENTATION('',(#889),#892);
#889 = B_SPLINE_CURVE_WITH_KNOTS('',1,(#890,#891),.UNSPECIFIED.,.F.,.F.,
  (2,2),(-0.696455673428,-0.540108481434),.PIECEWISE_BEZIER_KNOTS.);
#890 = CARTESIAN_POINT('',(1.682590595217,43.7));
#891 = CARTESIAN_POINT('',(1.562405552701,43.8));
#892 = ( GEOMETRIC_REPRESENTATION_CONTEXT(2) 
PARAMETRIC_REPRESENTATION_CONTEXT() REPRESENTATION_CONTEXT('2D SPACE',''
  ) );
#893 = ORIENTED_EDGE('',*,*,#894,.F.);
#894 = EDGE_CURVE('',#895,#874,#897,.T.);
#895 = VERTEX_POINT('',#896);
#896 = CARTESIAN_POINT('',(26.30325203252,-43.3,0.));
#897 = SURFACE_CURVE('',#898,(#902,#908),.PCURVE_S1.);
#898 = LINE('',#899,#900);
#899 = CARTESIAN_POINT('',(21.37254274175,-28.13806893088,
    -15.16193106911));
#900 = VECTOR('',#901,1.);
#901 = DIRECTION('',(0.224104582637,-0.689121591608,0.689121591608));
#902 = PCURVE('',#430,#903);
#903 = DEFINITIONAL_REPRESENTATION('',(#904),#907);
#904 = B_SPLINE_CURVE_WITH_KNOTS('',1,(#905,#906),.UNSPECIFIED.,.F.,.F.,
  (2,2),(22.001822688121,22.582271777036),.PIECEWISE_BEZIER_KNOTS.);
#905 = CARTESIAN_POINT('',(-66.10325203252,0.353553390593));
#906 = CARTESIAN_POINT('',(-66.23333333333,-0.212132034356));
#907 = ( GEOMETRIC_REPRESENTATION_CONTEXT(2) 
PARAMETRIC_REPRESENTATION_CONTEXT() REPRESENTATION_CONTEXT('2D SPACE',''
  ) );
#908 = PCURVE('',#909,#914);
#909 = PLANE('',#910);
#910 = AXIS2_PLACEMENT_3D('',#911,#912,#913);
#911 = CARTESIAN_POINT('',(26.433333333333,0.,0.4));
#912 = DIRECTION('',(-0.950977235371,0.,0.309260889552));
#913 = DIRECTION('',(-0.309260889552,0.,-0.950977235371));
#914 = DEFINITIONAL_REPRESENTATION('',(#915),#918);
#915 = B_SPLINE_CURVE_WITH_KNOTS('',1,(#916,#917),.UNSPECIFIED.,.F.,.F.,
  (2,2),(22.001822688121,22.582271777036),.PIECEWISE_BEZIER_KNOTS.);
#916 = CARTESIAN_POINT('',(0.420619952952,43.3));
#917 = CARTESIAN_POINT('',(-3.552713678801E-15,43.7));
#918 = ( GEOMETRIC_REPRESENTATION_CONTEXT(2) 
PARAMETRIC_REPRESENTATION_CONTEXT() REPRESENTATION_CONTEXT('2D SPACE',''
  ) );
#919 = ORIENTED_EDGE('',*,*,#920,.F.);
#920 = EDGE_CURVE('',#921,#895,#923,.T.);
#921 = VERTEX_POINT('',#922);
#922 = CARTESIAN_POINT('',(-26.30325203252,-43.3,0.));
#923 = SURFACE_CURVE('',#924,(#928,#935),.PCURVE_S1.);
#924 = LINE('',#925,#926);
#925 = CARTESIAN_POINT('',(-39.8,-43.3,0.));
#926 = VECTOR('',#927,1.);
#927 = DIRECTION('',(1.,0.,0.));
#928 = PCURVE('',#430,#929);
#929 = DEFINITIONAL_REPRESENTATION('',(#930),#934);
#930 = LINE('',#931,#932);
#931 = CARTESIAN_POINT('',(-0.,0.353553390593));
#932 = VECTOR('',#933,1.);
#933 = DIRECTION('',(-1.,0.));
#934 = ( GEOMETRIC_REPRESENTATION_CONTEXT(2) 
PARAMETRIC_REPRESENTATION_CONTEXT() REPRESENTATION_CONTEXT('2D SPACE',''
  ) );
#935 = PCURVE('',#936,#941);
#936 = PLANE('',#937);
#937 = AXIS2_PLACEMENT_3D('',#938,#939,#940);
#938 = CARTESIAN_POINT('',(1.29779495116E-15,-1.29779495116E-15,0.));
#939 = DIRECTION('',(0.,0.,1.));
#940 = DIRECTION('',(1.,0.,-0.));
#941 = DEFINITIONAL_REPRESENTATION('',(#942),#946);
#942 = LINE('',#943,#944);
#943 = CARTESIAN_POINT('',(-39.8,-43.3));
#944 = VECTOR('',#945,1.);
#945 = DIRECTION('',(1.,0.));
#946 = ( GEOMETRIC_REPRESENTATION_CONTEXT(2) 
PARAMETRIC_REPRESENTATION_CONTEXT() REPRESENTATION_CONTEXT('2D SPACE',''
  ) );
#947 = ORIENTED_EDGE('',*,*,#948,.F.);
#948 = EDGE_CURVE('',#775,#921,#949,.T.);
#949 = SURFACE_CURVE('',#950,(#954,#960),.PCURVE_S1.);
#950 = LINE('',#951,#952);
#951 = CARTESIAN_POINT('',(-23.33640529851,-34.17694629292,
    -9.123053707075));
#952 = VECTOR('',#953,1.);
#953 = DIRECTION('',(0.224104582637,0.689121591608,-0.689121591608));
#954 = PCURVE('',#430,#955);
#955 = DEFINITIONAL_REPRESENTATION('',(#956),#959);
#956 = B_SPLINE_CURVE_WITH_KNOTS('',1,(#957,#958),.UNSPECIFIED.,.F.,.F.,
  (2,2),(-13.81911961987,-13.23867053096),.PIECEWISE_BEZIER_KNOTS.);
#957 = CARTESIAN_POINT('',(-13.36666666666,-0.212132034356));
#958 = CARTESIAN_POINT('',(-13.49674796748,0.353553390593));
#959 = ( GEOMETRIC_REPRESENTATION_CONTEXT(2) 
PARAMETRIC_REPRESENTATION_CONTEXT() REPRESENTATION_CONTEXT('2D SPACE',''
  ) );
#960 = PCURVE('',#790,#961);
#961 = DEFINITIONAL_REPRESENTATION('',(#962),#965);
#962 = B_SPLINE_CURVE_WITH_KNOTS('',1,(#963,#964),.UNSPECIFIED.,.F.,.F.,
  (2,2),(-13.81911961987,-13.23867053096),.PIECEWISE_BEZIER_KNOTS.);
#963 = CARTESIAN_POINT('',(0.431135451776,43.7));
#964 = CARTESIAN_POINT('',(1.05154988238E-02,43.3));
#965 = ( GEOMETRIC_REPRESENTATION_CONTEXT(2) 
PARAMETRIC_REPRESENTATION_CONTEXT() REPRESENTATION_CONTEXT('2D SPACE',''
  ) );
#966 = ADVANCED_FACE('',(#967),#403,.F.);
#967 = FACE_BOUND('',#968,.F.);
#968 = EDGE_LOOP('',(#969,#992,#1013,#1034,#1055,#1056));
#969 = ORIENTED_EDGE('',*,*,#970,.T.);
#970 = EDGE_CURVE('',#363,#971,#973,.T.);
#971 = VERTEX_POINT('',#972);
#972 = CARTESIAN_POINT('',(25.5,43.8,1.8));
#973 = SURFACE_CURVE('',#974,(#978,#985),.PCURVE_S1.);
#974 = LINE('',#975,#976);
#975 = CARTESIAN_POINT('',(25.5,-44.8,1.8));
#976 = VECTOR('',#977,1.);
#977 = DIRECTION('',(0.,1.,0.));
#978 = PCURVE('',#403,#979);
#979 = DEFINITIONAL_REPRESENTATION('',(#980),#984);
#980 = LINE('',#981,#982);
#981 = CARTESIAN_POINT('',(0.,44.8));
#982 = VECTOR('',#983,1.);
#983 = DIRECTION('',(0.,-1.));
#984 = ( GEOMETRIC_REPRESENTATION_CONTEXT(2) 
PARAMETRIC_REPRESENTATION_CONTEXT() REPRESENTATION_CONTEXT('2D SPACE',''
  ) );
#985 = PCURVE('',#377,#986);
#986 = DEFINITIONAL_REPRESENTATION('',(#987),#991);
#987 = LINE('',#988,#989);
#988 = CARTESIAN_POINT('',(9.,44.8));
#989 = VECTOR('',#990,1.);
#990 = DIRECTION('',(0.,-1.));
#991 = ( GEOMETRIC_REPRESENTATION_CONTEXT(2) 
PARAMETRIC_REPRESENTATION_CONTEXT() REPRESENTATION_CONTEXT('2D SPACE',''
  ) );
#992 = ORIENTED_EDGE('',*,*,#993,.T.);
#993 = EDGE_CURVE('',#971,#994,#996,.T.);
#994 = VERTEX_POINT('',#995);
#995 = CARTESIAN_POINT('',(26.366666666667,43.8,0.5));
#996 = SURFACE_CURVE('',#997,(#1001,#1007),.PCURVE_S1.);
#997 = LINE('',#998,#999);
#998 = CARTESIAN_POINT('',(28.730769230769,43.8,-3.046153846154));
#999 = VECTOR('',#1000,1.);
#1000 = DIRECTION('',(0.554700196225,0.,-0.832050294338));
#1001 = PCURVE('',#403,#1002);
#1002 = DEFINITIONAL_REPRESENTATION('',(#1003),#1006);
#1003 = B_SPLINE_CURVE_WITH_KNOTS('',1,(#1004,#1005),.UNSPECIFIED.,.F.,
  .F.,(2,2),(-5.824352060365,-4.261946507664),.PIECEWISE_BEZIER_KNOTS.);
#1004 = CARTESIAN_POINT('',(0.,-43.8));
#1005 = CARTESIAN_POINT('',(1.562405552701,-43.8));
#1006 = ( GEOMETRIC_REPRESENTATION_CONTEXT(2) 
PARAMETRIC_REPRESENTATION_CONTEXT() REPRESENTATION_CONTEXT('2D SPACE',''
  ) );
#1007 = PCURVE('',#662,#1008);
#1008 = DEFINITIONAL_REPRESENTATION('',(#1009),#1012);
#1009 = B_SPLINE_CURVE_WITH_KNOTS('',1,(#1010,#1011),.UNSPECIFIED.,.F.,
  .F.,(2,2),(-5.824352060365,-4.261946507664),.PIECEWISE_BEZIER_KNOTS.);
#1010 = CARTESIAN_POINT('',(18.3,-1.8));
#1011 = CARTESIAN_POINT('',(17.433333333333,-0.5));
#1012 = ( GEOMETRIC_REPRESENTATION_CONTEXT(2) 
PARAMETRIC_REPRESENTATION_CONTEXT() REPRESENTATION_CONTEXT('2D SPACE',''
  ) );
#1013 = ORIENTED_EDGE('',*,*,#1014,.T.);
#1014 = EDGE_CURVE('',#994,#1015,#1017,.T.);
#1015 = VERTEX_POINT('',#1016);
#1016 = CARTESIAN_POINT('',(26.433333333333,43.7,0.4));
#1017 = SURFACE_CURVE('',#1018,(#1022,#1028),.PCURVE_S1.);
#1018 = LINE('',#1019,#1020);
#1019 = CARTESIAN_POINT('',(33.372727272727,33.290909090909,
    -10.00909090909));
#1020 = VECTOR('',#1021,1.);
#1021 = DIRECTION('',(0.426401432711,-0.639602149067,-0.639602149067));
#1022 = PCURVE('',#403,#1023);
#1023 = DEFINITIONAL_REPRESENTATION('',(#1024),#1027);
#1024 = B_SPLINE_CURVE_WITH_KNOTS('',1,(#1025,#1026),.UNSPECIFIED.,.F.,
  .F.,(2,2),(-16.43066854047,-16.27432134847),.PIECEWISE_BEZIER_KNOTS.);
#1025 = CARTESIAN_POINT('',(1.562405552701,-43.8));
#1026 = CARTESIAN_POINT('',(1.682590595217,-43.7));
#1027 = ( GEOMETRIC_REPRESENTATION_CONTEXT(2) 
PARAMETRIC_REPRESENTATION_CONTEXT() REPRESENTATION_CONTEXT('2D SPACE',''
  ) );
#1028 = PCURVE('',#817,#1029);
#1029 = DEFINITIONAL_REPRESENTATION('',(#1030),#1033);
#1030 = B_SPLINE_CURVE_WITH_KNOTS('',1,(#1031,#1032),.UNSPECIFIED.,.F.,
  .F.,(2,2),(-16.43066854047,-16.27432134847),.PIECEWISE_BEZIER_KNOTS.);
#1031 = CARTESIAN_POINT('',(-13.43333333333,-0.353553390593));
#1032 = CARTESIAN_POINT('',(-13.36666666666,-0.212132034356));
#1033 = ( GEOMETRIC_REPRESENTATION_CONTEXT(2) 
PARAMETRIC_REPRESENTATION_CONTEXT() REPRESENTATION_CONTEXT('2D SPACE',''
  ) );
#1034 = ORIENTED_EDGE('',*,*,#1035,.F.);
#1035 = EDGE_CURVE('',#874,#1015,#1036,.T.);
#1036 = SURFACE_CURVE('',#1037,(#1041,#1048),.PCURVE_S1.);
#1037 = LINE('',#1038,#1039);
#1038 = CARTESIAN_POINT('',(26.433333333333,-44.8,0.4));
#1039 = VECTOR('',#1040,1.);
#1040 = DIRECTION('',(0.,1.,0.));
#1041 = PCURVE('',#403,#1042);
#1042 = DEFINITIONAL_REPRESENTATION('',(#1043),#1047);
#1043 = LINE('',#1044,#1045);
#1044 = CARTESIAN_POINT('',(1.682590595217,44.8));
#1045 = VECTOR('',#1046,1.);
#1046 = DIRECTION('',(0.,-1.));
#1047 = ( GEOMETRIC_REPRESENTATION_CONTEXT(2) 
PARAMETRIC_REPRESENTATION_CONTEXT() REPRESENTATION_CONTEXT('2D SPACE',''
  ) );
#1048 = PCURVE('',#909,#1049);
#1049 = DEFINITIONAL_REPRESENTATION('',(#1050),#1054);
#1050 = LINE('',#1051,#1052);
#1051 = CARTESIAN_POINT('',(-0.,44.8));
#1052 = VECTOR('',#1053,1.);
#1053 = DIRECTION('',(0.,-1.));
#1054 = ( GEOMETRIC_REPRESENTATION_CONTEXT(2) 
PARAMETRIC_REPRESENTATION_CONTEXT() REPRESENTATION_CONTEXT('2D SPACE',''
  ) );
#1055 = ORIENTED_EDGE('',*,*,#873,.T.);
#1056 = ORIENTED_EDGE('',*,*,#388,.T.);
#1057 = ADVANCED_FACE('',(#1058),#377,.F.);
#1058 = FACE_BOUND('',#1059,.F.);
#1059 = EDGE_LOOP('',(#1060,#1083,#1102,#1103));
#1060 = ORIENTED_EDGE('',*,*,#1061,.F.);
#1061 = EDGE_CURVE('',#1062,#337,#1064,.T.);
#1062 = VERTEX_POINT('',#1063);
#1063 = CARTESIAN_POINT('',(34.5,43.8,1.8));
#1064 = SURFACE_CURVE('',#1065,(#1069,#1076),.PCURVE_S1.);
#1065 = LINE('',#1066,#1067);
#1066 = CARTESIAN_POINT('',(34.5,44.8,1.8));
#1067 = VECTOR('',#1068,1.);
#1068 = DIRECTION('',(0.,-1.,0.));
#1069 = PCURVE('',#377,#1070);
#1070 = DEFINITIONAL_REPRESENTATION('',(#1071),#1075);
#1071 = LINE('',#1072,#1073);
#1072 = CARTESIAN_POINT('',(0.,-44.8));
#1073 = VECTOR('',#1074,1.);
#1074 = DIRECTION('',(0.,1.));
#1075 = ( GEOMETRIC_REPRESENTATION_CONTEXT(2) 
PARAMETRIC_REPRESENTATION_CONTEXT() REPRESENTATION_CONTEXT('2D SPACE',''
  ) );
#1076 = PCURVE('',#351,#1077);
#1077 = DEFINITIONAL_REPRESENTATION('',(#1078),#1082);
#1078 = LINE('',#1079,#1080);
#1079 = CARTESIAN_POINT('',(1.682590595217,-44.8));
#1080 = VECTOR('',#1081,1.);
#1081 = DIRECTION('',(0.,1.));
#1082 = ( GEOMETRIC_REPRESENTATION_CONTEXT(2) 
PARAMETRIC_REPRESENTATION_CONTEXT() REPRESENTATION_CONTEXT('2D SPACE',''
  ) );
#1083 = ORIENTED_EDGE('',*,*,#1084,.T.);
#1084 = EDGE_CURVE('',#1062,#971,#1085,.T.);
#1085 = SURFACE_CURVE('',#1086,(#1090,#1096),.PCURVE_S1.);
#1086 = LINE('',#1087,#1088);
#1087 = CARTESIAN_POINT('',(39.15,43.8,1.8));
#1088 = VECTOR('',#1089,1.);
#1089 = DIRECTION('',(-1.,0.,0.));
#1090 = PCURVE('',#377,#1091);
#1091 = DEFINITIONAL_REPRESENTATION('',(#1092),#1095);
#1092 = B_SPLINE_CURVE_WITH_KNOTS('',1,(#1093,#1094),.UNSPECIFIED.,.F.,
  .F.,(2,2),(4.65,13.65),.PIECEWISE_BEZIER_KNOTS.);
#1093 = CARTESIAN_POINT('',(0.,-43.8));
#1094 = CARTESIAN_POINT('',(9.,-43.8));
#1095 = ( GEOMETRIC_REPRESENTATION_CONTEXT(2) 
PARAMETRIC_REPRESENTATION_CONTEXT() REPRESENTATION_CONTEXT('2D SPACE',''
  ) );
#1096 = PCURVE('',#662,#1097);
#1097 = DEFINITIONAL_REPRESENTATION('',(#1098),#1101);
#1098 = B_SPLINE_CURVE_WITH_KNOTS('',1,(#1099,#1100),.UNSPECIFIED.,.F.,
  .F.,(2,2),(4.65,13.65),.PIECEWISE_BEZIER_KNOTS.);
#1099 = CARTESIAN_POINT('',(9.3,-1.8));
#1100 = CARTESIAN_POINT('',(18.3,-1.8));
#1101 = ( GEOMETRIC_REPRESENTATION_CONTEXT(2) 
PARAMETRIC_REPRESENTATION_CONTEXT() REPRESENTATION_CONTEXT('2D SPACE',''
  ) );
#1102 = ORIENTED_EDGE('',*,*,#970,.F.);
#1103 = ORIENTED_EDGE('',*,*,#362,.T.);
#1104 = ADVANCED_FACE('',(#1105),#351,.F.);
#1105 = FACE_BOUND('',#1106,.F.);
#1106 = EDGE_LOOP('',(#1107,#1137,#1163,#1182,#1183,#1184));
#1107 = ORIENTED_EDGE('',*,*,#1108,.F.);
#1108 = EDGE_CURVE('',#1109,#1111,#1113,.T.);
#1109 = VERTEX_POINT('',#1110);
#1110 = CARTESIAN_POINT('',(33.566666666667,43.7,0.4));
#1111 = VERTEX_POINT('',#1112);
#1112 = CARTESIAN_POINT('',(33.566666666667,-43.7,0.4));
#1113 = SURFACE_CURVE('',#1114,(#1118,#1125),.PCURVE_S1.);
#1114 = LINE('',#1115,#1116);
#1115 = CARTESIAN_POINT('',(33.566666666667,44.8,0.4));
#1116 = VECTOR('',#1117,1.);
#1117 = DIRECTION('',(0.,-1.,0.));
#1118 = PCURVE('',#351,#1119);
#1119 = DEFINITIONAL_REPRESENTATION('',(#1120),#1124);
#1120 = LINE('',#1121,#1122);
#1121 = CARTESIAN_POINT('',(0.,-44.8));
#1122 = VECTOR('',#1123,1.);
#1123 = DIRECTION('',(0.,1.));
#1124 = ( GEOMETRIC_REPRESENTATION_CONTEXT(2) 
PARAMETRIC_REPRESENTATION_CONTEXT() REPRESENTATION_CONTEXT('2D SPACE',''
  ) );
#1125 = PCURVE('',#1126,#1131);
#1126 = PLANE('',#1127);
#1127 = AXIS2_PLACEMENT_3D('',#1128,#1129,#1130);
#1128 = CARTESIAN_POINT('',(33.7,0.,-1.E-02));
#1129 = DIRECTION('',(0.950977235371,0.,0.309260889552));
#1130 = DIRECTION('',(-0.309260889552,0.,0.950977235371));
#1131 = DEFINITIONAL_REPRESENTATION('',(#1132),#1136);
#1132 = LINE('',#1133,#1134);
#1133 = CARTESIAN_POINT('',(0.431135451776,-44.8));
#1134 = VECTOR('',#1135,1.);
#1135 = DIRECTION('',(0.,1.));
#1136 = ( GEOMETRIC_REPRESENTATION_CONTEXT(2) 
PARAMETRIC_REPRESENTATION_CONTEXT() REPRESENTATION_CONTEXT('2D SPACE',''
  ) );
#1137 = ORIENTED_EDGE('',*,*,#1138,.T.);
#1138 = EDGE_CURVE('',#1109,#1139,#1141,.T.);
#1139 = VERTEX_POINT('',#1140);
#1140 = CARTESIAN_POINT('',(33.633333333333,43.8,0.5));
#1141 = SURFACE_CURVE('',#1142,(#1146,#1152),.PCURVE_S1.);
#1142 = LINE('',#1143,#1144);
#1143 = CARTESIAN_POINT('',(28.133333333333,35.55,-7.75));
#1144 = VECTOR('',#1145,1.);
#1145 = DIRECTION('',(0.426401432711,0.639602149067,0.639602149067));
#1146 = PCURVE('',#351,#1147);
#1147 = DEFINITIONAL_REPRESENTATION('',(#1148),#1151);
#1148 = B_SPLINE_CURVE_WITH_KNOTS('',1,(#1149,#1150),.UNSPECIFIED.,.F.,
  .F.,(2,2),(12.74229614752,12.898643339514),.PIECEWISE_BEZIER_KNOTS.);
#1149 = CARTESIAN_POINT('',(1.7763568394E-15,-43.7));
#1150 = CARTESIAN_POINT('',(0.120185042515,-43.8));
#1151 = ( GEOMETRIC_REPRESENTATION_CONTEXT(2) 
PARAMETRIC_REPRESENTATION_CONTEXT() REPRESENTATION_CONTEXT('2D SPACE',''
  ) );
#1152 = PCURVE('',#1153,#1158);
#1153 = PLANE('',#1154);
#1154 = AXIS2_PLACEMENT_3D('',#1155,#1156,#1157);
#1155 = CARTESIAN_POINT('',(39.8,43.55,0.25));
#1156 = DIRECTION('',(0.,0.707106781187,-0.707106781187));
#1157 = DIRECTION('',(1.,-0.,-0.));
#1158 = DEFINITIONAL_REPRESENTATION('',(#1159),#1162);
#1159 = B_SPLINE_CURVE_WITH_KNOTS('',1,(#1160,#1161),.UNSPECIFIED.,.F.,
  .F.,(2,2),(12.74229614752,12.898643339514),.PIECEWISE_BEZIER_KNOTS.);
#1160 = CARTESIAN_POINT('',(-6.233333333333,-0.212132034356));
#1161 = CARTESIAN_POINT('',(-6.166666666667,-0.353553390593));
#1162 = ( GEOMETRIC_REPRESENTATION_CONTEXT(2) 
PARAMETRIC_REPRESENTATION_CONTEXT() REPRESENTATION_CONTEXT('2D SPACE',''
  ) );
#1163 = ORIENTED_EDGE('',*,*,#1164,.T.);
#1164 = EDGE_CURVE('',#1139,#1062,#1165,.T.);
#1165 = SURFACE_CURVE('',#1166,(#1170,#1176),.PCURVE_S1.);
#1166 = LINE('',#1167,#1168);
#1167 = CARTESIAN_POINT('',(35.048717948718,43.8,2.623076923077));
#1168 = VECTOR('',#1169,1.);
#1169 = DIRECTION('',(0.554700196225,0.,0.832050294338));
#1170 = PCURVE('',#351,#1171);
#1171 = DEFINITIONAL_REPRESENTATION('',(#1172),#1175);
#1172 = B_SPLINE_CURVE_WITH_KNOTS('',1,(#1173,#1174),.UNSPECIFIED.,.F.,
  .F.,(2,2),(-2.551620902636,-0.989215349935),.PIECEWISE_BEZIER_KNOTS.);
#1173 = CARTESIAN_POINT('',(0.120185042515,-43.8));
#1174 = CARTESIAN_POINT('',(1.682590595217,-43.8));
#1175 = ( GEOMETRIC_REPRESENTATION_CONTEXT(2) 
PARAMETRIC_REPRESENTATION_CONTEXT() REPRESENTATION_CONTEXT('2D SPACE',''
  ) );
#1176 = PCURVE('',#662,#1177);
#1177 = DEFINITIONAL_REPRESENTATION('',(#1178),#1181);
#1178 = B_SPLINE_CURVE_WITH_KNOTS('',1,(#1179,#1180),.UNSPECIFIED.,.F.,
  .F.,(2,2),(-2.551620902636,-0.989215349935),.PIECEWISE_BEZIER_KNOTS.);
#1179 = CARTESIAN_POINT('',(10.166666666667,-0.5));
#1180 = CARTESIAN_POINT('',(9.3,-1.8));
#1181 = ( GEOMETRIC_REPRESENTATION_CONTEXT(2) 
PARAMETRIC_REPRESENTATION_CONTEXT() REPRESENTATION_CONTEXT('2D SPACE',''
  ) );
#1182 = ORIENTED_EDGE('',*,*,#1061,.T.);
#1183 = ORIENTED_EDGE('',*,*,#336,.T.);
#1184 = ORIENTED_EDGE('',*,*,#1185,.T.);
#1185 = EDGE_CURVE('',#309,#1111,#1186,.T.);
#1186 = SURFACE_CURVE('',#1187,(#1191,#1197),.PCURVE_S1.);
#1187 = LINE('',#1188,#1189);
#1188 = CARTESIAN_POINT('',(20.89696969697,-24.69545454545,
    -18.60454545454));
#1189 = VECTOR('',#1190,1.);
#1190 = DIRECTION('',(-0.426401432711,0.639602149067,-0.639602149067));
#1191 = PCURVE('',#351,#1192);
#1192 = DEFINITIONAL_REPRESENTATION('',(#1193),#1196);
#1193 = B_SPLINE_CURVE_WITH_KNOTS('',1,(#1194,#1195),.UNSPECIFIED.,.F.,
  .F.,(2,2),(-29.86942036142,-29.71307316942),.PIECEWISE_BEZIER_KNOTS.);
#1194 = CARTESIAN_POINT('',(0.120185042515,43.8));
#1195 = CARTESIAN_POINT('',(7.105427357601E-15,43.7));
#1196 = ( GEOMETRIC_REPRESENTATION_CONTEXT(2) 
PARAMETRIC_REPRESENTATION_CONTEXT() REPRESENTATION_CONTEXT('2D SPACE',''
  ) );
#1197 = PCURVE('',#324,#1198);
#1198 = DEFINITIONAL_REPRESENTATION('',(#1199),#1202);
#1199 = B_SPLINE_CURVE_WITH_KNOTS('',1,(#1200,#1201),.UNSPECIFIED.,.F.,
  .F.,(2,2),(-29.86942036142,-29.71307316942),.PIECEWISE_BEZIER_KNOTS.);
#1200 = CARTESIAN_POINT('',(-73.43333333333,-0.353553390593));
#1201 = CARTESIAN_POINT('',(-73.36666666666,-0.212132034356));
#1202 = ( GEOMETRIC_REPRESENTATION_CONTEXT(2) 
PARAMETRIC_REPRESENTATION_CONTEXT() REPRESENTATION_CONTEXT('2D SPACE',''
  ) );
#1203 = ADVANCED_FACE('',(#1204),#324,.T.);
#1204 = FACE_BOUND('',#1205,.F.);
#1205 = EDGE_LOOP('',(#1206,#1207,#1208,#1234,#1262));
#1206 = ORIENTED_EDGE('',*,*,#1185,.F.);
#1207 = ORIENTED_EDGE('',*,*,#308,.T.);
#1208 = ORIENTED_EDGE('',*,*,#1209,.T.);
#1209 = EDGE_CURVE('',#281,#1210,#1212,.T.);
#1210 = VERTEX_POINT('',#1211);
#1211 = CARTESIAN_POINT('',(39.8,-43.3,-2.053912595557E-15));
#1212 = SURFACE_CURVE('',#1213,(#1217,#1223),.PCURVE_S1.);
#1213 = LINE('',#1214,#1215);
#1214 = CARTESIAN_POINT('',(39.8,-43.55,0.25));
#1215 = VECTOR('',#1216,1.);
#1216 = DIRECTION('',(-0.,0.707106781187,-0.707106781187));
#1217 = PCURVE('',#324,#1218);
#1218 = DEFINITIONAL_REPRESENTATION('',(#1219),#1222);
#1219 = B_SPLINE_CURVE_WITH_KNOTS('',1,(#1220,#1221),.UNSPECIFIED.,.F.,
  .F.,(2,2),(-0.353553390593,0.353553390593),.PIECEWISE_BEZIER_KNOTS.);
#1220 = CARTESIAN_POINT('',(-79.6,-0.353553390593));
#1221 = CARTESIAN_POINT('',(-79.6,0.353553390593));
#1222 = ( GEOMETRIC_REPRESENTATION_CONTEXT(2) 
PARAMETRIC_REPRESENTATION_CONTEXT() REPRESENTATION_CONTEXT('2D SPACE',''
  ) );
#1223 = PCURVE('',#1224,#1229);
#1224 = CONICAL_SURFACE('',#1225,4.,0.785398163397);
#1225 = AXIS2_PLACEMENT_3D('',#1226,#1227,#1228);
#1226 = CARTESIAN_POINT('',(39.8,-39.8,0.5));
#1227 = DIRECTION('',(0.,0.,1.));
#1228 = DIRECTION('',(0.,-1.,0.));
#1229 = DEFINITIONAL_REPRESENTATION('',(#1230),#1233);
#1230 = B_SPLINE_CURVE_WITH_KNOTS('',1,(#1231,#1232),.UNSPECIFIED.,.F.,
  .F.,(2,2),(-0.353553390593,0.353553390593),.PIECEWISE_BEZIER_KNOTS.);
#1231 = CARTESIAN_POINT('',(0.,0.));
#1232 = CARTESIAN_POINT('',(0.,-0.5));
#1233 = ( GEOMETRIC_REPRESENTATION_CONTEXT(2) 
PARAMETRIC_REPRESENTATION_CONTEXT() REPRESENTATION_CONTEXT('2D SPACE',''
  ) );
#1234 = ORIENTED_EDGE('',*,*,#1235,.F.);
#1235 = EDGE_CURVE('',#1236,#1210,#1238,.T.);
#1236 = VERTEX_POINT('',#1237);
#1237 = CARTESIAN_POINT('',(33.69674796748,-43.3,0.));
#1238 = SURFACE_CURVE('',#1239,(#1243,#1250),.PCURVE_S1.);
#1239 = LINE('',#1240,#1241);
#1240 = CARTESIAN_POINT('',(-39.8,-43.3,0.));
#1241 = VECTOR('',#1242,1.);
#1242 = DIRECTION('',(1.,0.,0.));
#1243 = PCURVE('',#324,#1244);
#1244 = DEFINITIONAL_REPRESENTATION('',(#1245),#1249);
#1245 = LINE('',#1246,#1247);
#1246 = CARTESIAN_POINT('',(-0.,0.353553390593));
#1247 = VECTOR('',#1248,1.);
#1248 = DIRECTION('',(-1.,0.));
#1249 = ( GEOMETRIC_REPRESENTATION_CONTEXT(2) 
PARAMETRIC_REPRESENTATION_CONTEXT() REPRESENTATION_CONTEXT('2D SPACE',''
  ) );
#1250 = PCURVE('',#1251,#1256);
#1251 = PLANE('',#1252);
#1252 = AXIS2_PLACEMENT_3D('',#1253,#1254,#1255);
#1253 = CARTESIAN_POINT('',(1.29779495116E-15,-1.29779495116E-15,0.));
#1254 = DIRECTION('',(0.,0.,1.));
#1255 = DIRECTION('',(1.,0.,-0.));
#1256 = DEFINITIONAL_REPRESENTATION('',(#1257),#1261);
#1257 = LINE('',#1258,#1259);
#1258 = CARTESIAN_POINT('',(-39.8,-43.3));
#1259 = VECTOR('',#1260,1.);
#1260 = DIRECTION('',(1.,0.));
#1261 = ( GEOMETRIC_REPRESENTATION_CONTEXT(2) 
PARAMETRIC_REPRESENTATION_CONTEXT() REPRESENTATION_CONTEXT('2D SPACE',''
  ) );
#1262 = ORIENTED_EDGE('',*,*,#1263,.F.);
#1263 = EDGE_CURVE('',#1111,#1236,#1264,.T.);
#1264 = SURFACE_CURVE('',#1265,(#1269,#1275),.PCURVE_S1.);
#1265 = LINE('',#1266,#1267);
#1266 = CARTESIAN_POINT('',(35.156908782723,-38.81000549312,
    -4.489994506874));
#1267 = VECTOR('',#1268,1.);
#1268 = DIRECTION('',(0.224104582637,0.689121591608,-0.689121591608));
#1269 = PCURVE('',#324,#1270);
#1270 = DEFINITIONAL_REPRESENTATION('',(#1271),#1274);
#1271 = B_SPLINE_CURVE_WITH_KNOTS('',1,(#1272,#1273),.UNSPECIFIED.,.F.,
  .F.,(2,2),(-7.095982140775,-6.515533051861),.PIECEWISE_BEZIER_KNOTS.);
#1272 = CARTESIAN_POINT('',(-73.36666666666,-0.212132034356));
#1273 = CARTESIAN_POINT('',(-73.49674796748,0.353553390593));
#1274 = ( GEOMETRIC_REPRESENTATION_CONTEXT(2) 
PARAMETRIC_REPRESENTATION_CONTEXT() REPRESENTATION_CONTEXT('2D SPACE',''
  ) );
#1275 = PCURVE('',#1126,#1276);
#1276 = DEFINITIONAL_REPRESENTATION('',(#1277),#1280);
#1277 = B_SPLINE_CURVE_WITH_KNOTS('',1,(#1278,#1279),.UNSPECIFIED.,.F.,
  .F.,(2,2),(-7.095982140775,-6.515533051861),.PIECEWISE_BEZIER_KNOTS.);
#1278 = CARTESIAN_POINT('',(0.431135451776,43.7));
#1279 = CARTESIAN_POINT('',(1.05154988238E-02,43.3));
#1280 = ( GEOMETRIC_REPRESENTATION_CONTEXT(2) 
PARAMETRIC_REPRESENTATION_CONTEXT() REPRESENTATION_CONTEXT('2D SPACE',''
  ) );
#1281 = ADVANCED_FACE('',(#1282),#296,.T.);
#1282 = FACE_BOUND('',#1283,.T.);
#1283 = EDGE_LOOP('',(#1284,#1285,#1309,#1337));
#1284 = ORIENTED_EDGE('',*,*,#280,.F.);
#1285 = ORIENTED_EDGE('',*,*,#1286,.T.);
#1286 = EDGE_CURVE('',#281,#1287,#1289,.T.);
#1287 = VERTEX_POINT('',#1288);
#1288 = CARTESIAN_POINT('',(43.8,-39.8,0.5));
#1289 = SURFACE_CURVE('',#1290,(#1295,#1302),.PCURVE_S1.);
#1290 = CIRCLE('',#1291,4.);
#1291 = AXIS2_PLACEMENT_3D('',#1292,#1293,#1294);
#1292 = CARTESIAN_POINT('',(39.8,-39.8,0.5));
#1293 = DIRECTION('',(0.,0.,1.));
#1294 = DIRECTION('',(0.,-1.,0.));
#1295 = PCURVE('',#296,#1296);
#1296 = DEFINITIONAL_REPRESENTATION('',(#1297),#1301);
#1297 = LINE('',#1298,#1299);
#1298 = CARTESIAN_POINT('',(0.,0.5));
#1299 = VECTOR('',#1300,1.);
#1300 = DIRECTION('',(1.,0.));
#1301 = ( GEOMETRIC_REPRESENTATION_CONTEXT(2) 
PARAMETRIC_REPRESENTATION_CONTEXT() REPRESENTATION_CONTEXT('2D SPACE',''
  ) );
#1302 = PCURVE('',#1224,#1303);
#1303 = DEFINITIONAL_REPRESENTATION('',(#1304),#1308);
#1304 = LINE('',#1305,#1306);
#1305 = CARTESIAN_POINT('',(0.,-0.));
#1306 = VECTOR('',#1307,1.);
#1307 = DIRECTION('',(1.,-0.));
#1308 = ( GEOMETRIC_REPRESENTATION_CONTEXT(2) 
PARAMETRIC_REPRESENTATION_CONTEXT() REPRESENTATION_CONTEXT('2D SPACE',''
  ) );
#1309 = ORIENTED_EDGE('',*,*,#1310,.T.);
#1310 = EDGE_CURVE('',#1287,#1311,#1313,.T.);
#1311 = VERTEX_POINT('',#1312);
#1312 = CARTESIAN_POINT('',(43.8,-39.8,9.9));
#1313 = SURFACE_CURVE('',#1314,(#1318,#1325),.PCURVE_S1.);
#1314 = LINE('',#1315,#1316);
#1315 = CARTESIAN_POINT('',(43.8,-39.8,0.));
#1316 = VECTOR('',#1317,1.);
#1317 = DIRECTION('',(0.,0.,1.));
#1318 = PCURVE('',#296,#1319);
#1319 = DEFINITIONAL_REPRESENTATION('',(#1320),#1324);
#1320 = LINE('',#1321,#1322);
#1321 = CARTESIAN_POINT('',(1.570796326795,0.));
#1322 = VECTOR('',#1323,1.);
#1323 = DIRECTION('',(0.,1.));
#1324 = ( GEOMETRIC_REPRESENTATION_CONTEXT(2) 
PARAMETRIC_REPRESENTATION_CONTEXT() REPRESENTATION_CONTEXT('2D SPACE',''
  ) );
#1325 = PCURVE('',#1326,#1331);
#1326 = PLANE('',#1327);
#1327 = AXIS2_PLACEMENT_3D('',#1328,#1329,#1330);
#1328 = CARTESIAN_POINT('',(43.8,-43.8,0.));
#1329 = DIRECTION('',(-1.,0.,0.));
#1330 = DIRECTION('',(0.,1.,0.));
#1331 = DEFINITIONAL_REPRESENTATION('',(#1332),#1336);
#1332 = LINE('',#1333,#1334);
#1333 = CARTESIAN_POINT('',(4.,0.));
#1334 = VECTOR('',#1335,1.);
#1335 = DIRECTION('',(0.,-1.));
#1336 = ( GEOMETRIC_REPRESENTATION_CONTEXT(2) 
PARAMETRIC_REPRESENTATION_CONTEXT() REPRESENTATION_CONTEXT('2D SPACE',''
  ) );
#1337 = ORIENTED_EDGE('',*,*,#1338,.F.);
#1338 = EDGE_CURVE('',#253,#1311,#1339,.T.);
#1339 = SURFACE_CURVE('',#1340,(#1345,#1352),.PCURVE_S1.);
#1340 = CIRCLE('',#1341,4.);
#1341 = AXIS2_PLACEMENT_3D('',#1342,#1343,#1344);
#1342 = CARTESIAN_POINT('',(39.8,-39.8,9.9));
#1343 = DIRECTION('',(0.,0.,1.));
#1344 = DIRECTION('',(0.,-1.,0.));
#1345 = PCURVE('',#296,#1346);
#1346 = DEFINITIONAL_REPRESENTATION('',(#1347),#1351);
#1347 = LINE('',#1348,#1349);
#1348 = CARTESIAN_POINT('',(0.,9.9));
#1349 = VECTOR('',#1350,1.);
#1350 = DIRECTION('',(1.,0.));
#1351 = ( GEOMETRIC_REPRESENTATION_CONTEXT(2) 
PARAMETRIC_REPRESENTATION_CONTEXT() REPRESENTATION_CONTEXT('2D SPACE',''
  ) );
#1352 = PCURVE('',#1353,#1358);
#1353 = TOROIDAL_SURFACE('',#1354,3.2,0.8);
#1354 = AXIS2_PLACEMENT_3D('',#1355,#1356,#1357);
#1355 = CARTESIAN_POINT('',(39.8,-39.8,9.9));
#1356 = DIRECTION('',(0.,0.,1.));
#1357 = DIRECTION('',(0.,-1.,0.));
#1358 = DEFINITIONAL_REPRESENTATION('',(#1359),#1363);
#1359 = LINE('',#1360,#1361);
#1360 = CARTESIAN_POINT('',(0.,0.));
#1361 = VECTOR('',#1362,1.);
#1362 = DIRECTION('',(1.,0.));
#1363 = ( GEOMETRIC_REPRESENTATION_CONTEXT(2) 
PARAMETRIC_REPRESENTATION_CONTEXT() REPRESENTATION_CONTEXT('2D SPACE',''
  ) );
#1364 = ADVANCED_FACE('',(#1365),#268,.T.);
#1365 = FACE_BOUND('',#1366,.F.);
#1366 = EDGE_LOOP('',(#1367,#1368,#1396,#1424));
#1367 = ORIENTED_EDGE('',*,*,#252,.F.);
#1368 = ORIENTED_EDGE('',*,*,#1369,.F.);
#1369 = EDGE_CURVE('',#1370,#227,#1372,.T.);
#1370 = VERTEX_POINT('',#1371);
#1371 = CARTESIAN_POINT('',(36.,-43.,10.7));
#1372 = SURFACE_CURVE('',#1373,(#1378,#1385),.PCURVE_S1.);
#1373 = CIRCLE('',#1374,0.8);
#1374 = AXIS2_PLACEMENT_3D('',#1375,#1376,#1377);
#1375 = CARTESIAN_POINT('',(36.,-43.,9.9));
#1376 = DIRECTION('',(1.,0.,0.));
#1377 = DIRECTION('',(0.,-1.,-0.));
#1378 = PCURVE('',#268,#1379);
#1379 = DEFINITIONAL_REPRESENTATION('',(#1380),#1384);
#1380 = LINE('',#1381,#1382);
#1381 = CARTESIAN_POINT('',(-6.28318530718,75.8));
#1382 = VECTOR('',#1383,1.);
#1383 = DIRECTION('',(1.,-0.));
#1384 = ( GEOMETRIC_REPRESENTATION_CONTEXT(2) 
PARAMETRIC_REPRESENTATION_CONTEXT() REPRESENTATION_CONTEXT('2D SPACE',''
  ) );
#1385 = PCURVE('',#241,#1386);
#1386 = DEFINITIONAL_REPRESENTATION('',(#1387),#1395);
#1387 = ( BOUNDED_CURVE() B_SPLINE_CURVE(2,(#1388,#1389,#1390,#1391,
#1392,#1393,#1394),.UNSPECIFIED.,.T.,.F.) B_SPLINE_CURVE_WITH_KNOTS((1,2
    ,2,2,2,1),(-2.094395102393,0.,2.094395102393,4.188790204786,
6.28318530718,8.377580409573),.UNSPECIFIED.) CURVE() 
GEOMETRIC_REPRESENTATION_ITEM() RATIONAL_B_SPLINE_CURVE((1.,0.5,1.,0.5,
1.,0.5,1.)) REPRESENTATION_ITEM('') );
#1388 = CARTESIAN_POINT('',(1.,-2.));
#1389 = CARTESIAN_POINT('',(1.,-0.614359353945));
#1390 = CARTESIAN_POINT('',(2.2,-1.307179676972));
#1391 = CARTESIAN_POINT('',(3.4,-2.));
#1392 = CARTESIAN_POINT('',(2.2,-2.692820323028));
#1393 = CARTESIAN_POINT('',(1.,-3.385640646055));
#1394 = CARTESIAN_POINT('',(1.,-2.));
#1395 = ( GEOMETRIC_REPRESENTATION_CONTEXT(2) 
PARAMETRIC_REPRESENTATION_CONTEXT() REPRESENTATION_CONTEXT('2D SPACE',''
  ) );
#1396 = ORIENTED_EDGE('',*,*,#1397,.T.);
#1397 = EDGE_CURVE('',#1370,#1398,#1400,.T.);
#1398 = VERTEX_POINT('',#1399);
#1399 = CARTESIAN_POINT('',(39.8,-43.,10.7));
#1400 = SURFACE_CURVE('',#1401,(#1405,#1412),.PCURVE_S1.);
#1401 = LINE('',#1402,#1403);
#1402 = CARTESIAN_POINT('',(-39.8,-43.,10.7));
#1403 = VECTOR('',#1404,1.);
#1404 = DIRECTION('',(1.,0.,0.));
#1405 = PCURVE('',#268,#1406);
#1406 = DEFINITIONAL_REPRESENTATION('',(#1407),#1411);
#1407 = LINE('',#1408,#1409);
#1408 = CARTESIAN_POINT('',(-1.570796326795,0.));
#1409 = VECTOR('',#1410,1.);
#1410 = DIRECTION('',(-0.,1.));
#1411 = ( GEOMETRIC_REPRESENTATION_CONTEXT(2) 
PARAMETRIC_REPRESENTATION_CONTEXT() REPRESENTATION_CONTEXT('2D SPACE',''
  ) );
#1412 = PCURVE('',#1413,#1418);
#1413 = PLANE('',#1414);
#1414 = AXIS2_PLACEMENT_3D('',#1415,#1416,#1417);
#1415 = CARTESIAN_POINT('',(1.29779495116E-15,-1.29779495116E-15,10.7));
#1416 = DIRECTION('',(0.,0.,1.));
#1417 = DIRECTION('',(1.,0.,-0.));
#1418 = DEFINITIONAL_REPRESENTATION('',(#1419),#1423);
#1419 = LINE('',#1420,#1421);
#1420 = CARTESIAN_POINT('',(-39.8,-43.));
#1421 = VECTOR('',#1422,1.);
#1422 = DIRECTION('',(1.,0.));
#1423 = ( GEOMETRIC_REPRESENTATION_CONTEXT(2) 
PARAMETRIC_REPRESENTATION_CONTEXT() REPRESENTATION_CONTEXT('2D SPACE',''
  ) );
#1424 = ORIENTED_EDGE('',*,*,#1425,.F.);
#1425 = EDGE_CURVE('',#253,#1398,#1426,.T.);
#1426 = SURFACE_CURVE('',#1427,(#1432,#1438),.PCURVE_S1.);
#1427 = CIRCLE('',#1428,0.8);
#1428 = AXIS2_PLACEMENT_3D('',#1429,#1430,#1431);
#1429 = CARTESIAN_POINT('',(39.8,-43.,9.9));
#1430 = DIRECTION('',(-1.,-0.,0.));
#1431 = DIRECTION('',(0.,-1.,0.));
#1432 = PCURVE('',#268,#1433);
#1433 = DEFINITIONAL_REPRESENTATION('',(#1434),#1437);
#1434 = B_SPLINE_CURVE_WITH_KNOTS('',1,(#1435,#1436),.UNSPECIFIED.,.F.,
  .F.,(2,2),(0.,1.570796326795),.PIECEWISE_BEZIER_KNOTS.);
#1435 = CARTESIAN_POINT('',(0.,79.6));
#1436 = CARTESIAN_POINT('',(-1.570796326795,79.6));
#1437 = ( GEOMETRIC_REPRESENTATION_CONTEXT(2) 
PARAMETRIC_REPRESENTATION_CONTEXT() REPRESENTATION_CONTEXT('2D SPACE',''
  ) );
#1438 = PCURVE('',#1353,#1439);
#1439 = DEFINITIONAL_REPRESENTATION('',(#1440),#1443);
#1440 = B_SPLINE_CURVE_WITH_KNOTS('',1,(#1441,#1442),.UNSPECIFIED.,.F.,
  .F.,(2,2),(0.,1.570796326795),.PIECEWISE_BEZIER_KNOTS.);
#1441 = CARTESIAN_POINT('',(0.,0.));
#1442 = CARTESIAN_POINT('',(0.,1.570796326795));
#1443 = ( GEOMETRIC_REPRESENTATION_CONTEXT(2) 
PARAMETRIC_REPRESENTATION_CONTEXT() REPRESENTATION_CONTEXT('2D SPACE',''
  ) );
#1444 = ADVANCED_FACE('',(#1445),#241,.T.);
#1445 = FACE_BOUND('',#1446,.T.);
#1446 = EDGE_LOOP('',(#1447,#1470,#1471,#1472,#1493));
#1447 = ORIENTED_EDGE('',*,*,#1448,.F.);
#1448 = EDGE_CURVE('',#198,#1449,#1451,.T.);
#1449 = VERTEX_POINT('',#1450);
#1450 = CARTESIAN_POINT('',(36.,-41.4,9.4));
#1451 = SURFACE_CURVE('',#1452,(#1456,#1463),.PCURVE_S1.);
#1452 = LINE('',#1453,#1454);
#1453 = CARTESIAN_POINT('',(36.,-44.8,9.4));
#1454 = VECTOR('',#1455,1.);
#1455 = DIRECTION('',(0.,1.,0.));
#1456 = PCURVE('',#241,#1457);
#1457 = DEFINITIONAL_REPRESENTATION('',(#1458),#1462);
#1458 = LINE('',#1459,#1460);
#1459 = CARTESIAN_POINT('',(0.,-1.5));
#1460 = VECTOR('',#1461,1.);
#1461 = DIRECTION('',(1.,0.));
#1462 = ( GEOMETRIC_REPRESENTATION_CONTEXT(2) 
PARAMETRIC_REPRESENTATION_CONTEXT() REPRESENTATION_CONTEXT('2D SPACE',''
  ) );
#1463 = PCURVE('',#214,#1464);
#1464 = DEFINITIONAL_REPRESENTATION('',(#1465),#1469);
#1465 = LINE('',#1466,#1467);
#1466 = CARTESIAN_POINT('',(0.,0.));
#1467 = VECTOR('',#1468,1.);
#1468 = DIRECTION('',(0.,1.));
#1469 = ( GEOMETRIC_REPRESENTATION_CONTEXT(2) 
PARAMETRIC_REPRESENTATION_CONTEXT() REPRESENTATION_CONTEXT('2D SPACE',''
  ) );
#1470 = ORIENTED_EDGE('',*,*,#226,.T.);
#1471 = ORIENTED_EDGE('',*,*,#1369,.F.);
#1472 = ORIENTED_EDGE('',*,*,#1473,.F.);
#1473 = EDGE_CURVE('',#1474,#1370,#1476,.T.);
#1474 = VERTEX_POINT('',#1475);
#1475 = CARTESIAN_POINT('',(36.,-41.4,10.7));
#1476 = SURFACE_CURVE('',#1477,(#1481,#1487),.PCURVE_S1.);
#1477 = LINE('',#1478,#1479);
#1478 = CARTESIAN_POINT('',(36.,-22.4,10.7));
#1479 = VECTOR('',#1480,1.);
#1480 = DIRECTION('',(0.,-1.,0.));
#1481 = PCURVE('',#241,#1482);
#1482 = DEFINITIONAL_REPRESENTATION('',(#1483),#1486);
#1483 = B_SPLINE_CURVE_WITH_KNOTS('',1,(#1484,#1485),.UNSPECIFIED.,.F.,
  .F.,(2,2),(18.,20.6),.PIECEWISE_BEZIER_KNOTS.);
#1484 = CARTESIAN_POINT('',(4.4,-2.8));
#1485 = CARTESIAN_POINT('',(1.8,-2.8));
#1486 = ( GEOMETRIC_REPRESENTATION_CONTEXT(2) 
PARAMETRIC_REPRESENTATION_CONTEXT() REPRESENTATION_CONTEXT('2D SPACE',''
  ) );
#1487 = PCURVE('',#1413,#1488);
#1488 = DEFINITIONAL_REPRESENTATION('',(#1489),#1492);
#1489 = B_SPLINE_CURVE_WITH_KNOTS('',1,(#1490,#1491),.UNSPECIFIED.,.F.,
  .F.,(2,2),(18.,20.6),.PIECEWISE_BEZIER_KNOTS.);
#1490 = CARTESIAN_POINT('',(36.,-40.4));
#1491 = CARTESIAN_POINT('',(36.,-43.));
#1492 = ( GEOMETRIC_REPRESENTATION_CONTEXT(2) 
PARAMETRIC_REPRESENTATION_CONTEXT() REPRESENTATION_CONTEXT('2D SPACE',''
  ) );
#1493 = ORIENTED_EDGE('',*,*,#1494,.F.);
#1494 = EDGE_CURVE('',#1449,#1474,#1495,.T.);
#1495 = SURFACE_CURVE('',#1496,(#1500,#1506),.PCURVE_S1.);
#1496 = LINE('',#1497,#1498);
#1497 = CARTESIAN_POINT('',(36.,-41.4,5.65));
#1498 = VECTOR('',#1499,1.);
#1499 = DIRECTION('',(0.,-0.,1.));
#1500 = PCURVE('',#241,#1501);
#1501 = DEFINITIONAL_REPRESENTATION('',(#1502),#1505);
#1502 = B_SPLINE_CURVE_WITH_KNOTS('',1,(#1503,#1504),.UNSPECIFIED.,.F.,
  .F.,(2,2),(3.75,5.05),.PIECEWISE_BEZIER_KNOTS.);
#1503 = CARTESIAN_POINT('',(3.4,-1.5));
#1504 = CARTESIAN_POINT('',(3.4,-2.8));
#1505 = ( GEOMETRIC_REPRESENTATION_CONTEXT(2) 
PARAMETRIC_REPRESENTATION_CONTEXT() REPRESENTATION_CONTEXT('2D SPACE',''
  ) );
#1506 = PCURVE('',#1507,#1512);
#1507 = PLANE('',#1508);
#1508 = AXIS2_PLACEMENT_3D('',#1509,#1510,#1511);
#1509 = CARTESIAN_POINT('',(-41.4,-41.4,3.4));
#1510 = DIRECTION('',(0.,1.,0.));
#1511 = DIRECTION('',(1.,0.,0.));
#1512 = DEFINITIONAL_REPRESENTATION('',(#1513),#1516);
#1513 = B_SPLINE_CURVE_WITH_KNOTS('',1,(#1514,#1515),.UNSPECIFIED.,.F.,
  .F.,(2,2),(3.75,5.05),.PIECEWISE_BEZIER_KNOTS.);
#1514 = CARTESIAN_POINT('',(77.4,-6.));
#1515 = CARTESIAN_POINT('',(77.4,-7.3));
#1516 = ( GEOMETRIC_REPRESENTATION_CONTEXT(2) 
PARAMETRIC_REPRESENTATION_CONTEXT() REPRESENTATION_CONTEXT('2D SPACE',''
  ) );
#1517 = ADVANCED_FACE('',(#1518),#214,.F.);
#1518 = FACE_BOUND('',#1519,.F.);
#1519 = EDGE_LOOP('',(#1520,#1521,#1522,#1545));
#1520 = ORIENTED_EDGE('',*,*,#1448,.F.);
#1521 = ORIENTED_EDGE('',*,*,#197,.T.);
#1522 = ORIENTED_EDGE('',*,*,#1523,.T.);
#1523 = EDGE_CURVE('',#172,#1524,#1526,.T.);
#1524 = VERTEX_POINT('',#1525);
#1525 = CARTESIAN_POINT('',(34.5,-41.4,7.9));
#1526 = SURFACE_CURVE('',#1527,(#1531,#1538),.PCURVE_S1.);
#1527 = LINE('',#1528,#1529);
#1528 = CARTESIAN_POINT('',(34.5,-44.8,7.9));
#1529 = VECTOR('',#1530,1.);
#1530 = DIRECTION('',(0.,1.,0.));
#1531 = PCURVE('',#214,#1532);
#1532 = DEFINITIONAL_REPRESENTATION('',(#1533),#1537);
#1533 = LINE('',#1534,#1535);
#1534 = CARTESIAN_POINT('',(1.570796326795,0.));
#1535 = VECTOR('',#1536,1.);
#1536 = DIRECTION('',(0.,1.));
#1537 = ( GEOMETRIC_REPRESENTATION_CONTEXT(2) 
PARAMETRIC_REPRESENTATION_CONTEXT() REPRESENTATION_CONTEXT('2D SPACE',''
  ) );
#1538 = PCURVE('',#186,#1539);
#1539 = DEFINITIONAL_REPRESENTATION('',(#1540),#1544);
#1540 = LINE('',#1541,#1542);
#1541 = CARTESIAN_POINT('',(6.5,-2.2));
#1542 = VECTOR('',#1543,1.);
#1543 = DIRECTION('',(0.,1.));
#1544 = ( GEOMETRIC_REPRESENTATION_CONTEXT(2) 
PARAMETRIC_REPRESENTATION_CONTEXT() REPRESENTATION_CONTEXT('2D SPACE',''
  ) );
#1545 = ORIENTED_EDGE('',*,*,#1546,.F.);
#1546 = EDGE_CURVE('',#1449,#1524,#1547,.T.);
#1547 = SURFACE_CURVE('',#1548,(#1553,#1560),.PCURVE_S1.);
#1548 = CIRCLE('',#1549,1.5);
#1549 = AXIS2_PLACEMENT_3D('',#1550,#1551,#1552);
#1550 = CARTESIAN_POINT('',(34.5,-41.4,9.4));
#1551 = DIRECTION('',(0.,1.,0.));
#1552 = DIRECTION('',(1.,0.,-0.));
#1553 = PCURVE('',#214,#1554);
#1554 = DEFINITIONAL_REPRESENTATION('',(#1555),#1559);
#1555 = LINE('',#1556,#1557);
#1556 = CARTESIAN_POINT('',(0.,3.4));
#1557 = VECTOR('',#1558,1.);
#1558 = DIRECTION('',(1.,0.));
#1559 = ( GEOMETRIC_REPRESENTATION_CONTEXT(2) 
PARAMETRIC_REPRESENTATION_CONTEXT() REPRESENTATION_CONTEXT('2D SPACE',''
  ) );
#1560 = PCURVE('',#1507,#1561);
#1561 = DEFINITIONAL_REPRESENTATION('',(#1562),#1566);
#1562 = CIRCLE('',#1563,1.5);
#1563 = AXIS2_PLACEMENT_2D('',#1564,#1565);
#1564 = CARTESIAN_POINT('',(75.9,-6.));
#1565 = DIRECTION('',(1.,0.));
#1566 = ( GEOMETRIC_REPRESENTATION_CONTEXT(2) 
PARAMETRIC_REPRESENTATION_CONTEXT() REPRESENTATION_CONTEXT('2D SPACE',''
  ) );
#1567 = ADVANCED_FACE('',(#1568),#186,.T.);
#1568 = FACE_BOUND('',#1569,.T.);
#1569 = EDGE_LOOP('',(#1570,#1593,#1594,#1595));
#1570 = ORIENTED_EDGE('',*,*,#1571,.T.);
#1571 = EDGE_CURVE('',#1572,#139,#1574,.T.);
#1572 = VERTEX_POINT('',#1573);
#1573 = CARTESIAN_POINT('',(21.5,-41.4,7.9));
#1574 = SURFACE_CURVE('',#1575,(#1579,#1586),.PCURVE_S1.);
#1575 = LINE('',#1576,#1577);
#1576 = CARTESIAN_POINT('',(21.5,-40.4,7.9));
#1577 = VECTOR('',#1578,1.);
#1578 = DIRECTION('',(0.,-1.,0.));
#1579 = PCURVE('',#186,#1580);
#1580 = DEFINITIONAL_REPRESENTATION('',(#1581),#1585);
#1581 = LINE('',#1582,#1583);
#1582 = CARTESIAN_POINT('',(-6.5,2.2));
#1583 = VECTOR('',#1584,1.);
#1584 = DIRECTION('',(0.,-1.));
#1585 = ( GEOMETRIC_REPRESENTATION_CONTEXT(2) 
PARAMETRIC_REPRESENTATION_CONTEXT() REPRESENTATION_CONTEXT('2D SPACE',''
  ) );
#1586 = PCURVE('',#159,#1587);
#1587 = DEFINITIONAL_REPRESENTATION('',(#1588),#1592);
#1588 = LINE('',#1589,#1590);
#1589 = CARTESIAN_POINT('',(1.570796326795,0.));
#1590 = VECTOR('',#1591,1.);
#1591 = DIRECTION('',(0.,1.));
#1592 = ( GEOMETRIC_REPRESENTATION_CONTEXT(2) 
PARAMETRIC_REPRESENTATION_CONTEXT() REPRESENTATION_CONTEXT('2D SPACE',''
  ) );
#1593 = ORIENTED_EDGE('',*,*,#171,.T.);
#1594 = ORIENTED_EDGE('',*,*,#1523,.T.);
#1595 = ORIENTED_EDGE('',*,*,#1596,.F.);
#1596 = EDGE_CURVE('',#1572,#1524,#1597,.T.);
#1597 = SURFACE_CURVE('',#1598,(#1602,#1608),.PCURVE_S1.);
#1598 = LINE('',#1599,#1600);
#1599 = CARTESIAN_POINT('',(-6.7,-41.4,7.9));
#1600 = VECTOR('',#1601,1.);
#1601 = DIRECTION('',(1.,0.,0.));
#1602 = PCURVE('',#186,#1603);
#1603 = DEFINITIONAL_REPRESENTATION('',(#1604),#1607);
#1604 = B_SPLINE_CURVE_WITH_KNOTS('',1,(#1605,#1606),.UNSPECIFIED.,.F.,
  .F.,(2,2),(28.2,41.2),.PIECEWISE_BEZIER_KNOTS.);
#1605 = CARTESIAN_POINT('',(-6.5,1.2));
#1606 = CARTESIAN_POINT('',(6.5,1.2));
#1607 = ( GEOMETRIC_REPRESENTATION_CONTEXT(2) 
PARAMETRIC_REPRESENTATION_CONTEXT() REPRESENTATION_CONTEXT('2D SPACE',''
  ) );
#1608 = PCURVE('',#1507,#1609);
#1609 = DEFINITIONAL_REPRESENTATION('',(#1610),#1613);
#1610 = B_SPLINE_CURVE_WITH_KNOTS('',1,(#1611,#1612),.UNSPECIFIED.,.F.,
  .F.,(2,2),(28.2,41.2),.PIECEWISE_BEZIER_KNOTS.);
#1611 = CARTESIAN_POINT('',(62.9,-4.5));
#1612 = CARTESIAN_POINT('',(75.9,-4.5));
#1613 = ( GEOMETRIC_REPRESENTATION_CONTEXT(2) 
PARAMETRIC_REPRESENTATION_CONTEXT() REPRESENTATION_CONTEXT('2D SPACE',''
  ) );
#1614 = ADVANCED_FACE('',(#1615),#159,.F.);
#1615 = FACE_BOUND('',#1616,.F.);
#1616 = EDGE_LOOP('',(#1617,#1640,#1666,#1667));
#1617 = ORIENTED_EDGE('',*,*,#1618,.F.);
#1618 = EDGE_CURVE('',#1619,#113,#1621,.T.);
#1619 = VERTEX_POINT('',#1620);
#1620 = CARTESIAN_POINT('',(20.,-41.4,9.4));
#1621 = SURFACE_CURVE('',#1622,(#1626,#1633),.PCURVE_S1.);
#1622 = LINE('',#1623,#1624);
#1623 = CARTESIAN_POINT('',(20.,-40.4,9.4));
#1624 = VECTOR('',#1625,1.);
#1625 = DIRECTION('',(0.,-1.,0.));
#1626 = PCURVE('',#159,#1627);
#1627 = DEFINITIONAL_REPRESENTATION('',(#1628),#1632);
#1628 = LINE('',#1629,#1630);
#1629 = CARTESIAN_POINT('',(0.,0.));
#1630 = VECTOR('',#1631,1.);
#1631 = DIRECTION('',(0.,1.));
#1632 = ( GEOMETRIC_REPRESENTATION_CONTEXT(2) 
PARAMETRIC_REPRESENTATION_CONTEXT() REPRESENTATION_CONTEXT('2D SPACE',''
  ) );
#1633 = PCURVE('',#127,#1634);
#1634 = DEFINITIONAL_REPRESENTATION('',(#1635),#1639);
#1635 = LINE('',#1636,#1637);
#1636 = CARTESIAN_POINT('',(0.,-1.5));
#1637 = VECTOR('',#1638,1.);
#1638 = DIRECTION('',(1.,0.));
#1639 = ( GEOMETRIC_REPRESENTATION_CONTEXT(2) 
PARAMETRIC_REPRESENTATION_CONTEXT() REPRESENTATION_CONTEXT('2D SPACE',''
  ) );
#1640 = ORIENTED_EDGE('',*,*,#1641,.T.);
#1641 = EDGE_CURVE('',#1619,#1572,#1642,.T.);
#1642 = SURFACE_CURVE('',#1643,(#1648,#1655),.PCURVE_S1.);
#1643 = CIRCLE('',#1644,1.5);
#1644 = AXIS2_PLACEMENT_3D('',#1645,#1646,#1647);
#1645 = CARTESIAN_POINT('',(21.5,-41.4,9.4));
#1646 = DIRECTION('',(0.,-1.,0.));
#1647 = DIRECTION('',(-1.,0.,0.));
#1648 = PCURVE('',#159,#1649);
#1649 = DEFINITIONAL_REPRESENTATION('',(#1650),#1654);
#1650 = LINE('',#1651,#1652);
#1651 = CARTESIAN_POINT('',(0.,1.));
#1652 = VECTOR('',#1653,1.);
#1653 = DIRECTION('',(1.,0.));
#1654 = ( GEOMETRIC_REPRESENTATION_CONTEXT(2) 
PARAMETRIC_REPRESENTATION_CONTEXT() REPRESENTATION_CONTEXT('2D SPACE',''
  ) );
#1655 = PCURVE('',#1507,#1656);
#1656 = DEFINITIONAL_REPRESENTATION('',(#1657),#1665);
#1657 = ( BOUNDED_CURVE() B_SPLINE_CURVE(2,(#1658,#1659,#1660,#1661,
#1662,#1663,#1664),.UNSPECIFIED.,.T.,.F.) B_SPLINE_CURVE_WITH_KNOTS((1,2
    ,2,2,2,1),(-2.094395102393,0.,2.094395102393,4.188790204786,
6.28318530718,8.377580409573),.UNSPECIFIED.) CURVE() 
GEOMETRIC_REPRESENTATION_ITEM() RATIONAL_B_SPLINE_CURVE((1.,0.5,1.,0.5,
1.,0.5,1.)) REPRESENTATION_ITEM('') );
#1658 = CARTESIAN_POINT('',(61.4,-6.));
#1659 = CARTESIAN_POINT('',(61.4,-3.401923788647));
#1660 = CARTESIAN_POINT('',(63.65,-4.700961894323));
#1661 = CARTESIAN_POINT('',(65.9,-6.));
#1662 = CARTESIAN_POINT('',(63.65,-7.299038105677));
#1663 = CARTESIAN_POINT('',(61.4,-8.598076211353));
#1664 = CARTESIAN_POINT('',(61.4,-6.));
#1665 = ( GEOMETRIC_REPRESENTATION_CONTEXT(2) 
PARAMETRIC_REPRESENTATION_CONTEXT() REPRESENTATION_CONTEXT('2D SPACE',''
  ) );
#1666 = ORIENTED_EDGE('',*,*,#1571,.T.);
#1667 = ORIENTED_EDGE('',*,*,#138,.F.);
#1668 = ADVANCED_FACE('',(#1669),#127,.T.);
#1669 = FACE_BOUND('',#1670,.T.);
#1670 = EDGE_LOOP('',(#1671,#1672,#1693,#1714,#1736));
#1671 = ORIENTED_EDGE('',*,*,#1618,.F.);
#1672 = ORIENTED_EDGE('',*,*,#1673,.F.);
#1673 = EDGE_CURVE('',#1674,#1619,#1676,.T.);
#1674 = VERTEX_POINT('',#1675);
#1675 = CARTESIAN_POINT('',(20.,-41.4,10.7));
#1676 = SURFACE_CURVE('',#1677,(#1681,#1687),.PCURVE_S1.);
#1677 = LINE('',#1678,#1679);
#1678 = CARTESIAN_POINT('',(20.,-41.4,5.65));
#1679 = VECTOR('',#1680,1.);
#1680 = DIRECTION('',(-0.,0.,-1.));
#1681 = PCURVE('',#127,#1682);
#1682 = DEFINITIONAL_REPRESENTATION('',(#1683),#1686);
#1683 = B_SPLINE_CURVE_WITH_KNOTS('',1,(#1684,#1685),.UNSPECIFIED.,.F.,
  .F.,(2,2),(-5.05,-3.75),.PIECEWISE_BEZIER_KNOTS.);
#1684 = CARTESIAN_POINT('',(1.,-2.8));
#1685 = CARTESIAN_POINT('',(1.,-1.5));
#1686 = ( GEOMETRIC_REPRESENTATION_CONTEXT(2) 
PARAMETRIC_REPRESENTATION_CONTEXT() REPRESENTATION_CONTEXT('2D SPACE',''
  ) );
#1687 = PCURVE('',#1507,#1688);
#1688 = DEFINITIONAL_REPRESENTATION('',(#1689),#1692);
#1689 = B_SPLINE_CURVE_WITH_KNOTS('',1,(#1690,#1691),.UNSPECIFIED.,.F.,
  .F.,(2,2),(-5.05,-3.75),.PIECEWISE_BEZIER_KNOTS.);
#1690 = CARTESIAN_POINT('',(61.4,-7.3));
#1691 = CARTESIAN_POINT('',(61.4,-6.));
#1692 = ( GEOMETRIC_REPRESENTATION_CONTEXT(2) 
PARAMETRIC_REPRESENTATION_CONTEXT() REPRESENTATION_CONTEXT('2D SPACE',''
  ) );
#1693 = ORIENTED_EDGE('',*,*,#1694,.F.);
#1694 = EDGE_CURVE('',#1695,#1674,#1697,.T.);
#1695 = VERTEX_POINT('',#1696);
#1696 = CARTESIAN_POINT('',(20.,-43.,10.7));
#1697 = SURFACE_CURVE('',#1698,(#1702,#1708),.PCURVE_S1.);
#1698 = LINE('',#1699,#1700);
#1699 = CARTESIAN_POINT('',(20.,-20.2,10.7));
#1700 = VECTOR('',#1701,1.);
#1701 = DIRECTION('',(-0.,1.,0.));
#1702 = PCURVE('',#127,#1703);
#1703 = DEFINITIONAL_REPRESENTATION('',(#1704),#1707);
#1704 = B_SPLINE_CURVE_WITH_KNOTS('',1,(#1705,#1706),.UNSPECIFIED.,.F.,
  .F.,(2,2),(-22.8,-20.2),.PIECEWISE_BEZIER_KNOTS.);
#1705 = CARTESIAN_POINT('',(2.6,-2.8));
#1706 = CARTESIAN_POINT('',(0.,-2.8));
#1707 = ( GEOMETRIC_REPRESENTATION_CONTEXT(2) 
PARAMETRIC_REPRESENTATION_CONTEXT() REPRESENTATION_CONTEXT('2D SPACE',''
  ) );
#1708 = PCURVE('',#1413,#1709);
#1709 = DEFINITIONAL_REPRESENTATION('',(#1710),#1713);
#1710 = B_SPLINE_CURVE_WITH_KNOTS('',1,(#1711,#1712),.UNSPECIFIED.,.F.,
  .F.,(2,2),(-22.8,-20.2),.PIECEWISE_BEZIER_KNOTS.);
#1711 = CARTESIAN_POINT('',(20.,-43.));
#1712 = CARTESIAN_POINT('',(20.,-40.4));
#1713 = ( GEOMETRIC_REPRESENTATION_CONTEXT(2) 
PARAMETRIC_REPRESENTATION_CONTEXT() REPRESENTATION_CONTEXT('2D SPACE',''
  ) );
#1714 = ORIENTED_EDGE('',*,*,#1715,.T.);
#1715 = EDGE_CURVE('',#1695,#85,#1716,.T.);
#1716 = SURFACE_CURVE('',#1717,(#1722,#1729),.PCURVE_S1.);
#1717 = CIRCLE('',#1718,0.8);
#1718 = AXIS2_PLACEMENT_3D('',#1719,#1720,#1721);
#1719 = CARTESIAN_POINT('',(20.,-43.,9.9));
#1720 = DIRECTION('',(1.,0.,0.));
#1721 = DIRECTION('',(0.,-1.,-0.));
#1722 = PCURVE('',#127,#1723);
#1723 = DEFINITIONAL_REPRESENTATION('',(#1724),#1728);
#1724 = CIRCLE('',#1725,0.8);
#1725 = AXIS2_PLACEMENT_2D('',#1726,#1727);
#1726 = CARTESIAN_POINT('',(2.6,-2.));
#1727 = DIRECTION('',(1.,0.));
#1728 = ( GEOMETRIC_REPRESENTATION_CONTEXT(2) 
PARAMETRIC_REPRESENTATION_CONTEXT() REPRESENTATION_CONTEXT('2D SPACE',''
  ) );
#1729 = PCURVE('',#100,#1730);
#1730 = DEFINITIONAL_REPRESENTATION('',(#1731),#1735);
#1731 = LINE('',#1732,#1733);
#1732 = CARTESIAN_POINT('',(-6.28318530718,59.8));
#1733 = VECTOR('',#1734,1.);
#1734 = DIRECTION('',(1.,-0.));
#1735 = ( GEOMETRIC_REPRESENTATION_CONTEXT(2) 
PARAMETRIC_REPRESENTATION_CONTEXT() REPRESENTATION_CONTEXT('2D SPACE',''
  ) );
#1736 = ORIENTED_EDGE('',*,*,#112,.T.);
#1737 = ADVANCED_FACE('',(#1738),#100,.T.);
#1738 = FACE_BOUND('',#1739,.F.);
#1739 = EDGE_LOOP('',(#1740,#1741,#1768,#1789));
#1740 = ORIENTED_EDGE('',*,*,#84,.F.);
#1741 = ORIENTED_EDGE('',*,*,#1742,.T.);
#1742 = EDGE_CURVE('',#57,#1743,#1745,.T.);
#1743 = VERTEX_POINT('',#1744);
#1744 = CARTESIAN_POINT('',(-39.8,-43.,10.7));
#1745 = SURFACE_CURVE('',#1746,(#1751,#1757),.PCURVE_S1.);
#1746 = CIRCLE('',#1747,0.8);
#1747 = AXIS2_PLACEMENT_3D('',#1748,#1749,#1750);
#1748 = CARTESIAN_POINT('',(-39.8,-43.,9.9));
#1749 = DIRECTION('',(-1.,-0.,0.));
#1750 = DIRECTION('',(0.,-1.,0.));
#1751 = PCURVE('',#100,#1752);
#1752 = DEFINITIONAL_REPRESENTATION('',(#1753),#1756);
#1753 = B_SPLINE_CURVE_WITH_KNOTS('',1,(#1754,#1755),.UNSPECIFIED.,.F.,
  .F.,(2,2),(0.,1.570796326795),.PIECEWISE_BEZIER_KNOTS.);
#1754 = CARTESIAN_POINT('',(0.,0.));
#1755 = CARTESIAN_POINT('',(-1.570796326795,0.));
#1756 = ( GEOMETRIC_REPRESENTATION_CONTEXT(2) 
PARAMETRIC_REPRESENTATION_CONTEXT() REPRESENTATION_CONTEXT('2D SPACE',''
  ) );
#1757 = PCURVE('',#1758,#1763);
#1758 = TOROIDAL_SURFACE('',#1759,3.2,0.8);
#1759 = AXIS2_PLACEMENT_3D('',#1760,#1761,#1762);
#1760 = CARTESIAN_POINT('',(-39.8,-39.8,9.9));
#1761 = DIRECTION('',(0.,0.,1.));
#1762 = DIRECTION('',(-1.,0.,0.));
#1763 = DEFINITIONAL_REPRESENTATION('',(#1764),#1767);
#1764 = B_SPLINE_CURVE_WITH_KNOTS('',1,(#1765,#1766),.UNSPECIFIED.,.F.,
  .F.,(2,2),(0.,1.570796326795),.PIECEWISE_BEZIER_KNOTS.);
#1765 = CARTESIAN_POINT('',(1.570796326795,0.));
#1766 = CARTESIAN_POINT('',(1.570796326795,1.570796326795));
#1767 = ( GEOMETRIC_REPRESENTATION_CONTEXT(2) 
PARAMETRIC_REPRESENTATION_CONTEXT() REPRESENTATION_CONTEXT('2D SPACE',''
  ) );
#1768 = ORIENTED_EDGE('',*,*,#1769,.T.);
#1769 = EDGE_CURVE('',#1743,#1695,#1770,.T.);
#1770 = SURFACE_CURVE('',#1771,(#1775,#1782),.PCURVE_S1.);
#1771 = LINE('',#1772,#1773);
#1772 = CARTESIAN_POINT('',(-39.8,-43.,10.7));
#1773 = VECTOR('',#1774,1.);
#1774 = DIRECTION('',(1.,0.,0.));
#1775 = PCURVE('',#100,#1776);
#1776 = DEFINITIONAL_REPRESENTATION('',(#1777),#1781);
#1777 = LINE('',#1778,#1779);
#1778 = CARTESIAN_POINT('',(-1.570796326795,0.));
#1779 = VECTOR('',#1780,1.);
#1780 = DIRECTION('',(-0.,1.));
#1781 = ( GEOMETRIC_REPRESENTATION_CONTEXT(2) 
PARAMETRIC_REPRESENTATION_CONTEXT() REPRESENTATION_CONTEXT('2D SPACE',''
  ) );
#1782 = PCURVE('',#1413,#1783);
#1783 = DEFINITIONAL_REPRESENTATION('',(#1784),#1788);
#1784 = LINE('',#1785,#1786);
#1785 = CARTESIAN_POINT('',(-39.8,-43.));
#1786 = VECTOR('',#1787,1.);
#1787 = DIRECTION('',(1.,0.));
#1788 = ( GEOMETRIC_REPRESENTATION_CONTEXT(2) 
PARAMETRIC_REPRESENTATION_CONTEXT() REPRESENTATION_CONTEXT('2D SPACE',''
  ) );
#1789 = ORIENTED_EDGE('',*,*,#1715,.T.);
#1790 = ADVANCED_FACE('',(#1791),#72,.T.);
#1791 = FACE_BOUND('',#1792,.F.);
#1792 = EDGE_LOOP('',(#1793,#1794,#1818,#1846));
#1793 = ORIENTED_EDGE('',*,*,#56,.F.);
#1794 = ORIENTED_EDGE('',*,*,#1795,.F.);
#1795 = EDGE_CURVE('',#1796,#22,#1798,.T.);
#1796 = VERTEX_POINT('',#1797);
#1797 = CARTESIAN_POINT('',(-43.8,-39.8,0.5));
#1798 = SURFACE_CURVE('',#1799,(#1804,#1811),.PCURVE_S1.);
#1799 = CIRCLE('',#1800,4.);
#1800 = AXIS2_PLACEMENT_3D('',#1801,#1802,#1803);
#1801 = CARTESIAN_POINT('',(-39.8,-39.8,0.5));
#1802 = DIRECTION('',(0.,0.,1.));
#1803 = DIRECTION('',(-1.,0.,0.));
#1804 = PCURVE('',#72,#1805);
#1805 = DEFINITIONAL_REPRESENTATION('',(#1806),#1810);
#1806 = LINE('',#1807,#1808);
#1807 = CARTESIAN_POINT('',(-1.570796326795,0.5));
#1808 = VECTOR('',#1809,1.);
#1809 = DIRECTION('',(1.,-0.));
#1810 = ( GEOMETRIC_REPRESENTATION_CONTEXT(2) 
PARAMETRIC_REPRESENTATION_CONTEXT() REPRESENTATION_CONTEXT('2D SPACE',''
  ) );
#1811 = PCURVE('',#536,#1812);
#1812 = DEFINITIONAL_REPRESENTATION('',(#1813),#1817);
#1813 = LINE('',#1814,#1815);
#1814 = CARTESIAN_POINT('',(0.,-0.));
#1815 = VECTOR('',#1816,1.);
#1816 = DIRECTION('',(1.,-0.));
#1817 = ( GEOMETRIC_REPRESENTATION_CONTEXT(2) 
PARAMETRIC_REPRESENTATION_CONTEXT() REPRESENTATION_CONTEXT('2D SPACE',''
  ) );
#1818 = ORIENTED_EDGE('',*,*,#1819,.T.);
#1819 = EDGE_CURVE('',#1796,#1820,#1822,.T.);
#1820 = VERTEX_POINT('',#1821);
#1821 = CARTESIAN_POINT('',(-43.8,-39.8,9.9));
#1822 = SURFACE_CURVE('',#1823,(#1827,#1834),.PCURVE_S1.);
#1823 = LINE('',#1824,#1825);
#1824 = CARTESIAN_POINT('',(-43.8,-39.8,0.));
#1825 = VECTOR('',#1826,1.);
#1826 = DIRECTION('',(0.,0.,1.));
#1827 = PCURVE('',#72,#1828);
#1828 = DEFINITIONAL_REPRESENTATION('',(#1829),#1833);
#1829 = LINE('',#1830,#1831);
#1830 = CARTESIAN_POINT('',(-1.570796326795,0.));
#1831 = VECTOR('',#1832,1.);
#1832 = DIRECTION('',(-0.,1.));
#1833 = ( GEOMETRIC_REPRESENTATION_CONTEXT(2) 
PARAMETRIC_REPRESENTATION_CONTEXT() REPRESENTATION_CONTEXT('2D SPACE',''
  ) );
#1834 = PCURVE('',#1835,#1840);
#1835 = PLANE('',#1836);
#1836 = AXIS2_PLACEMENT_3D('',#1837,#1838,#1839);
#1837 = CARTESIAN_POINT('',(-43.8,43.8,0.));
#1838 = DIRECTION('',(1.,0.,-0.));
#1839 = DIRECTION('',(0.,-1.,0.));
#1840 = DEFINITIONAL_REPRESENTATION('',(#1841),#1845);
#1841 = LINE('',#1842,#1843);
#1842 = CARTESIAN_POINT('',(83.6,0.));
#1843 = VECTOR('',#1844,1.);
#1844 = DIRECTION('',(0.,-1.));
#1845 = ( GEOMETRIC_REPRESENTATION_CONTEXT(2) 
PARAMETRIC_REPRESENTATION_CONTEXT() REPRESENTATION_CONTEXT('2D SPACE',''
  ) );
#1846 = ORIENTED_EDGE('',*,*,#1847,.T.);
#1847 = EDGE_CURVE('',#1820,#57,#1848,.T.);
#1848 = SURFACE_CURVE('',#1849,(#1854,#1861),.PCURVE_S1.);
#1849 = CIRCLE('',#1850,4.);
#1850 = AXIS2_PLACEMENT_3D('',#1851,#1852,#1853);
#1851 = CARTESIAN_POINT('',(-39.8,-39.8,9.9));
#1852 = DIRECTION('',(0.,0.,1.));
#1853 = DIRECTION('',(-1.,0.,0.));
#1854 = PCURVE('',#72,#1855);
#1855 = DEFINITIONAL_REPRESENTATION('',(#1856),#1860);
#1856 = LINE('',#1857,#1858);
#1857 = CARTESIAN_POINT('',(-1.570796326795,9.9));
#1858 = VECTOR('',#1859,1.);
#1859 = DIRECTION('',(1.,-0.));
#1860 = ( GEOMETRIC_REPRESENTATION_CONTEXT(2) 
PARAMETRIC_REPRESENTATION_CONTEXT() REPRESENTATION_CONTEXT('2D SPACE',''
  ) );
#1861 = PCURVE('',#1758,#1862);
#1862 = DEFINITIONAL_REPRESENTATION('',(#1863),#1867);
#1863 = LINE('',#1864,#1865);
#1864 = CARTESIAN_POINT('',(0.,0.));
#1865 = VECTOR('',#1866,1.);
#1866 = DIRECTION('',(1.,0.));
#1867 = ( GEOMETRIC_REPRESENTATION_CONTEXT(2) 
PARAMETRIC_REPRESENTATION_CONTEXT() REPRESENTATION_CONTEXT('2D SPACE',''
  ) );
#1868 = ADVANCED_FACE('',(#1869),#536,.T.);
#1869 = FACE_BOUND('',#1870,.F.);
#1870 = EDGE_LOOP('',(#1871,#1897,#1898,#1899));
#1871 = ORIENTED_EDGE('',*,*,#1872,.F.);
#1872 = EDGE_CURVE('',#1796,#1873,#1875,.T.);
#1873 = VERTEX_POINT('',#1874);
#1874 = CARTESIAN_POINT('',(-43.3,-39.8,-2.053912595557E-15));
#1875 = SURFACE_CURVE('',#1876,(#1880,#1886),.PCURVE_S1.);
#1876 = LINE('',#1877,#1878);
#1877 = CARTESIAN_POINT('',(-43.55,-39.8,0.25));
#1878 = VECTOR('',#1879,1.);
#1879 = DIRECTION('',(0.707106781187,0.,-0.707106781187));
#1880 = PCURVE('',#536,#1881);
#1881 = DEFINITIONAL_REPRESENTATION('',(#1882),#1885);
#1882 = B_SPLINE_CURVE_WITH_KNOTS('',1,(#1883,#1884),.UNSPECIFIED.,.F.,
  .F.,(2,2),(-0.353553390593,0.353553390593),.PIECEWISE_BEZIER_KNOTS.);
#1883 = CARTESIAN_POINT('',(0.,0.));
#1884 = CARTESIAN_POINT('',(0.,-0.5));
#1885 = ( GEOMETRIC_REPRESENTATION_CONTEXT(2) 
PARAMETRIC_REPRESENTATION_CONTEXT() REPRESENTATION_CONTEXT('2D SPACE',''
  ) );
#1886 = PCURVE('',#1887,#1892);
#1887 = PLANE('',#1888);
#1888 = AXIS2_PLACEMENT_3D('',#1889,#1890,#1891);
#1889 = CARTESIAN_POINT('',(-43.55,39.8,0.25));
#1890 = DIRECTION('',(-0.707106781187,0.,-0.707106781187));
#1891 = DIRECTION('',(-0.,1.,0.));
#1892 = DEFINITIONAL_REPRESENTATION('',(#1893),#1896);
#1893 = B_SPLINE_CURVE_WITH_KNOTS('',1,(#1894,#1895),.UNSPECIFIED.,.F.,
  .F.,(2,2),(-0.353553390593,0.353553390593),.PIECEWISE_BEZIER_KNOTS.);
#1894 = CARTESIAN_POINT('',(-79.6,-0.353553390593));
#1895 = CARTESIAN_POINT('',(-79.6,0.353553390593));
#1896 = ( GEOMETRIC_REPRESENTATION_CONTEXT(2) 
PARAMETRIC_REPRESENTATION_CONTEXT() REPRESENTATION_CONTEXT('2D SPACE',''
  ) );
#1897 = ORIENTED_EDGE('',*,*,#1795,.T.);
#1898 = ORIENTED_EDGE('',*,*,#521,.T.);
#1899 = ORIENTED_EDGE('',*,*,#1900,.F.);
#1900 = EDGE_CURVE('',#1873,#522,#1901,.T.);
#1901 = SURFACE_CURVE('',#1902,(#1907,#1914),.PCURVE_S1.);
#1902 = CIRCLE('',#1903,3.5);
#1903 = AXIS2_PLACEMENT_3D('',#1904,#1905,#1906);
#1904 = CARTESIAN_POINT('',(-39.8,-39.8,0.));
#1905 = DIRECTION('',(0.,0.,1.));
#1906 = DIRECTION('',(-1.,0.,0.));
#1907 = PCURVE('',#536,#1908);
#1908 = DEFINITIONAL_REPRESENTATION('',(#1909),#1913);
#1909 = LINE('',#1910,#1911);
#1910 = CARTESIAN_POINT('',(0.,-0.5));
#1911 = VECTOR('',#1912,1.);
#1912 = DIRECTION('',(1.,-0.));
#1913 = ( GEOMETRIC_REPRESENTATION_CONTEXT(2) 
PARAMETRIC_REPRESENTATION_CONTEXT() REPRESENTATION_CONTEXT('2D SPACE',''
  ) );
#1914 = PCURVE('',#609,#1915);
#1915 = DEFINITIONAL_REPRESENTATION('',(#1916),#1920);
#1916 = CIRCLE('',#1917,3.5);
#1917 = AXIS2_PLACEMENT_2D('',#1918,#1919);
#1918 = CARTESIAN_POINT('',(-39.8,-39.8));
#1919 = DIRECTION('',(-1.,0.));
#1920 = ( GEOMETRIC_REPRESENTATION_CONTEXT(2) 
PARAMETRIC_REPRESENTATION_CONTEXT() REPRESENTATION_CONTEXT('2D SPACE',''
  ) );
#1921 = ADVANCED_FACE('',(#1922),#609,.F.);
#1922 = FACE_BOUND('',#1923,.F.);
#1923 = EDGE_LOOP('',(#1924,#1925,#1926,#1947,#1970,#1999));
#1924 = ORIENTED_EDGE('',*,*,#1900,.T.);
#1925 = ORIENTED_EDGE('',*,*,#595,.T.);
#1926 = ORIENTED_EDGE('',*,*,#1927,.F.);
#1927 = EDGE_CURVE('',#1928,#570,#1930,.T.);
#1928 = VERTEX_POINT('',#1929);
#1929 = CARTESIAN_POINT('',(-33.69674796748,43.3,0.));
#1930 = SURFACE_CURVE('',#1931,(#1935,#1941),.PCURVE_S1.);
#1931 = LINE('',#1932,#1933);
#1932 = CARTESIAN_POINT('',(-33.69674796748,-6.4889747558E-16,0.));
#1933 = VECTOR('',#1934,1.);
#1934 = DIRECTION('',(0.,-1.,0.));
#1935 = PCURVE('',#609,#1936);
#1936 = DEFINITIONAL_REPRESENTATION('',(#1937),#1940);
#1937 = B_SPLINE_CURVE_WITH_KNOTS('',1,(#1938,#1939),.UNSPECIFIED.,.F.,
  .F.,(2,2),(-43.3,43.3),.PIECEWISE_BEZIER_KNOTS.);
#1938 = CARTESIAN_POINT('',(-33.69674796748,43.3));
#1939 = CARTESIAN_POINT('',(-33.69674796748,-43.3));
#1940 = ( GEOMETRIC_REPRESENTATION_CONTEXT(2) 
PARAMETRIC_REPRESENTATION_CONTEXT() REPRESENTATION_CONTEXT('2D SPACE',''
  ) );
#1941 = PCURVE('',#584,#1942);
#1942 = DEFINITIONAL_REPRESENTATION('',(#1943),#1946);
#1943 = B_SPLINE_CURVE_WITH_KNOTS('',1,(#1944,#1945),.UNSPECIFIED.,.F.,
  .F.,(2,2),(-43.3,43.3),.PIECEWISE_BEZIER_KNOTS.);
#1944 = CARTESIAN_POINT('',(0.420619952952,-43.3));
#1945 = CARTESIAN_POINT('',(0.420619952952,43.3));
#1946 = ( GEOMETRIC_REPRESENTATION_CONTEXT(2) 
PARAMETRIC_REPRESENTATION_CONTEXT() REPRESENTATION_CONTEXT('2D SPACE',''
  ) );
#1947 = ORIENTED_EDGE('',*,*,#1948,.T.);
#1948 = EDGE_CURVE('',#1928,#1949,#1951,.T.);
#1949 = VERTEX_POINT('',#1950);
#1950 = CARTESIAN_POINT('',(-39.8,43.3,-2.053912595557E-15));
#1951 = SURFACE_CURVE('',#1952,(#1956,#1963),.PCURVE_S1.);
#1952 = LINE('',#1953,#1954);
#1953 = CARTESIAN_POINT('',(39.8,43.3,0.));
#1954 = VECTOR('',#1955,1.);
#1955 = DIRECTION('',(-1.,0.,0.));
#1956 = PCURVE('',#609,#1957);
#1957 = DEFINITIONAL_REPRESENTATION('',(#1958),#1962);
#1958 = LINE('',#1959,#1960);
#1959 = CARTESIAN_POINT('',(39.8,43.3));
#1960 = VECTOR('',#1961,1.);
#1961 = DIRECTION('',(-1.,0.));
#1962 = ( GEOMETRIC_REPRESENTATION_CONTEXT(2) 
PARAMETRIC_REPRESENTATION_CONTEXT() REPRESENTATION_CONTEXT('2D SPACE',''
  ) );
#1963 = PCURVE('',#688,#1964);
#1964 = DEFINITIONAL_REPRESENTATION('',(#1965),#1969);
#1965 = LINE('',#1966,#1967);
#1966 = CARTESIAN_POINT('',(-0.,0.353553390593));
#1967 = VECTOR('',#1968,1.);
#1968 = DIRECTION('',(-1.,0.));
#1969 = ( GEOMETRIC_REPRESENTATION_CONTEXT(2) 
PARAMETRIC_REPRESENTATION_CONTEXT() REPRESENTATION_CONTEXT('2D SPACE',''
  ) );
#1970 = ORIENTED_EDGE('',*,*,#1971,.T.);
#1971 = EDGE_CURVE('',#1949,#1972,#1974,.T.);
#1972 = VERTEX_POINT('',#1973);
#1973 = CARTESIAN_POINT('',(-43.3,39.8,0.));
#1974 = SURFACE_CURVE('',#1975,(#1980,#1987),.PCURVE_S1.);
#1975 = CIRCLE('',#1976,3.5);
#1976 = AXIS2_PLACEMENT_3D('',#1977,#1978,#1979);
#1977 = CARTESIAN_POINT('',(-39.8,39.8,0.));
#1978 = DIRECTION('',(0.,-0.,1.));
#1979 = DIRECTION('',(0.,1.,0.));
#1980 = PCURVE('',#609,#1981);
#1981 = DEFINITIONAL_REPRESENTATION('',(#1982),#1986);
#1982 = CIRCLE('',#1983,3.5);
#1983 = AXIS2_PLACEMENT_2D('',#1984,#1985);
#1984 = CARTESIAN_POINT('',(-39.8,39.8));
#1985 = DIRECTION('',(0.,1.));
#1986 = ( GEOMETRIC_REPRESENTATION_CONTEXT(2) 
PARAMETRIC_REPRESENTATION_CONTEXT() REPRESENTATION_CONTEXT('2D SPACE',''
  ) );
#1987 = PCURVE('',#1988,#1993);
#1988 = CONICAL_SURFACE('',#1989,4.,0.785398163397);
#1989 = AXIS2_PLACEMENT_3D('',#1990,#1991,#1992);
#1990 = CARTESIAN_POINT('',(-39.8,39.8,0.5));
#1991 = DIRECTION('',(0.,0.,1.));
#1992 = DIRECTION('',(0.,1.,0.));
#1993 = DEFINITIONAL_REPRESENTATION('',(#1994),#1998);
#1994 = LINE('',#1995,#1996);
#1995 = CARTESIAN_POINT('',(0.,-0.5));
#1996 = VECTOR('',#1997,1.);
#1997 = DIRECTION('',(1.,-0.));
#1998 = ( GEOMETRIC_REPRESENTATION_CONTEXT(2) 
PARAMETRIC_REPRESENTATION_CONTEXT() REPRESENTATION_CONTEXT('2D SPACE',''
  ) );
#1999 = ORIENTED_EDGE('',*,*,#2000,.T.);
#2000 = EDGE_CURVE('',#1972,#1873,#2001,.T.);
#2001 = SURFACE_CURVE('',#2002,(#2006,#2013),.PCURVE_S1.);
#2002 = LINE('',#2003,#2004);
#2003 = CARTESIAN_POINT('',(-43.3,39.8,0.));
#2004 = VECTOR('',#2005,1.);
#2005 = DIRECTION('',(0.,-1.,0.));
#2006 = PCURVE('',#609,#2007);
#2007 = DEFINITIONAL_REPRESENTATION('',(#2008),#2012);
#2008 = LINE('',#2009,#2010);
#2009 = CARTESIAN_POINT('',(-43.3,39.8));
#2010 = VECTOR('',#2011,1.);
#2011 = DIRECTION('',(0.,-1.));
#2012 = ( GEOMETRIC_REPRESENTATION_CONTEXT(2) 
PARAMETRIC_REPRESENTATION_CONTEXT() REPRESENTATION_CONTEXT('2D SPACE',''
  ) );
#2013 = PCURVE('',#1887,#2014);
#2014 = DEFINITIONAL_REPRESENTATION('',(#2015),#2019);
#2015 = LINE('',#2016,#2017);
#2016 = CARTESIAN_POINT('',(-0.,0.353553390593));
#2017 = VECTOR('',#2018,1.);
#2018 = DIRECTION('',(-1.,0.));
#2019 = ( GEOMETRIC_REPRESENTATION_CONTEXT(2) 
PARAMETRIC_REPRESENTATION_CONTEXT() REPRESENTATION_CONTEXT('2D SPACE',''
  ) );
#2020 = ADVANCED_FACE('',(#2021),#584,.F.);
#2021 = FACE_BOUND('',#2022,.F.);
#2022 = EDGE_LOOP('',(#2023,#2024,#2043,#2044));
#2023 = ORIENTED_EDGE('',*,*,#699,.T.);
#2024 = ORIENTED_EDGE('',*,*,#2025,.T.);
#2025 = EDGE_CURVE('',#674,#1928,#2026,.T.);
#2026 = SURFACE_CURVE('',#2027,(#2031,#2037),.PCURVE_S1.);
#2027 = LINE('',#2028,#2029);
#2028 = CARTESIAN_POINT('',(-35.12190135392,38.917653336682,
    -4.382346663318));
#2029 = VECTOR('',#2030,1.);
#2030 = DIRECTION('',(-0.224104582637,-0.689121591608,-0.689121591608));
#2031 = PCURVE('',#584,#2032);
#2032 = DEFINITIONAL_REPRESENTATION('',(#2033),#2036);
#2033 = B_SPLINE_CURVE_WITH_KNOTS('',1,(#2034,#2035),.UNSPECIFIED.,.F.,
  .F.,(2,2),(-6.939771908986,-6.359322820072),.PIECEWISE_BEZIER_KNOTS.);
#2034 = CARTESIAN_POINT('',(-1.7763568394E-15,-43.7));
#2035 = CARTESIAN_POINT('',(0.420619952952,-43.3));
#2036 = ( GEOMETRIC_REPRESENTATION_CONTEXT(2) 
PARAMETRIC_REPRESENTATION_CONTEXT() REPRESENTATION_CONTEXT('2D SPACE',''
  ) );
#2037 = PCURVE('',#688,#2038);
#2038 = DEFINITIONAL_REPRESENTATION('',(#2039),#2042);
#2039 = B_SPLINE_CURVE_WITH_KNOTS('',1,(#2040,#2041),.UNSPECIFIED.,.F.,
  .F.,(2,2),(-6.939771908986,-6.359322820072),.PIECEWISE_BEZIER_KNOTS.);
#2040 = CARTESIAN_POINT('',(-73.36666666666,-0.212132034356));
#2041 = CARTESIAN_POINT('',(-73.49674796748,0.353553390593));
#2042 = ( GEOMETRIC_REPRESENTATION_CONTEXT(2) 
PARAMETRIC_REPRESENTATION_CONTEXT() REPRESENTATION_CONTEXT('2D SPACE',''
  ) );
#2043 = ORIENTED_EDGE('',*,*,#1927,.T.);
#2044 = ORIENTED_EDGE('',*,*,#569,.T.);
#2045 = ADVANCED_FACE('',(#2046),#688,.T.);
#2046 = FACE_BOUND('',#2047,.F.);
#2047 = EDGE_LOOP('',(#2048,#2049,#2072,#2091,#2092));
#2048 = ORIENTED_EDGE('',*,*,#673,.F.);
#2049 = ORIENTED_EDGE('',*,*,#2050,.T.);
#2050 = EDGE_CURVE('',#648,#2051,#2053,.T.);
#2051 = VERTEX_POINT('',#2052);
#2052 = CARTESIAN_POINT('',(-39.8,43.8,0.5));
#2053 = SURFACE_CURVE('',#2054,(#2058,#2065),.PCURVE_S1.);
#2054 = LINE('',#2055,#2056);
#2055 = CARTESIAN_POINT('',(39.8,43.8,0.5));
#2056 = VECTOR('',#2057,1.);
#2057 = DIRECTION('',(-1.,0.,0.));
#2058 = PCURVE('',#688,#2059);
#2059 = DEFINITIONAL_REPRESENTATION('',(#2060),#2064);
#2060 = LINE('',#2061,#2062);
#2061 = CARTESIAN_POINT('',(-0.,-0.353553390593));
#2062 = VECTOR('',#2063,1.);
#2063 = DIRECTION('',(-1.,0.));
#2064 = ( GEOMETRIC_REPRESENTATION_CONTEXT(2) 
PARAMETRIC_REPRESENTATION_CONTEXT() REPRESENTATION_CONTEXT('2D SPACE',''
  ) );
#2065 = PCURVE('',#662,#2066);
#2066 = DEFINITIONAL_REPRESENTATION('',(#2067),#2071);
#2067 = LINE('',#2068,#2069);
#2068 = CARTESIAN_POINT('',(4.,-0.5));
#2069 = VECTOR('',#2070,1.);
#2070 = DIRECTION('',(1.,0.));
#2071 = ( GEOMETRIC_REPRESENTATION_CONTEXT(2) 
PARAMETRIC_REPRESENTATION_CONTEXT() REPRESENTATION_CONTEXT('2D SPACE',''
  ) );
#2072 = ORIENTED_EDGE('',*,*,#2073,.T.);
#2073 = EDGE_CURVE('',#2051,#1949,#2074,.T.);
#2074 = SURFACE_CURVE('',#2075,(#2079,#2085),.PCURVE_S1.);
#2075 = LINE('',#2076,#2077);
#2076 = CARTESIAN_POINT('',(-39.8,43.55,0.25));
#2077 = VECTOR('',#2078,1.);
#2078 = DIRECTION('',(-0.,-0.707106781187,-0.707106781187));
#2079 = PCURVE('',#688,#2080);
#2080 = DEFINITIONAL_REPRESENTATION('',(#2081),#2084);
#2081 = B_SPLINE_CURVE_WITH_KNOTS('',1,(#2082,#2083),.UNSPECIFIED.,.F.,
  .F.,(2,2),(-0.353553390593,0.353553390593),.PIECEWISE_BEZIER_KNOTS.);
#2082 = CARTESIAN_POINT('',(-79.6,-0.353553390593));
#2083 = CARTESIAN_POINT('',(-79.6,0.353553390593));
#2084 = ( GEOMETRIC_REPRESENTATION_CONTEXT(2) 
PARAMETRIC_REPRESENTATION_CONTEXT() REPRESENTATION_CONTEXT('2D SPACE',''
  ) );
#2085 = PCURVE('',#1988,#2086);
#2086 = DEFINITIONAL_REPRESENTATION('',(#2087),#2090);
#2087 = B_SPLINE_CURVE_WITH_KNOTS('',1,(#2088,#2089),.UNSPECIFIED.,.F.,
  .F.,(2,2),(-0.353553390593,0.353553390593),.PIECEWISE_BEZIER_KNOTS.);
#2088 = CARTESIAN_POINT('',(0.,0.));
#2089 = CARTESIAN_POINT('',(0.,-0.5));
#2090 = ( GEOMETRIC_REPRESENTATION_CONTEXT(2) 
PARAMETRIC_REPRESENTATION_CONTEXT() REPRESENTATION_CONTEXT('2D SPACE',''
  ) );
#2091 = ORIENTED_EDGE('',*,*,#1948,.F.);
#2092 = ORIENTED_EDGE('',*,*,#2025,.F.);
#2093 = ADVANCED_FACE('',(#2094),#662,.F.);
#2094 = FACE_BOUND('',#2095,.F.);
#2095 = EDGE_LOOP('',(#2096,#2119,#2147,#2175,#2201,#2202,#2203,#2204,
    #2205,#2226,#2227,#2228));
#2096 = ORIENTED_EDGE('',*,*,#2097,.F.);
#2097 = EDGE_CURVE('',#2098,#1139,#2100,.T.);
#2098 = VERTEX_POINT('',#2099);
#2099 = CARTESIAN_POINT('',(39.8,43.8,0.5));
#2100 = SURFACE_CURVE('',#2101,(#2105,#2112),.PCURVE_S1.);
#2101 = LINE('',#2102,#2103);
#2102 = CARTESIAN_POINT('',(39.8,43.8,0.5));
#2103 = VECTOR('',#2104,1.);
#2104 = DIRECTION('',(-1.,0.,0.));
#2105 = PCURVE('',#662,#2106);
#2106 = DEFINITIONAL_REPRESENTATION('',(#2107),#2111);
#2107 = LINE('',#2108,#2109);
#2108 = CARTESIAN_POINT('',(4.,-0.5));
#2109 = VECTOR('',#2110,1.);
#2110 = DIRECTION('',(1.,0.));
#2111 = ( GEOMETRIC_REPRESENTATION_CONTEXT(2) 
PARAMETRIC_REPRESENTATION_CONTEXT() REPRESENTATION_CONTEXT('2D SPACE',''
  ) );
#2112 = PCURVE('',#1153,#2113);
#2113 = DEFINITIONAL_REPRESENTATION('',(#2114),#2118);
#2114 = LINE('',#2115,#2116);
#2115 = CARTESIAN_POINT('',(-0.,-0.353553390593));
#2116 = VECTOR('',#2117,1.);
#2117 = DIRECTION('',(-1.,0.));
#2118 = ( GEOMETRIC_REPRESENTATION_CONTEXT(2) 
PARAMETRIC_REPRESENTATION_CONTEXT() REPRESENTATION_CONTEXT('2D SPACE',''
  ) );
#2119 = ORIENTED_EDGE('',*,*,#2120,.T.);
#2120 = EDGE_CURVE('',#2098,#2121,#2123,.T.);
#2121 = VERTEX_POINT('',#2122);
#2122 = CARTESIAN_POINT('',(39.8,43.8,9.9));
#2123 = SURFACE_CURVE('',#2124,(#2128,#2135),.PCURVE_S1.);
#2124 = LINE('',#2125,#2126);
#2125 = CARTESIAN_POINT('',(39.8,43.8,0.));
#2126 = VECTOR('',#2127,1.);
#2127 = DIRECTION('',(0.,0.,1.));
#2128 = PCURVE('',#662,#2129);
#2129 = DEFINITIONAL_REPRESENTATION('',(#2130),#2134);
#2130 = LINE('',#2131,#2132);
#2131 = CARTESIAN_POINT('',(4.,0.));
#2132 = VECTOR('',#2133,1.);
#2133 = DIRECTION('',(0.,-1.));
#2134 = ( GEOMETRIC_REPRESENTATION_CONTEXT(2) 
PARAMETRIC_REPRESENTATION_CONTEXT() REPRESENTATION_CONTEXT('2D SPACE',''
  ) );
#2135 = PCURVE('',#2136,#2141);
#2136 = CYLINDRICAL_SURFACE('',#2137,4.);
#2137 = AXIS2_PLACEMENT_3D('',#2138,#2139,#2140);
#2138 = CARTESIAN_POINT('',(39.8,39.8,0.));
#2139 = DIRECTION('',(0.,0.,1.));
#2140 = DIRECTION('',(1.,0.,-0.));
#2141 = DEFINITIONAL_REPRESENTATION('',(#2142),#2146);
#2142 = LINE('',#2143,#2144);
#2143 = CARTESIAN_POINT('',(1.570796326795,0.));
#2144 = VECTOR('',#2145,1.);
#2145 = DIRECTION('',(0.,1.));
#2146 = ( GEOMETRIC_REPRESENTATION_CONTEXT(2) 
PARAMETRIC_REPRESENTATION_CONTEXT() REPRESENTATION_CONTEXT('2D SPACE',''
  ) );
#2147 = ORIENTED_EDGE('',*,*,#2148,.T.);
#2148 = EDGE_CURVE('',#2121,#2149,#2151,.T.);
#2149 = VERTEX_POINT('',#2150);
#2150 = CARTESIAN_POINT('',(-39.8,43.8,9.9));
#2151 = SURFACE_CURVE('',#2152,(#2156,#2163),.PCURVE_S1.);
#2152 = LINE('',#2153,#2154);
#2153 = CARTESIAN_POINT('',(39.8,43.8,9.9));
#2154 = VECTOR('',#2155,1.);
#2155 = DIRECTION('',(-1.,0.,0.));
#2156 = PCURVE('',#662,#2157);
#2157 = DEFINITIONAL_REPRESENTATION('',(#2158),#2162);
#2158 = LINE('',#2159,#2160);
#2159 = CARTESIAN_POINT('',(4.,-9.9));
#2160 = VECTOR('',#2161,1.);
#2161 = DIRECTION('',(1.,0.));
#2162 = ( GEOMETRIC_REPRESENTATION_CONTEXT(2) 
PARAMETRIC_REPRESENTATION_CONTEXT() REPRESENTATION_CONTEXT('2D SPACE',''
  ) );
#2163 = PCURVE('',#2164,#2169);
#2164 = CYLINDRICAL_SURFACE('',#2165,0.8);
#2165 = AXIS2_PLACEMENT_3D('',#2166,#2167,#2168);
#2166 = CARTESIAN_POINT('',(39.8,43.,9.9));
#2167 = DIRECTION('',(-1.,0.,0.));
#2168 = DIRECTION('',(0.,1.,-0.));
#2169 = DEFINITIONAL_REPRESENTATION('',(#2170),#2174);
#2170 = LINE('',#2171,#2172);
#2171 = CARTESIAN_POINT('',(-0.,0.));
#2172 = VECTOR('',#2173,1.);
#2173 = DIRECTION('',(-0.,1.));
#2174 = ( GEOMETRIC_REPRESENTATION_CONTEXT(2) 
PARAMETRIC_REPRESENTATION_CONTEXT() REPRESENTATION_CONTEXT('2D SPACE',''
  ) );
#2175 = ORIENTED_EDGE('',*,*,#2176,.F.);
#2176 = EDGE_CURVE('',#2051,#2149,#2177,.T.);
#2177 = SURFACE_CURVE('',#2178,(#2182,#2189),.PCURVE_S1.);
#2178 = LINE('',#2179,#2180);
#2179 = CARTESIAN_POINT('',(-39.8,43.8,0.));
#2180 = VECTOR('',#2181,1.);
#2181 = DIRECTION('',(0.,0.,1.));
#2182 = PCURVE('',#662,#2183);
#2183 = DEFINITIONAL_REPRESENTATION('',(#2184),#2188);
#2184 = LINE('',#2185,#2186);
#2185 = CARTESIAN_POINT('',(83.6,0.));
#2186 = VECTOR('',#2187,1.);
#2187 = DIRECTION('',(0.,-1.));
#2188 = ( GEOMETRIC_REPRESENTATION_CONTEXT(2) 
PARAMETRIC_REPRESENTATION_CONTEXT() REPRESENTATION_CONTEXT('2D SPACE',''
  ) );
#2189 = PCURVE('',#2190,#2195);
#2190 = CYLINDRICAL_SURFACE('',#2191,4.);
#2191 = AXIS2_PLACEMENT_3D('',#2192,#2193,#2194);
#2192 = CARTESIAN_POINT('',(-39.8,39.8,0.));
#2193 = DIRECTION('',(0.,0.,1.));
#2194 = DIRECTION('',(-0.,1.,0.));
#2195 = DEFINITIONAL_REPRESENTATION('',(#2196),#2200);
#2196 = LINE('',#2197,#2198);
#2197 = CARTESIAN_POINT('',(0.,0.));
#2198 = VECTOR('',#2199,1.);
#2199 = DIRECTION('',(0.,1.));
#2200 = ( GEOMETRIC_REPRESENTATION_CONTEXT(2) 
PARAMETRIC_REPRESENTATION_CONTEXT() REPRESENTATION_CONTEXT('2D SPACE',''
  ) );
#2201 = ORIENTED_EDGE('',*,*,#2050,.F.);
#2202 = ORIENTED_EDGE('',*,*,#647,.F.);
#2203 = ORIENTED_EDGE('',*,*,#748,.F.);
#2204 = ORIENTED_EDGE('',*,*,#828,.F.);
#2205 = ORIENTED_EDGE('',*,*,#2206,.F.);
#2206 = EDGE_CURVE('',#994,#803,#2207,.T.);
#2207 = SURFACE_CURVE('',#2208,(#2212,#2219),.PCURVE_S1.);
#2208 = LINE('',#2209,#2210);
#2209 = CARTESIAN_POINT('',(39.8,43.8,0.5));
#2210 = VECTOR('',#2211,1.);
#2211 = DIRECTION('',(-1.,0.,0.));
#2212 = PCURVE('',#662,#2213);
#2213 = DEFINITIONAL_REPRESENTATION('',(#2214),#2218);
#2214 = LINE('',#2215,#2216);
#2215 = CARTESIAN_POINT('',(4.,-0.5));
#2216 = VECTOR('',#2217,1.);
#2217 = DIRECTION('',(1.,0.));
#2218 = ( GEOMETRIC_REPRESENTATION_CONTEXT(2) 
PARAMETRIC_REPRESENTATION_CONTEXT() REPRESENTATION_CONTEXT('2D SPACE',''
  ) );
#2219 = PCURVE('',#817,#2220);
#2220 = DEFINITIONAL_REPRESENTATION('',(#2221),#2225);
#2221 = LINE('',#2222,#2223);
#2222 = CARTESIAN_POINT('',(-0.,-0.353553390593));
#2223 = VECTOR('',#2224,1.);
#2224 = DIRECTION('',(-1.,0.));
#2225 = ( GEOMETRIC_REPRESENTATION_CONTEXT(2) 
PARAMETRIC_REPRESENTATION_CONTEXT() REPRESENTATION_CONTEXT('2D SPACE',''
  ) );
#2226 = ORIENTED_EDGE('',*,*,#993,.F.);
#2227 = ORIENTED_EDGE('',*,*,#1084,.F.);
#2228 = ORIENTED_EDGE('',*,*,#1164,.F.);
#2229 = ADVANCED_FACE('',(#2230),#790,.F.);
#2230 = FACE_BOUND('',#2231,.F.);
#2231 = EDGE_LOOP('',(#2232,#2253,#2254,#2255));
#2232 = ORIENTED_EDGE('',*,*,#2233,.T.);
#2233 = EDGE_CURVE('',#2234,#773,#2236,.T.);
#2234 = VERTEX_POINT('',#2235);
#2235 = CARTESIAN_POINT('',(-26.30325203252,43.3,0.));
#2236 = SURFACE_CURVE('',#2237,(#2241,#2247),.PCURVE_S1.);
#2237 = LINE('',#2238,#2239);
#2238 = CARTESIAN_POINT('',(-21.33753531295,28.030421087325,
    -15.26957891267));
#2239 = VECTOR('',#2240,1.);
#2240 = DIRECTION('',(-0.224104582637,0.689121591608,0.689121591608));
#2241 = PCURVE('',#790,#2242);
#2242 = DEFINITIONAL_REPRESENTATION('',(#2243),#2246);
#2243 = B_SPLINE_CURVE_WITH_KNOTS('',1,(#2244,#2245),.UNSPECIFIED.,.F.,
  .F.,(2,2),(22.15803291991,22.738482008824),.PIECEWISE_BEZIER_KNOTS.);
#2244 = CARTESIAN_POINT('',(1.05154988238E-02,-43.3));
#2245 = CARTESIAN_POINT('',(0.431135451776,-43.7));
#2246 = ( GEOMETRIC_REPRESENTATION_CONTEXT(2) 
PARAMETRIC_REPRESENTATION_CONTEXT() REPRESENTATION_CONTEXT('2D SPACE',''
  ) );
#2247 = PCURVE('',#817,#2248);
#2248 = DEFINITIONAL_REPRESENTATION('',(#2249),#2252);
#2249 = B_SPLINE_CURVE_WITH_KNOTS('',1,(#2250,#2251),.UNSPECIFIED.,.F.,
  .F.,(2,2),(22.15803291991,22.738482008824),.PIECEWISE_BEZIER_KNOTS.);
#2250 = CARTESIAN_POINT('',(-66.10325203252,0.353553390593));
#2251 = CARTESIAN_POINT('',(-66.23333333333,-0.212132034356));
#2252 = ( GEOMETRIC_REPRESENTATION_CONTEXT(2) 
PARAMETRIC_REPRESENTATION_CONTEXT() REPRESENTATION_CONTEXT('2D SPACE',''
  ) );
#2253 = ORIENTED_EDGE('',*,*,#772,.T.);
#2254 = ORIENTED_EDGE('',*,*,#948,.T.);
#2255 = ORIENTED_EDGE('',*,*,#2256,.T.);
#2256 = EDGE_CURVE('',#921,#2234,#2257,.T.);
#2257 = SURFACE_CURVE('',#2258,(#2262,#2268),.PCURVE_S1.);
#2258 = LINE('',#2259,#2260);
#2259 = CARTESIAN_POINT('',(-26.30325203252,-6.4889747558E-16,
    8.673617379884E-19));
#2260 = VECTOR('',#2261,1.);
#2261 = DIRECTION('',(0.,1.,0.));
#2262 = PCURVE('',#790,#2263);
#2263 = DEFINITIONAL_REPRESENTATION('',(#2264),#2267);
#2264 = B_SPLINE_CURVE_WITH_KNOTS('',1,(#2265,#2266),.UNSPECIFIED.,.F.,
  .F.,(2,2),(-43.3,43.3),.PIECEWISE_BEZIER_KNOTS.);
#2265 = CARTESIAN_POINT('',(1.05154988238E-02,43.3));
#2266 = CARTESIAN_POINT('',(1.05154988238E-02,-43.3));
#2267 = ( GEOMETRIC_REPRESENTATION_CONTEXT(2) 
PARAMETRIC_REPRESENTATION_CONTEXT() REPRESENTATION_CONTEXT('2D SPACE',''
  ) );
#2268 = PCURVE('',#936,#2269);
#2269 = DEFINITIONAL_REPRESENTATION('',(#2270),#2273);
#2270 = B_SPLINE_CURVE_WITH_KNOTS('',1,(#2271,#2272),.UNSPECIFIED.,.F.,
  .F.,(2,2),(-43.3,43.3),.PIECEWISE_BEZIER_KNOTS.);
#2271 = CARTESIAN_POINT('',(-26.30325203252,-43.3));
#2272 = CARTESIAN_POINT('',(-26.30325203252,43.3));
#2273 = ( GEOMETRIC_REPRESENTATION_CONTEXT(2) 
PARAMETRIC_REPRESENTATION_CONTEXT() REPRESENTATION_CONTEXT('2D SPACE',''
  ) );
#2274 = ADVANCED_FACE('',(#2275),#817,.T.);
#2275 = FACE_BOUND('',#2276,.F.);
#2276 = EDGE_LOOP('',(#2277,#2278,#2279,#2280,#2281,#2304));
#2277 = ORIENTED_EDGE('',*,*,#1014,.F.);
#2278 = ORIENTED_EDGE('',*,*,#2206,.T.);
#2279 = ORIENTED_EDGE('',*,*,#802,.F.);
#2280 = ORIENTED_EDGE('',*,*,#2233,.F.);
#2281 = ORIENTED_EDGE('',*,*,#2282,.F.);
#2282 = EDGE_CURVE('',#2283,#2234,#2285,.T.);
#2283 = VERTEX_POINT('',#2284);
#2284 = CARTESIAN_POINT('',(26.30325203252,43.3,0.));
#2285 = SURFACE_CURVE('',#2286,(#2290,#2297),.PCURVE_S1.);
#2286 = LINE('',#2287,#2288);
#2287 = CARTESIAN_POINT('',(39.8,43.3,0.));
#2288 = VECTOR('',#2289,1.);
#2289 = DIRECTION('',(-1.,0.,0.));
#2290 = PCURVE('',#817,#2291);
#2291 = DEFINITIONAL_REPRESENTATION('',(#2292),#2296);
#2292 = LINE('',#2293,#2294);
#2293 = CARTESIAN_POINT('',(-0.,0.353553390593));
#2294 = VECTOR('',#2295,1.);
#2295 = DIRECTION('',(-1.,0.));
#2296 = ( GEOMETRIC_REPRESENTATION_CONTEXT(2) 
PARAMETRIC_REPRESENTATION_CONTEXT() REPRESENTATION_CONTEXT('2D SPACE',''
  ) );
#2297 = PCURVE('',#936,#2298);
#2298 = DEFINITIONAL_REPRESENTATION('',(#2299),#2303);
#2299 = LINE('',#2300,#2301);
#2300 = CARTESIAN_POINT('',(39.8,43.3));
#2301 = VECTOR('',#2302,1.);
#2302 = DIRECTION('',(-1.,0.));
#2303 = ( GEOMETRIC_REPRESENTATION_CONTEXT(2) 
PARAMETRIC_REPRESENTATION_CONTEXT() REPRESENTATION_CONTEXT('2D SPACE',''
  ) );
#2304 = ORIENTED_EDGE('',*,*,#2305,.F.);
#2305 = EDGE_CURVE('',#1015,#2283,#2306,.T.);
#2306 = SURFACE_CURVE('',#2307,(#2311,#2317),.PCURVE_S1.);
#2307 = LINE('',#2308,#2309);
#2308 = CARTESIAN_POINT('',(23.371412727311,34.284594136481,
    -9.015405863519));
#2309 = VECTOR('',#2310,1.);
#2310 = DIRECTION('',(-0.224104582637,-0.689121591608,-0.689121591608));
#2311 = PCURVE('',#817,#2312);
#2312 = DEFINITIONAL_REPRESENTATION('',(#2313),#2316);
#2313 = B_SPLINE_CURVE_WITH_KNOTS('',1,(#2314,#2315),.UNSPECIFIED.,.F.,
  .F.,(2,2),(-13.66290938809,-13.08246029917),.PIECEWISE_BEZIER_KNOTS.);
#2314 = CARTESIAN_POINT('',(-13.36666666666,-0.212132034356));
#2315 = CARTESIAN_POINT('',(-13.49674796748,0.353553390593));
#2316 = ( GEOMETRIC_REPRESENTATION_CONTEXT(2) 
PARAMETRIC_REPRESENTATION_CONTEXT() REPRESENTATION_CONTEXT('2D SPACE',''
  ) );
#2317 = PCURVE('',#909,#2318);
#2318 = DEFINITIONAL_REPRESENTATION('',(#2319),#2322);
#2319 = B_SPLINE_CURVE_WITH_KNOTS('',1,(#2320,#2321),.UNSPECIFIED.,.F.,
  .F.,(2,2),(-13.66290938809,-13.08246029917),.PIECEWISE_BEZIER_KNOTS.);
#2320 = CARTESIAN_POINT('',(-1.7763568394E-15,-43.7));
#2321 = CARTESIAN_POINT('',(0.420619952952,-43.3));
#2322 = ( GEOMETRIC_REPRESENTATION_CONTEXT(2) 
PARAMETRIC_REPRESENTATION_CONTEXT() REPRESENTATION_CONTEXT('2D SPACE',''
  ) );
#2323 = ADVANCED_FACE('',(#2324),#936,.F.);
#2324 = FACE_BOUND('',#2325,.F.);
#2325 = EDGE_LOOP('',(#2326,#2327,#2328,#2347));
#2326 = ORIENTED_EDGE('',*,*,#2256,.F.);
#2327 = ORIENTED_EDGE('',*,*,#920,.T.);
#2328 = ORIENTED_EDGE('',*,*,#2329,.F.);
#2329 = EDGE_CURVE('',#2283,#895,#2330,.T.);
#2330 = SURFACE_CURVE('',#2331,(#2335,#2341),.PCURVE_S1.);
#2331 = LINE('',#2332,#2333);
#2332 = CARTESIAN_POINT('',(26.30325203252,-6.4889747558E-16,0.));
#2333 = VECTOR('',#2334,1.);
#2334 = DIRECTION('',(0.,-1.,0.));
#2335 = PCURVE('',#936,#2336);
#2336 = DEFINITIONAL_REPRESENTATION('',(#2337),#2340);
#2337 = B_SPLINE_CURVE_WITH_KNOTS('',1,(#2338,#2339),.UNSPECIFIED.,.F.,
  .F.,(2,2),(-43.3,43.3),.PIECEWISE_BEZIER_KNOTS.);
#2338 = CARTESIAN_POINT('',(26.30325203252,43.3));
#2339 = CARTESIAN_POINT('',(26.30325203252,-43.3));
#2340 = ( GEOMETRIC_REPRESENTATION_CONTEXT(2) 
PARAMETRIC_REPRESENTATION_CONTEXT() REPRESENTATION_CONTEXT('2D SPACE',''
  ) );
#2341 = PCURVE('',#909,#2342);
#2342 = DEFINITIONAL_REPRESENTATION('',(#2343),#2346);
#2343 = B_SPLINE_CURVE_WITH_KNOTS('',1,(#2344,#2345),.UNSPECIFIED.,.F.,
  .F.,(2,2),(-43.3,43.3),.PIECEWISE_BEZIER_KNOTS.);
#2344 = CARTESIAN_POINT('',(0.420619952952,-43.3));
#2345 = CARTESIAN_POINT('',(0.420619952952,43.3));
#2346 = ( GEOMETRIC_REPRESENTATION_CONTEXT(2) 
PARAMETRIC_REPRESENTATION_CONTEXT() REPRESENTATION_CONTEXT('2D SPACE',''
  ) );
#2347 = ORIENTED_EDGE('',*,*,#2282,.T.);
#2348 = ADVANCED_FACE('',(#2349),#909,.F.);
#2349 = FACE_BOUND('',#2350,.F.);
#2350 = EDGE_LOOP('',(#2351,#2352,#2353,#2354));
#2351 = ORIENTED_EDGE('',*,*,#1035,.T.);
#2352 = ORIENTED_EDGE('',*,*,#2305,.T.);
#2353 = ORIENTED_EDGE('',*,*,#2329,.T.);
#2354 = ORIENTED_EDGE('',*,*,#894,.T.);
#2355 = ADVANCED_FACE('',(#2356),#1126,.F.);
#2356 = FACE_BOUND('',#2357,.F.);
#2357 = EDGE_LOOP('',(#2358,#2379,#2380,#2381));
#2358 = ORIENTED_EDGE('',*,*,#2359,.T.);
#2359 = EDGE_CURVE('',#2360,#1109,#2362,.T.);
#2360 = VERTEX_POINT('',#2361);
#2361 = CARTESIAN_POINT('',(33.69674796748,43.3,0.));
#2362 = SURFACE_CURVE('',#2363,(#2367,#2373),.PCURVE_S1.);
#2363 = LINE('',#2364,#2365);
#2364 = CARTESIAN_POINT('',(37.155778768284,32.663480287526,
    -10.63651971247));
#2365 = VECTOR('',#2366,1.);
#2366 = DIRECTION('',(-0.224104582637,0.689121591608,0.689121591608));
#2367 = PCURVE('',#1126,#2368);
#2368 = DEFINITIONAL_REPRESENTATION('',(#2369),#2372);
#2369 = B_SPLINE_CURVE_WITH_KNOTS('',1,(#2370,#2371),.UNSPECIFIED.,.F.,
  .F.,(2,2),(15.434895440806,16.01534452972),.PIECEWISE_BEZIER_KNOTS.);
#2370 = CARTESIAN_POINT('',(1.051549882379E-02,-43.3));
#2371 = CARTESIAN_POINT('',(0.431135451776,-43.7));
#2372 = ( GEOMETRIC_REPRESENTATION_CONTEXT(2) 
PARAMETRIC_REPRESENTATION_CONTEXT() REPRESENTATION_CONTEXT('2D SPACE',''
  ) );
#2373 = PCURVE('',#1153,#2374);
#2374 = DEFINITIONAL_REPRESENTATION('',(#2375),#2378);
#2375 = B_SPLINE_CURVE_WITH_KNOTS('',1,(#2376,#2377),.UNSPECIFIED.,.F.,
  .F.,(2,2),(15.434895440806,16.01534452972),.PIECEWISE_BEZIER_KNOTS.);
#2376 = CARTESIAN_POINT('',(-6.10325203252,0.353553390593));
#2377 = CARTESIAN_POINT('',(-6.233333333333,-0.212132034356));
#2378 = ( GEOMETRIC_REPRESENTATION_CONTEXT(2) 
PARAMETRIC_REPRESENTATION_CONTEXT() REPRESENTATION_CONTEXT('2D SPACE',''
  ) );
#2379 = ORIENTED_EDGE('',*,*,#1108,.T.);
#2380 = ORIENTED_EDGE('',*,*,#1263,.T.);
#2381 = ORIENTED_EDGE('',*,*,#2382,.T.);
#2382 = EDGE_CURVE('',#1236,#2360,#2383,.T.);
#2383 = SURFACE_CURVE('',#2384,(#2388,#2394),.PCURVE_S1.);
#2384 = LINE('',#2385,#2386);
#2385 = CARTESIAN_POINT('',(33.69674796748,-6.4889747558E-16,
    8.673617379884E-19));
#2386 = VECTOR('',#2387,1.);
#2387 = DIRECTION('',(0.,1.,0.));
#2388 = PCURVE('',#1126,#2389);
#2389 = DEFINITIONAL_REPRESENTATION('',(#2390),#2393);
#2390 = B_SPLINE_CURVE_WITH_KNOTS('',1,(#2391,#2392),.UNSPECIFIED.,.F.,
  .F.,(2,2),(-43.3,43.3),.PIECEWISE_BEZIER_KNOTS.);
#2391 = CARTESIAN_POINT('',(1.051549882379E-02,43.3));
#2392 = CARTESIAN_POINT('',(1.051549882379E-02,-43.3));
#2393 = ( GEOMETRIC_REPRESENTATION_CONTEXT(2) 
PARAMETRIC_REPRESENTATION_CONTEXT() REPRESENTATION_CONTEXT('2D SPACE',''
  ) );
#2394 = PCURVE('',#1251,#2395);
#2395 = DEFINITIONAL_REPRESENTATION('',(#2396),#2399);
#2396 = B_SPLINE_CURVE_WITH_KNOTS('',1,(#2397,#2398),.UNSPECIFIED.,.F.,
  .F.,(2,2),(-43.3,43.3),.PIECEWISE_BEZIER_KNOTS.);
#2397 = CARTESIAN_POINT('',(33.69674796748,-43.3));
#2398 = CARTESIAN_POINT('',(33.69674796748,43.3));
#2399 = ( GEOMETRIC_REPRESENTATION_CONTEXT(2) 
PARAMETRIC_REPRESENTATION_CONTEXT() REPRESENTATION_CONTEXT('2D SPACE',''
  ) );
#2400 = ADVANCED_FACE('',(#2401),#1153,.T.);
#2401 = FACE_BOUND('',#2402,.F.);
#2402 = EDGE_LOOP('',(#2403,#2429,#2430,#2431,#2432));
#2403 = ORIENTED_EDGE('',*,*,#2404,.F.);
#2404 = EDGE_CURVE('',#2098,#2405,#2407,.T.);
#2405 = VERTEX_POINT('',#2406);
#2406 = CARTESIAN_POINT('',(39.8,43.3,0.));
#2407 = SURFACE_CURVE('',#2408,(#2412,#2418),.PCURVE_S1.);
#2408 = LINE('',#2409,#2410);
#2409 = CARTESIAN_POINT('',(39.8,43.8,0.5));
#2410 = VECTOR('',#2411,1.);
#2411 = DIRECTION('',(-4.329780281177E-17,-0.707106781187,
    -0.707106781187));
#2412 = PCURVE('',#1153,#2413);
#2413 = DEFINITIONAL_REPRESENTATION('',(#2414),#2417);
#2414 = B_SPLINE_CURVE_WITH_KNOTS('',1,(#2415,#2416),.UNSPECIFIED.,.F.,
  .F.,(2,2),(0.,0.707106781187),.PIECEWISE_BEZIER_KNOTS.);
#2415 = CARTESIAN_POINT('',(0.,-0.353553390593));
#2416 = CARTESIAN_POINT('',(0.,0.353553390593));
#2417 = ( GEOMETRIC_REPRESENTATION_CONTEXT(2) 
PARAMETRIC_REPRESENTATION_CONTEXT() REPRESENTATION_CONTEXT('2D SPACE',''
  ) );
#2418 = PCURVE('',#2419,#2424);
#2419 = CONICAL_SURFACE('',#2420,4.,0.785398163397);
#2420 = AXIS2_PLACEMENT_3D('',#2421,#2422,#2423);
#2421 = CARTESIAN_POINT('',(39.8,39.8,0.5));
#2422 = DIRECTION('',(0.,0.,1.));
#2423 = DIRECTION('',(1.,0.,-0.));
#2424 = DEFINITIONAL_REPRESENTATION('',(#2425),#2428);
#2425 = B_SPLINE_CURVE_WITH_KNOTS('',1,(#2426,#2427),.UNSPECIFIED.,.F.,
  .F.,(2,2),(0.,0.707106781187),.PIECEWISE_BEZIER_KNOTS.);
#2426 = CARTESIAN_POINT('',(1.570796326795,0.));
#2427 = CARTESIAN_POINT('',(1.570796326795,-0.5));
#2428 = ( GEOMETRIC_REPRESENTATION_CONTEXT(2) 
PARAMETRIC_REPRESENTATION_CONTEXT() REPRESENTATION_CONTEXT('2D SPACE',''
  ) );
#2429 = ORIENTED_EDGE('',*,*,#2097,.T.);
#2430 = ORIENTED_EDGE('',*,*,#1138,.F.);
#2431 = ORIENTED_EDGE('',*,*,#2359,.F.);
#2432 = ORIENTED_EDGE('',*,*,#2433,.F.);
#2433 = EDGE_CURVE('',#2405,#2360,#2434,.T.);
#2434 = SURFACE_CURVE('',#2435,(#2439,#2446),.PCURVE_S1.);
#2435 = LINE('',#2436,#2437);
#2436 = CARTESIAN_POINT('',(39.8,43.3,0.));
#2437 = VECTOR('',#2438,1.);
#2438 = DIRECTION('',(-1.,0.,0.));
#2439 = PCURVE('',#1153,#2440);
#2440 = DEFINITIONAL_REPRESENTATION('',(#2441),#2445);
#2441 = LINE('',#2442,#2443);
#2442 = CARTESIAN_POINT('',(-0.,0.353553390593));
#2443 = VECTOR('',#2444,1.);
#2444 = DIRECTION('',(-1.,0.));
#2445 = ( GEOMETRIC_REPRESENTATION_CONTEXT(2) 
PARAMETRIC_REPRESENTATION_CONTEXT() REPRESENTATION_CONTEXT('2D SPACE',''
  ) );
#2446 = PCURVE('',#1251,#2447);
#2447 = DEFINITIONAL_REPRESENTATION('',(#2448),#2452);
#2448 = LINE('',#2449,#2450);
#2449 = CARTESIAN_POINT('',(39.8,43.3));
#2450 = VECTOR('',#2451,1.);
#2451 = DIRECTION('',(-1.,0.));
#2452 = ( GEOMETRIC_REPRESENTATION_CONTEXT(2) 
PARAMETRIC_REPRESENTATION_CONTEXT() REPRESENTATION_CONTEXT('2D SPACE',''
  ) );
#2453 = ADVANCED_FACE('',(#2454),#1251,.F.);
#2454 = FACE_BOUND('',#2455,.F.);
#2455 = EDGE_LOOP('',(#2456,#2457,#2458,#2482,#2510,#2532));
#2456 = ORIENTED_EDGE('',*,*,#2382,.F.);
#2457 = ORIENTED_EDGE('',*,*,#1235,.T.);
#2458 = ORIENTED_EDGE('',*,*,#2459,.T.);
#2459 = EDGE_CURVE('',#1210,#2460,#2462,.T.);
#2460 = VERTEX_POINT('',#2461);
#2461 = CARTESIAN_POINT('',(43.3,-39.8,0.));
#2462 = SURFACE_CURVE('',#2463,(#2468,#2475),.PCURVE_S1.);
#2463 = CIRCLE('',#2464,3.5);
#2464 = AXIS2_PLACEMENT_3D('',#2465,#2466,#2467);
#2465 = CARTESIAN_POINT('',(39.8,-39.8,0.));
#2466 = DIRECTION('',(0.,0.,1.));
#2467 = DIRECTION('',(0.,-1.,0.));
#2468 = PCURVE('',#1251,#2469);
#2469 = DEFINITIONAL_REPRESENTATION('',(#2470),#2474);
#2470 = CIRCLE('',#2471,3.5);
#2471 = AXIS2_PLACEMENT_2D('',#2472,#2473);
#2472 = CARTESIAN_POINT('',(39.8,-39.8));
#2473 = DIRECTION('',(0.,-1.));
#2474 = ( GEOMETRIC_REPRESENTATION_CONTEXT(2) 
PARAMETRIC_REPRESENTATION_CONTEXT() REPRESENTATION_CONTEXT('2D SPACE',''
  ) );
#2475 = PCURVE('',#1224,#2476);
#2476 = DEFINITIONAL_REPRESENTATION('',(#2477),#2481);
#2477 = LINE('',#2478,#2479);
#2478 = CARTESIAN_POINT('',(0.,-0.5));
#2479 = VECTOR('',#2480,1.);
#2480 = DIRECTION('',(1.,-0.));
#2481 = ( GEOMETRIC_REPRESENTATION_CONTEXT(2) 
PARAMETRIC_REPRESENTATION_CONTEXT() REPRESENTATION_CONTEXT('2D SPACE',''
  ) );
#2482 = ORIENTED_EDGE('',*,*,#2483,.T.);
#2483 = EDGE_CURVE('',#2460,#2484,#2486,.T.);
#2484 = VERTEX_POINT('',#2485);
#2485 = CARTESIAN_POINT('',(43.3,39.8,-2.053912595557E-15));
#2486 = SURFACE_CURVE('',#2487,(#2491,#2498),.PCURVE_S1.);
#2487 = LINE('',#2488,#2489);
#2488 = CARTESIAN_POINT('',(43.3,-39.8,0.));
#2489 = VECTOR('',#2490,1.);
#2490 = DIRECTION('',(0.,1.,0.));
#2491 = PCURVE('',#1251,#2492);
#2492 = DEFINITIONAL_REPRESENTATION('',(#2493),#2497);
#2493 = LINE('',#2494,#2495);
#2494 = CARTESIAN_POINT('',(43.3,-39.8));
#2495 = VECTOR('',#2496,1.);
#2496 = DIRECTION('',(0.,1.));
#2497 = ( GEOMETRIC_REPRESENTATION_CONTEXT(2) 
PARAMETRIC_REPRESENTATION_CONTEXT() REPRESENTATION_CONTEXT('2D SPACE',''
  ) );
#2498 = PCURVE('',#2499,#2504);
#2499 = PLANE('',#2500);
#2500 = AXIS2_PLACEMENT_3D('',#2501,#2502,#2503);
#2501 = CARTESIAN_POINT('',(43.55,-39.8,0.25));
#2502 = DIRECTION('',(0.707106781187,0.,-0.707106781187));
#2503 = DIRECTION('',(-0.,-1.,-0.));
#2504 = DEFINITIONAL_REPRESENTATION('',(#2505),#2509);
#2505 = LINE('',#2506,#2507);
#2506 = CARTESIAN_POINT('',(-0.,0.353553390593));
#2507 = VECTOR('',#2508,1.);
#2508 = DIRECTION('',(-1.,0.));
#2509 = ( GEOMETRIC_REPRESENTATION_CONTEXT(2) 
PARAMETRIC_REPRESENTATION_CONTEXT() REPRESENTATION_CONTEXT('2D SPACE',''
  ) );
#2510 = ORIENTED_EDGE('',*,*,#2511,.T.);
#2511 = EDGE_CURVE('',#2484,#2405,#2512,.T.);
#2512 = SURFACE_CURVE('',#2513,(#2518,#2525),.PCURVE_S1.);
#2513 = CIRCLE('',#2514,3.5);
#2514 = AXIS2_PLACEMENT_3D('',#2515,#2516,#2517);
#2515 = CARTESIAN_POINT('',(39.8,39.8,0.));
#2516 = DIRECTION('',(0.,0.,1.));
#2517 = DIRECTION('',(1.,0.,-0.));
#2518 = PCURVE('',#1251,#2519);
#2519 = DEFINITIONAL_REPRESENTATION('',(#2520),#2524);
#2520 = CIRCLE('',#2521,3.5);
#2521 = AXIS2_PLACEMENT_2D('',#2522,#2523);
#2522 = CARTESIAN_POINT('',(39.8,39.8));
#2523 = DIRECTION('',(1.,0.));
#2524 = ( GEOMETRIC_REPRESENTATION_CONTEXT(2) 
PARAMETRIC_REPRESENTATION_CONTEXT() REPRESENTATION_CONTEXT('2D SPACE',''
  ) );
#2525 = PCURVE('',#2419,#2526);
#2526 = DEFINITIONAL_REPRESENTATION('',(#2527),#2531);
#2527 = LINE('',#2528,#2529);
#2528 = CARTESIAN_POINT('',(0.,-0.5));
#2529 = VECTOR('',#2530,1.);
#2530 = DIRECTION('',(1.,-0.));
#2531 = ( GEOMETRIC_REPRESENTATION_CONTEXT(2) 
PARAMETRIC_REPRESENTATION_CONTEXT() REPRESENTATION_CONTEXT('2D SPACE',''
  ) );
#2532 = ORIENTED_EDGE('',*,*,#2433,.T.);
#2533 = ADVANCED_FACE('',(#2534),#1224,.T.);
#2534 = FACE_BOUND('',#2535,.F.);
#2535 = EDGE_LOOP('',(#2536,#2537,#2538,#2557));
#2536 = ORIENTED_EDGE('',*,*,#1209,.F.);
#2537 = ORIENTED_EDGE('',*,*,#1286,.T.);
#2538 = ORIENTED_EDGE('',*,*,#2539,.T.);
#2539 = EDGE_CURVE('',#1287,#2460,#2540,.T.);
#2540 = SURFACE_CURVE('',#2541,(#2545,#2551),.PCURVE_S1.);
#2541 = LINE('',#2542,#2543);
#2542 = CARTESIAN_POINT('',(43.8,-39.8,0.5));
#2543 = VECTOR('',#2544,1.);
#2544 = DIRECTION('',(-0.707106781187,4.329780281177E-17,-0.707106781187
    ));
#2545 = PCURVE('',#1224,#2546);
#2546 = DEFINITIONAL_REPRESENTATION('',(#2547),#2550);
#2547 = B_SPLINE_CURVE_WITH_KNOTS('',1,(#2548,#2549),.UNSPECIFIED.,.F.,
  .F.,(2,2),(0.,0.707106781187),.PIECEWISE_BEZIER_KNOTS.);
#2548 = CARTESIAN_POINT('',(1.570796326795,0.));
#2549 = CARTESIAN_POINT('',(1.570796326795,-0.5));
#2550 = ( GEOMETRIC_REPRESENTATION_CONTEXT(2) 
PARAMETRIC_REPRESENTATION_CONTEXT() REPRESENTATION_CONTEXT('2D SPACE',''
  ) );
#2551 = PCURVE('',#2499,#2552);
#2552 = DEFINITIONAL_REPRESENTATION('',(#2553),#2556);
#2553 = B_SPLINE_CURVE_WITH_KNOTS('',1,(#2554,#2555),.UNSPECIFIED.,.F.,
  .F.,(2,2),(0.,0.707106781187),.PIECEWISE_BEZIER_KNOTS.);
#2554 = CARTESIAN_POINT('',(0.,-0.353553390593));
#2555 = CARTESIAN_POINT('',(0.,0.353553390593));
#2556 = ( GEOMETRIC_REPRESENTATION_CONTEXT(2) 
PARAMETRIC_REPRESENTATION_CONTEXT() REPRESENTATION_CONTEXT('2D SPACE',''
  ) );
#2557 = ORIENTED_EDGE('',*,*,#2459,.F.);
#2558 = ADVANCED_FACE('',(#2559),#1353,.T.);
#2559 = FACE_BOUND('',#2560,.T.);
#2560 = EDGE_LOOP('',(#2561,#2562,#2563,#2590));
#2561 = ORIENTED_EDGE('',*,*,#1425,.F.);
#2562 = ORIENTED_EDGE('',*,*,#1338,.T.);
#2563 = ORIENTED_EDGE('',*,*,#2564,.T.);
#2564 = EDGE_CURVE('',#1311,#2565,#2567,.T.);
#2565 = VERTEX_POINT('',#2566);
#2566 = CARTESIAN_POINT('',(43.,-39.8,10.7));
#2567 = SURFACE_CURVE('',#2568,(#2573,#2579),.PCURVE_S1.);
#2568 = CIRCLE('',#2569,0.8);
#2569 = AXIS2_PLACEMENT_3D('',#2570,#2571,#2572);
#2570 = CARTESIAN_POINT('',(43.,-39.8,9.9));
#2571 = DIRECTION('',(-6.123233995737E-17,-1.,0.));
#2572 = DIRECTION('',(1.,-6.123233995737E-17,0.));
#2573 = PCURVE('',#1353,#2574);
#2574 = DEFINITIONAL_REPRESENTATION('',(#2575),#2578);
#2575 = B_SPLINE_CURVE_WITH_KNOTS('',1,(#2576,#2577),.UNSPECIFIED.,.F.,
  .F.,(2,2),(0.,1.570796326795),.PIECEWISE_BEZIER_KNOTS.);
#2576 = CARTESIAN_POINT('',(1.570796326795,0.));
#2577 = CARTESIAN_POINT('',(1.570796326795,1.570796326795));
#2578 = ( GEOMETRIC_REPRESENTATION_CONTEXT(2) 
PARAMETRIC_REPRESENTATION_CONTEXT() REPRESENTATION_CONTEXT('2D SPACE',''
  ) );
#2579 = PCURVE('',#2580,#2585);
#2580 = CYLINDRICAL_SURFACE('',#2581,0.8);
#2581 = AXIS2_PLACEMENT_3D('',#2582,#2583,#2584);
#2582 = CARTESIAN_POINT('',(43.,-39.8,9.9));
#2583 = DIRECTION('',(0.,1.,0.));
#2584 = DIRECTION('',(1.,0.,-0.));
#2585 = DEFINITIONAL_REPRESENTATION('',(#2586),#2589);
#2586 = B_SPLINE_CURVE_WITH_KNOTS('',1,(#2587,#2588),.UNSPECIFIED.,.F.,
  .F.,(2,2),(0.,1.570796326795),.PIECEWISE_BEZIER_KNOTS.);
#2587 = CARTESIAN_POINT('',(0.,0.));
#2588 = CARTESIAN_POINT('',(-1.570796326795,0.));
#2589 = ( GEOMETRIC_REPRESENTATION_CONTEXT(2) 
PARAMETRIC_REPRESENTATION_CONTEXT() REPRESENTATION_CONTEXT('2D SPACE',''
  ) );
#2590 = ORIENTED_EDGE('',*,*,#2591,.F.);
#2591 = EDGE_CURVE('',#1398,#2565,#2592,.T.);
#2592 = SURFACE_CURVE('',#2593,(#2598,#2605),.PCURVE_S1.);
#2593 = CIRCLE('',#2594,3.2);
#2594 = AXIS2_PLACEMENT_3D('',#2595,#2596,#2597);
#2595 = CARTESIAN_POINT('',(39.8,-39.8,10.7));
#2596 = DIRECTION('',(0.,0.,1.));
#2597 = DIRECTION('',(0.,-1.,0.));
#2598 = PCURVE('',#1353,#2599);
#2599 = DEFINITIONAL_REPRESENTATION('',(#2600),#2604);
#2600 = LINE('',#2601,#2602);
#2601 = CARTESIAN_POINT('',(0.,1.570796326795));
#2602 = VECTOR('',#2603,1.);
#2603 = DIRECTION('',(1.,0.));
#2604 = ( GEOMETRIC_REPRESENTATION_CONTEXT(2) 
PARAMETRIC_REPRESENTATION_CONTEXT() REPRESENTATION_CONTEXT('2D SPACE',''
  ) );
#2605 = PCURVE('',#1413,#2606);
#2606 = DEFINITIONAL_REPRESENTATION('',(#2607),#2611);
#2607 = CIRCLE('',#2608,3.2);
#2608 = AXIS2_PLACEMENT_2D('',#2609,#2610);
#2609 = CARTESIAN_POINT('',(39.8,-39.8));
#2610 = DIRECTION('',(0.,-1.));
#2611 = ( GEOMETRIC_REPRESENTATION_CONTEXT(2) 
PARAMETRIC_REPRESENTATION_CONTEXT() REPRESENTATION_CONTEXT('2D SPACE',''
  ) );
#2612 = ADVANCED_FACE('',(#2613),#1326,.F.);
#2613 = FACE_BOUND('',#2614,.F.);
#2614 = EDGE_LOOP('',(#2615,#2616,#2639,#2662));
#2615 = ORIENTED_EDGE('',*,*,#1310,.T.);
#2616 = ORIENTED_EDGE('',*,*,#2617,.T.);
#2617 = EDGE_CURVE('',#1311,#2618,#2620,.T.);
#2618 = VERTEX_POINT('',#2619);
#2619 = CARTESIAN_POINT('',(43.8,39.8,9.9));
#2620 = SURFACE_CURVE('',#2621,(#2625,#2632),.PCURVE_S1.);
#2621 = LINE('',#2622,#2623);
#2622 = CARTESIAN_POINT('',(43.8,-39.8,9.9));
#2623 = VECTOR('',#2624,1.);
#2624 = DIRECTION('',(0.,1.,0.));
#2625 = PCURVE('',#1326,#2626);
#2626 = DEFINITIONAL_REPRESENTATION('',(#2627),#2631);
#2627 = LINE('',#2628,#2629);
#2628 = CARTESIAN_POINT('',(4.,-9.9));
#2629 = VECTOR('',#2630,1.);
#2630 = DIRECTION('',(1.,0.));
#2631 = ( GEOMETRIC_REPRESENTATION_CONTEXT(2) 
PARAMETRIC_REPRESENTATION_CONTEXT() REPRESENTATION_CONTEXT('2D SPACE',''
  ) );
#2632 = PCURVE('',#2580,#2633);
#2633 = DEFINITIONAL_REPRESENTATION('',(#2634),#2638);
#2634 = LINE('',#2635,#2636);
#2635 = CARTESIAN_POINT('',(-0.,0.));
#2636 = VECTOR('',#2637,1.);
#2637 = DIRECTION('',(-0.,1.));
#2638 = ( GEOMETRIC_REPRESENTATION_CONTEXT(2) 
PARAMETRIC_REPRESENTATION_CONTEXT() REPRESENTATION_CONTEXT('2D SPACE',''
  ) );
#2639 = ORIENTED_EDGE('',*,*,#2640,.F.);
#2640 = EDGE_CURVE('',#2641,#2618,#2643,.T.);
#2641 = VERTEX_POINT('',#2642);
#2642 = CARTESIAN_POINT('',(43.8,39.8,0.5));
#2643 = SURFACE_CURVE('',#2644,(#2648,#2655),.PCURVE_S1.);
#2644 = LINE('',#2645,#2646);
#2645 = CARTESIAN_POINT('',(43.8,39.8,0.));
#2646 = VECTOR('',#2647,1.);
#2647 = DIRECTION('',(0.,0.,1.));
#2648 = PCURVE('',#1326,#2649);
#2649 = DEFINITIONAL_REPRESENTATION('',(#2650),#2654);
#2650 = LINE('',#2651,#2652);
#2651 = CARTESIAN_POINT('',(83.6,0.));
#2652 = VECTOR('',#2653,1.);
#2653 = DIRECTION('',(0.,-1.));
#2654 = ( GEOMETRIC_REPRESENTATION_CONTEXT(2) 
PARAMETRIC_REPRESENTATION_CONTEXT() REPRESENTATION_CONTEXT('2D SPACE',''
  ) );
#2655 = PCURVE('',#2136,#2656);
#2656 = DEFINITIONAL_REPRESENTATION('',(#2657),#2661);
#2657 = LINE('',#2658,#2659);
#2658 = CARTESIAN_POINT('',(0.,0.));
#2659 = VECTOR('',#2660,1.);
#2660 = DIRECTION('',(0.,1.));
#2661 = ( GEOMETRIC_REPRESENTATION_CONTEXT(2) 
PARAMETRIC_REPRESENTATION_CONTEXT() REPRESENTATION_CONTEXT('2D SPACE',''
  ) );
#2662 = ORIENTED_EDGE('',*,*,#2663,.F.);
#2663 = EDGE_CURVE('',#1287,#2641,#2664,.T.);
#2664 = SURFACE_CURVE('',#2665,(#2669,#2676),.PCURVE_S1.);
#2665 = LINE('',#2666,#2667);
#2666 = CARTESIAN_POINT('',(43.8,-39.8,0.5));
#2667 = VECTOR('',#2668,1.);
#2668 = DIRECTION('',(0.,1.,0.));
#2669 = PCURVE('',#1326,#2670);
#2670 = DEFINITIONAL_REPRESENTATION('',(#2671),#2675);
#2671 = LINE('',#2672,#2673);
#2672 = CARTESIAN_POINT('',(4.,-0.5));
#2673 = VECTOR('',#2674,1.);
#2674 = DIRECTION('',(1.,0.));
#2675 = ( GEOMETRIC_REPRESENTATION_CONTEXT(2) 
PARAMETRIC_REPRESENTATION_CONTEXT() REPRESENTATION_CONTEXT('2D SPACE',''
  ) );
#2676 = PCURVE('',#2499,#2677);
#2677 = DEFINITIONAL_REPRESENTATION('',(#2678),#2682);
#2678 = LINE('',#2679,#2680);
#2679 = CARTESIAN_POINT('',(-0.,-0.353553390593));
#2680 = VECTOR('',#2681,1.);
#2681 = DIRECTION('',(-1.,0.));
#2682 = ( GEOMETRIC_REPRESENTATION_CONTEXT(2) 
PARAMETRIC_REPRESENTATION_CONTEXT() REPRESENTATION_CONTEXT('2D SPACE',''
  ) );
#2683 = ADVANCED_FACE('',(#2684),#1413,.T.);
#2684 = FACE_BOUND('',#2685,.T.);
#2685 = EDGE_LOOP('',(#2686,#2710,#2711,#2712,#2733,#2762,#2788,#2817,
    #2843,#2872,#2898,#2927,#2946,#2947,#2948,#2949,#2972,#3001,#3024,
    #3053));
#2686 = ORIENTED_EDGE('',*,*,#2687,.T.);
#2687 = EDGE_CURVE('',#2688,#1743,#2690,.T.);
#2688 = VERTEX_POINT('',#2689);
#2689 = CARTESIAN_POINT('',(-43.,-39.8,10.7));
#2690 = SURFACE_CURVE('',#2691,(#2696,#2703),.PCURVE_S1.);
#2691 = CIRCLE('',#2692,3.2);
#2692 = AXIS2_PLACEMENT_3D('',#2693,#2694,#2695);
#2693 = CARTESIAN_POINT('',(-39.8,-39.8,10.7));
#2694 = DIRECTION('',(0.,0.,1.));
#2695 = DIRECTION('',(-1.,0.,0.));
#2696 = PCURVE('',#1413,#2697);
#2697 = DEFINITIONAL_REPRESENTATION('',(#2698),#2702);
#2698 = CIRCLE('',#2699,3.2);
#2699 = AXIS2_PLACEMENT_2D('',#2700,#2701);
#2700 = CARTESIAN_POINT('',(-39.8,-39.8));
#2701 = DIRECTION('',(-1.,0.));
#2702 = ( GEOMETRIC_REPRESENTATION_CONTEXT(2) 
PARAMETRIC_REPRESENTATION_CONTEXT() REPRESENTATION_CONTEXT('2D SPACE',''
  ) );
#2703 = PCURVE('',#1758,#2704);
#2704 = DEFINITIONAL_REPRESENTATION('',(#2705),#2709);
#2705 = LINE('',#2706,#2707);
#2706 = CARTESIAN_POINT('',(0.,1.570796326795));
#2707 = VECTOR('',#2708,1.);
#2708 = DIRECTION('',(1.,0.));
#2709 = ( GEOMETRIC_REPRESENTATION_CONTEXT(2) 
PARAMETRIC_REPRESENTATION_CONTEXT() REPRESENTATION_CONTEXT('2D SPACE',''
  ) );
#2710 = ORIENTED_EDGE('',*,*,#1769,.T.);
#2711 = ORIENTED_EDGE('',*,*,#1694,.T.);
#2712 = ORIENTED_EDGE('',*,*,#2713,.T.);
#2713 = EDGE_CURVE('',#1674,#2714,#2716,.T.);
#2714 = VERTEX_POINT('',#2715);
#2715 = CARTESIAN_POINT('',(-40.4,-41.4,10.7));
#2716 = SURFACE_CURVE('',#2717,(#2721,#2727),.PCURVE_S1.);
#2717 = LINE('',#2718,#2719);
#2718 = CARTESIAN_POINT('',(-20.7,-41.4,10.7));
#2719 = VECTOR('',#2720,1.);
#2720 = DIRECTION('',(-1.,0.,0.));
#2721 = PCURVE('',#1413,#2722);
#2722 = DEFINITIONAL_REPRESENTATION('',(#2723),#2726);
#2723 = B_SPLINE_CURVE_WITH_KNOTS('',1,(#2724,#2725),.UNSPECIFIED.,.F.,
  .F.,(2,2),(-61.1,19.7),.PIECEWISE_BEZIER_KNOTS.);
#2724 = CARTESIAN_POINT('',(40.4,-41.4));
#2725 = CARTESIAN_POINT('',(-40.4,-41.4));
#2726 = ( GEOMETRIC_REPRESENTATION_CONTEXT(2) 
PARAMETRIC_REPRESENTATION_CONTEXT() REPRESENTATION_CONTEXT('2D SPACE',''
  ) );
#2727 = PCURVE('',#1507,#2728);
#2728 = DEFINITIONAL_REPRESENTATION('',(#2729),#2732);
#2729 = B_SPLINE_CURVE_WITH_KNOTS('',1,(#2730,#2731),.UNSPECIFIED.,.F.,
  .F.,(2,2),(-61.1,19.7),.PIECEWISE_BEZIER_KNOTS.);
#2730 = CARTESIAN_POINT('',(81.8,-7.3));
#2731 = CARTESIAN_POINT('',(1.,-7.3));
#2732 = ( GEOMETRIC_REPRESENTATION_CONTEXT(2) 
PARAMETRIC_REPRESENTATION_CONTEXT() REPRESENTATION_CONTEXT('2D SPACE',''
  ) );
#2733 = ORIENTED_EDGE('',*,*,#2734,.F.);
#2734 = EDGE_CURVE('',#2735,#2714,#2737,.T.);
#2735 = VERTEX_POINT('',#2736);
#2736 = CARTESIAN_POINT('',(-41.4,-40.4,10.7));
#2737 = SURFACE_CURVE('',#2738,(#2743,#2750),.PCURVE_S1.);
#2738 = CIRCLE('',#2739,1.);
#2739 = AXIS2_PLACEMENT_3D('',#2740,#2741,#2742);
#2740 = CARTESIAN_POINT('',(-40.4,-40.4,10.7));
#2741 = DIRECTION('',(0.,0.,1.));
#2742 = DIRECTION('',(0.,-1.,0.));
#2743 = PCURVE('',#1413,#2744);
#2744 = DEFINITIONAL_REPRESENTATION('',(#2745),#2749);
#2745 = CIRCLE('',#2746,1.);
#2746 = AXIS2_PLACEMENT_2D('',#2747,#2748);
#2747 = CARTESIAN_POINT('',(-40.4,-40.4));
#2748 = DIRECTION('',(0.,-1.));
#2749 = ( GEOMETRIC_REPRESENTATION_CONTEXT(2) 
PARAMETRIC_REPRESENTATION_CONTEXT() REPRESENTATION_CONTEXT('2D SPACE',''
  ) );
#2750 = PCURVE('',#2751,#2756);
#2751 = CYLINDRICAL_SURFACE('',#2752,1.);
#2752 = AXIS2_PLACEMENT_3D('',#2753,#2754,#2755);
#2753 = CARTESIAN_POINT('',(-40.4,-40.4,3.4));
#2754 = DIRECTION('',(0.,0.,1.));
#2755 = DIRECTION('',(0.,-1.,0.));
#2756 = DEFINITIONAL_REPRESENTATION('',(#2757),#2761);
#2757 = LINE('',#2758,#2759);
#2758 = CARTESIAN_POINT('',(-6.28318530718,7.3));
#2759 = VECTOR('',#2760,1.);
#2760 = DIRECTION('',(1.,-0.));
#2761 = ( GEOMETRIC_REPRESENTATION_CONTEXT(2) 
PARAMETRIC_REPRESENTATION_CONTEXT() REPRESENTATION_CONTEXT('2D SPACE',''
  ) );
#2762 = ORIENTED_EDGE('',*,*,#2763,.T.);
#2763 = EDGE_CURVE('',#2735,#2764,#2766,.T.);
#2764 = VERTEX_POINT('',#2765);
#2765 = CARTESIAN_POINT('',(-41.4,40.4,10.7));
#2766 = SURFACE_CURVE('',#2767,(#2771,#2777),.PCURVE_S1.);
#2767 = LINE('',#2768,#2769);
#2768 = CARTESIAN_POINT('',(-41.4,20.7,10.7));
#2769 = VECTOR('',#2770,1.);
#2770 = DIRECTION('',(-0.,1.,0.));
#2771 = PCURVE('',#1413,#2772);
#2772 = DEFINITIONAL_REPRESENTATION('',(#2773),#2776);
#2773 = B_SPLINE_CURVE_WITH_KNOTS('',1,(#2774,#2775),.UNSPECIFIED.,.F.,
  .F.,(2,2),(-61.1,19.7),.PIECEWISE_BEZIER_KNOTS.);
#2774 = CARTESIAN_POINT('',(-41.4,-40.4));
#2775 = CARTESIAN_POINT('',(-41.4,40.4));
#2776 = ( GEOMETRIC_REPRESENTATION_CONTEXT(2) 
PARAMETRIC_REPRESENTATION_CONTEXT() REPRESENTATION_CONTEXT('2D SPACE',''
  ) );
#2777 = PCURVE('',#2778,#2783);
#2778 = PLANE('',#2779);
#2779 = AXIS2_PLACEMENT_3D('',#2780,#2781,#2782);
#2780 = CARTESIAN_POINT('',(-41.4,41.4,3.4));
#2781 = DIRECTION('',(1.,0.,-0.));
#2782 = DIRECTION('',(0.,-1.,0.));
#2783 = DEFINITIONAL_REPRESENTATION('',(#2784),#2787);
#2784 = B_SPLINE_CURVE_WITH_KNOTS('',1,(#2785,#2786),.UNSPECIFIED.,.F.,
  .F.,(2,2),(-61.1,19.7),.PIECEWISE_BEZIER_KNOTS.);
#2785 = CARTESIAN_POINT('',(81.8,-7.3));
#2786 = CARTESIAN_POINT('',(1.,-7.3));
#2787 = ( GEOMETRIC_REPRESENTATION_CONTEXT(2) 
PARAMETRIC_REPRESENTATION_CONTEXT() REPRESENTATION_CONTEXT('2D SPACE',''
  ) );
#2788 = ORIENTED_EDGE('',*,*,#2789,.F.);
#2789 = EDGE_CURVE('',#2790,#2764,#2792,.T.);
#2790 = VERTEX_POINT('',#2791);
#2791 = CARTESIAN_POINT('',(-40.4,41.4,10.7));
#2792 = SURFACE_CURVE('',#2793,(#2798,#2805),.PCURVE_S1.);
#2793 = CIRCLE('',#2794,1.);
#2794 = AXIS2_PLACEMENT_3D('',#2795,#2796,#2797);
#2795 = CARTESIAN_POINT('',(-40.4,40.4,10.7));
#2796 = DIRECTION('',(0.,0.,1.));
#2797 = DIRECTION('',(-0.,1.,0.));
#2798 = PCURVE('',#1413,#2799);
#2799 = DEFINITIONAL_REPRESENTATION('',(#2800),#2804);
#2800 = CIRCLE('',#2801,1.);
#2801 = AXIS2_PLACEMENT_2D('',#2802,#2803);
#2802 = CARTESIAN_POINT('',(-40.4,40.4));
#2803 = DIRECTION('',(0.,1.));
#2804 = ( GEOMETRIC_REPRESENTATION_CONTEXT(2) 
PARAMETRIC_REPRESENTATION_CONTEXT() REPRESENTATION_CONTEXT('2D SPACE',''
  ) );
#2805 = PCURVE('',#2806,#2811);
#2806 = CYLINDRICAL_SURFACE('',#2807,1.);
#2807 = AXIS2_PLACEMENT_3D('',#2808,#2809,#2810);
#2808 = CARTESIAN_POINT('',(-40.4,40.4,3.4));
#2809 = DIRECTION('',(0.,0.,1.));
#2810 = DIRECTION('',(-0.,1.,0.));
#2811 = DEFINITIONAL_REPRESENTATION('',(#2812),#2816);
#2812 = LINE('',#2813,#2814);
#2813 = CARTESIAN_POINT('',(0.,7.3));
#2814 = VECTOR('',#2815,1.);
#2815 = DIRECTION('',(1.,0.));
#2816 = ( GEOMETRIC_REPRESENTATION_CONTEXT(2) 
PARAMETRIC_REPRESENTATION_CONTEXT() REPRESENTATION_CONTEXT('2D SPACE',''
  ) );
#2817 = ORIENTED_EDGE('',*,*,#2818,.T.);
#2818 = EDGE_CURVE('',#2790,#2819,#2821,.T.);
#2819 = VERTEX_POINT('',#2820);
#2820 = CARTESIAN_POINT('',(40.4,41.4,10.7));
#2821 = SURFACE_CURVE('',#2822,(#2826,#2832),.PCURVE_S1.);
#2822 = LINE('',#2823,#2824);
#2823 = CARTESIAN_POINT('',(20.7,41.4,10.7));
#2824 = VECTOR('',#2825,1.);
#2825 = DIRECTION('',(1.,0.,-0.));
#2826 = PCURVE('',#1413,#2827);
#2827 = DEFINITIONAL_REPRESENTATION('',(#2828),#2831);
#2828 = B_SPLINE_CURVE_WITH_KNOTS('',1,(#2829,#2830),.UNSPECIFIED.,.F.,
  .F.,(2,2),(-61.1,19.7),.PIECEWISE_BEZIER_KNOTS.);
#2829 = CARTESIAN_POINT('',(-40.4,41.4));
#2830 = CARTESIAN_POINT('',(40.4,41.4));
#2831 = ( GEOMETRIC_REPRESENTATION_CONTEXT(2) 
PARAMETRIC_REPRESENTATION_CONTEXT() REPRESENTATION_CONTEXT('2D SPACE',''
  ) );
#2832 = PCURVE('',#2833,#2838);
#2833 = PLANE('',#2834);
#2834 = AXIS2_PLACEMENT_3D('',#2835,#2836,#2837);
#2835 = CARTESIAN_POINT('',(41.4,41.4,3.4));
#2836 = DIRECTION('',(0.,-1.,0.));
#2837 = DIRECTION('',(-1.,0.,0.));
#2838 = DEFINITIONAL_REPRESENTATION('',(#2839),#2842);
#2839 = B_SPLINE_CURVE_WITH_KNOTS('',1,(#2840,#2841),.UNSPECIFIED.,.F.,
  .F.,(2,2),(-61.1,19.7),.PIECEWISE_BEZIER_KNOTS.);
#2840 = CARTESIAN_POINT('',(81.8,-7.3));
#2841 = CARTESIAN_POINT('',(1.,-7.3));
#2842 = ( GEOMETRIC_REPRESENTATION_CONTEXT(2) 
PARAMETRIC_REPRESENTATION_CONTEXT() REPRESENTATION_CONTEXT('2D SPACE',''
  ) );
#2843 = ORIENTED_EDGE('',*,*,#2844,.F.);
#2844 = EDGE_CURVE('',#2845,#2819,#2847,.T.);
#2845 = VERTEX_POINT('',#2846);
#2846 = CARTESIAN_POINT('',(41.4,40.4,10.7));
#2847 = SURFACE_CURVE('',#2848,(#2853,#2860),.PCURVE_S1.);
#2848 = CIRCLE('',#2849,1.);
#2849 = AXIS2_PLACEMENT_3D('',#2850,#2851,#2852);
#2850 = CARTESIAN_POINT('',(40.4,40.4,10.7));
#2851 = DIRECTION('',(0.,0.,1.));
#2852 = DIRECTION('',(1.,0.,-0.));
#2853 = PCURVE('',#1413,#2854);
#2854 = DEFINITIONAL_REPRESENTATION('',(#2855),#2859);
#2855 = CIRCLE('',#2856,1.);
#2856 = AXIS2_PLACEMENT_2D('',#2857,#2858);
#2857 = CARTESIAN_POINT('',(40.4,40.4));
#2858 = DIRECTION('',(1.,0.));
#2859 = ( GEOMETRIC_REPRESENTATION_CONTEXT(2) 
PARAMETRIC_REPRESENTATION_CONTEXT() REPRESENTATION_CONTEXT('2D SPACE',''
  ) );
#2860 = PCURVE('',#2861,#2866);
#2861 = CYLINDRICAL_SURFACE('',#2862,1.);
#2862 = AXIS2_PLACEMENT_3D('',#2863,#2864,#2865);
#2863 = CARTESIAN_POINT('',(40.4,40.4,3.4));
#2864 = DIRECTION('',(0.,0.,1.));
#2865 = DIRECTION('',(1.,0.,-0.));
#2866 = DEFINITIONAL_REPRESENTATION('',(#2867),#2871);
#2867 = LINE('',#2868,#2869);
#2868 = CARTESIAN_POINT('',(0.,7.3));
#2869 = VECTOR('',#2870,1.);
#2870 = DIRECTION('',(1.,0.));
#2871 = ( GEOMETRIC_REPRESENTATION_CONTEXT(2) 
PARAMETRIC_REPRESENTATION_CONTEXT() REPRESENTATION_CONTEXT('2D SPACE',''
  ) );
#2872 = ORIENTED_EDGE('',*,*,#2873,.T.);
#2873 = EDGE_CURVE('',#2845,#2874,#2876,.T.);
#2874 = VERTEX_POINT('',#2875);
#2875 = CARTESIAN_POINT('',(41.4,-40.4,10.7));
#2876 = SURFACE_CURVE('',#2877,(#2881,#2887),.PCURVE_S1.);
#2877 = LINE('',#2878,#2879);
#2878 = CARTESIAN_POINT('',(41.4,-20.7,10.7));
#2879 = VECTOR('',#2880,1.);
#2880 = DIRECTION('',(0.,-1.,0.));
#2881 = PCURVE('',#1413,#2882);
#2882 = DEFINITIONAL_REPRESENTATION('',(#2883),#2886);
#2883 = B_SPLINE_CURVE_WITH_KNOTS('',1,(#2884,#2885),.UNSPECIFIED.,.F.,
  .F.,(2,2),(-61.1,19.7),.PIECEWISE_BEZIER_KNOTS.);
#2884 = CARTESIAN_POINT('',(41.4,40.4));
#2885 = CARTESIAN_POINT('',(41.4,-40.4));
#2886 = ( GEOMETRIC_REPRESENTATION_CONTEXT(2) 
PARAMETRIC_REPRESENTATION_CONTEXT() REPRESENTATION_CONTEXT('2D SPACE',''
  ) );
#2887 = PCURVE('',#2888,#2893);
#2888 = PLANE('',#2889);
#2889 = AXIS2_PLACEMENT_3D('',#2890,#2891,#2892);
#2890 = CARTESIAN_POINT('',(41.4,-41.4,3.4));
#2891 = DIRECTION('',(-1.,0.,0.));
#2892 = DIRECTION('',(0.,1.,0.));
#2893 = DEFINITIONAL_REPRESENTATION('',(#2894),#2897);
#2894 = B_SPLINE_CURVE_WITH_KNOTS('',1,(#2895,#2896),.UNSPECIFIED.,.F.,
  .F.,(2,2),(-61.1,19.7),.PIECEWISE_BEZIER_KNOTS.);
#2895 = CARTESIAN_POINT('',(81.8,-7.3));
#2896 = CARTESIAN_POINT('',(1.,-7.3));
#2897 = ( GEOMETRIC_REPRESENTATION_CONTEXT(2) 
PARAMETRIC_REPRESENTATION_CONTEXT() REPRESENTATION_CONTEXT('2D SPACE',''
  ) );
#2898 = ORIENTED_EDGE('',*,*,#2899,.F.);
#2899 = EDGE_CURVE('',#2900,#2874,#2902,.T.);
#2900 = VERTEX_POINT('',#2901);
#2901 = CARTESIAN_POINT('',(40.4,-41.4,10.7));
#2902 = SURFACE_CURVE('',#2903,(#2908,#2915),.PCURVE_S1.);
#2903 = CIRCLE('',#2904,1.);
#2904 = AXIS2_PLACEMENT_3D('',#2905,#2906,#2907);
#2905 = CARTESIAN_POINT('',(40.4,-40.4,10.7));
#2906 = DIRECTION('',(0.,0.,1.));
#2907 = DIRECTION('',(0.,-1.,0.));
#2908 = PCURVE('',#1413,#2909);
#2909 = DEFINITIONAL_REPRESENTATION('',(#2910),#2914);
#2910 = CIRCLE('',#2911,1.);
#2911 = AXIS2_PLACEMENT_2D('',#2912,#2913);
#2912 = CARTESIAN_POINT('',(40.4,-40.4));
#2913 = DIRECTION('',(0.,-1.));
#2914 = ( GEOMETRIC_REPRESENTATION_CONTEXT(2) 
PARAMETRIC_REPRESENTATION_CONTEXT() REPRESENTATION_CONTEXT('2D SPACE',''
  ) );
#2915 = PCURVE('',#2916,#2921);
#2916 = CYLINDRICAL_SURFACE('',#2917,1.);
#2917 = AXIS2_PLACEMENT_3D('',#2918,#2919,#2920);
#2918 = CARTESIAN_POINT('',(40.4,-40.4,3.4));
#2919 = DIRECTION('',(0.,0.,1.));
#2920 = DIRECTION('',(0.,-1.,0.));
#2921 = DEFINITIONAL_REPRESENTATION('',(#2922),#2926);
#2922 = LINE('',#2923,#2924);
#2923 = CARTESIAN_POINT('',(0.,7.3));
#2924 = VECTOR('',#2925,1.);
#2925 = DIRECTION('',(1.,0.));
#2926 = ( GEOMETRIC_REPRESENTATION_CONTEXT(2) 
PARAMETRIC_REPRESENTATION_CONTEXT() REPRESENTATION_CONTEXT('2D SPACE',''
  ) );
#2927 = ORIENTED_EDGE('',*,*,#2928,.T.);
#2928 = EDGE_CURVE('',#2900,#1474,#2929,.T.);
#2929 = SURFACE_CURVE('',#2930,(#2934,#2940),.PCURVE_S1.);
#2930 = LINE('',#2931,#2932);
#2931 = CARTESIAN_POINT('',(-20.7,-41.4,10.7));
#2932 = VECTOR('',#2933,1.);
#2933 = DIRECTION('',(-1.,0.,0.));
#2934 = PCURVE('',#1413,#2935);
#2935 = DEFINITIONAL_REPRESENTATION('',(#2936),#2939);
#2936 = B_SPLINE_CURVE_WITH_KNOTS('',1,(#2937,#2938),.UNSPECIFIED.,.F.,
  .F.,(2,2),(-61.1,19.7),.PIECEWISE_BEZIER_KNOTS.);
#2937 = CARTESIAN_POINT('',(40.4,-41.4));
#2938 = CARTESIAN_POINT('',(-40.4,-41.4));
#2939 = ( GEOMETRIC_REPRESENTATION_CONTEXT(2) 
PARAMETRIC_REPRESENTATION_CONTEXT() REPRESENTATION_CONTEXT('2D SPACE',''
  ) );
#2940 = PCURVE('',#1507,#2941);
#2941 = DEFINITIONAL_REPRESENTATION('',(#2942),#2945);
#2942 = B_SPLINE_CURVE_WITH_KNOTS('',1,(#2943,#2944),.UNSPECIFIED.,.F.,
  .F.,(2,2),(-61.1,19.7),.PIECEWISE_BEZIER_KNOTS.);
#2943 = CARTESIAN_POINT('',(81.8,-7.3));
#2944 = CARTESIAN_POINT('',(1.,-7.3));
#2945 = ( GEOMETRIC_REPRESENTATION_CONTEXT(2) 
PARAMETRIC_REPRESENTATION_CONTEXT() REPRESENTATION_CONTEXT('2D SPACE',''
  ) );
#2946 = ORIENTED_EDGE('',*,*,#1473,.T.);
#2947 = ORIENTED_EDGE('',*,*,#1397,.T.);
#2948 = ORIENTED_EDGE('',*,*,#2591,.T.);
#2949 = ORIENTED_EDGE('',*,*,#2950,.T.);
#2950 = EDGE_CURVE('',#2565,#2951,#2953,.T.);
#2951 = VERTEX_POINT('',#2952);
#2952 = CARTESIAN_POINT('',(43.,39.8,10.7));
#2953 = SURFACE_CURVE('',#2954,(#2958,#2965),.PCURVE_S1.);
#2954 = LINE('',#2955,#2956);
#2955 = CARTESIAN_POINT('',(43.,-39.8,10.7));
#2956 = VECTOR('',#2957,1.);
#2957 = DIRECTION('',(0.,1.,0.));
#2958 = PCURVE('',#1413,#2959);
#2959 = DEFINITIONAL_REPRESENTATION('',(#2960),#2964);
#2960 = LINE('',#2961,#2962);
#2961 = CARTESIAN_POINT('',(43.,-39.8));
#2962 = VECTOR('',#2963,1.);
#2963 = DIRECTION('',(0.,1.));
#2964 = ( GEOMETRIC_REPRESENTATION_CONTEXT(2) 
PARAMETRIC_REPRESENTATION_CONTEXT() REPRESENTATION_CONTEXT('2D SPACE',''
  ) );
#2965 = PCURVE('',#2580,#2966);
#2966 = DEFINITIONAL_REPRESENTATION('',(#2967),#2971);
#2967 = LINE('',#2968,#2969);
#2968 = CARTESIAN_POINT('',(-1.570796326795,0.));
#2969 = VECTOR('',#2970,1.);
#2970 = DIRECTION('',(-0.,1.));
#2971 = ( GEOMETRIC_REPRESENTATION_CONTEXT(2) 
PARAMETRIC_REPRESENTATION_CONTEXT() REPRESENTATION_CONTEXT('2D SPACE',''
  ) );
#2972 = ORIENTED_EDGE('',*,*,#2973,.T.);
#2973 = EDGE_CURVE('',#2951,#2974,#2976,.T.);
#2974 = VERTEX_POINT('',#2975);
#2975 = CARTESIAN_POINT('',(39.8,43.,10.7));
#2976 = SURFACE_CURVE('',#2977,(#2982,#2989),.PCURVE_S1.);
#2977 = CIRCLE('',#2978,3.2);
#2978 = AXIS2_PLACEMENT_3D('',#2979,#2980,#2981);
#2979 = CARTESIAN_POINT('',(39.8,39.8,10.7));
#2980 = DIRECTION('',(0.,0.,1.));
#2981 = DIRECTION('',(1.,0.,-0.));
#2982 = PCURVE('',#1413,#2983);
#2983 = DEFINITIONAL_REPRESENTATION('',(#2984),#2988);
#2984 = CIRCLE('',#2985,3.2);
#2985 = AXIS2_PLACEMENT_2D('',#2986,#2987);
#2986 = CARTESIAN_POINT('',(39.8,39.8));
#2987 = DIRECTION('',(1.,0.));
#2988 = ( GEOMETRIC_REPRESENTATION_CONTEXT(2) 
PARAMETRIC_REPRESENTATION_CONTEXT() REPRESENTATION_CONTEXT('2D SPACE',''
  ) );
#2989 = PCURVE('',#2990,#2995);
#2990 = TOROIDAL_SURFACE('',#2991,3.2,0.8);
#2991 = AXIS2_PLACEMENT_3D('',#2992,#2993,#2994);
#2992 = CARTESIAN_POINT('',(39.8,39.8,9.9));
#2993 = DIRECTION('',(0.,0.,1.));
#2994 = DIRECTION('',(1.,0.,-0.));
#2995 = DEFINITIONAL_REPRESENTATION('',(#2996),#3000);
#2996 = LINE('',#2997,#2998);
#2997 = CARTESIAN_POINT('',(0.,1.570796326795));
#2998 = VECTOR('',#2999,1.);
#2999 = DIRECTION('',(1.,0.));
#3000 = ( GEOMETRIC_REPRESENTATION_CONTEXT(2) 
PARAMETRIC_REPRESENTATION_CONTEXT() REPRESENTATION_CONTEXT('2D SPACE',''
  ) );
#3001 = ORIENTED_EDGE('',*,*,#3002,.T.);
#3002 = EDGE_CURVE('',#2974,#3003,#3005,.T.);
#3003 = VERTEX_POINT('',#3004);
#3004 = CARTESIAN_POINT('',(-39.8,43.,10.7));
#3005 = SURFACE_CURVE('',#3006,(#3010,#3017),.PCURVE_S1.);
#3006 = LINE('',#3007,#3008);
#3007 = CARTESIAN_POINT('',(39.8,43.,10.7));
#3008 = VECTOR('',#3009,1.);
#3009 = DIRECTION('',(-1.,0.,0.));
#3010 = PCURVE('',#1413,#3011);
#3011 = DEFINITIONAL_REPRESENTATION('',(#3012),#3016);
#3012 = LINE('',#3013,#3014);
#3013 = CARTESIAN_POINT('',(39.8,43.));
#3014 = VECTOR('',#3015,1.);
#3015 = DIRECTION('',(-1.,0.));
#3016 = ( GEOMETRIC_REPRESENTATION_CONTEXT(2) 
PARAMETRIC_REPRESENTATION_CONTEXT() REPRESENTATION_CONTEXT('2D SPACE',''
  ) );
#3017 = PCURVE('',#2164,#3018);
#3018 = DEFINITIONAL_REPRESENTATION('',(#3019),#3023);
#3019 = LINE('',#3020,#3021);
#3020 = CARTESIAN_POINT('',(-1.570796326795,0.));
#3021 = VECTOR('',#3022,1.);
#3022 = DIRECTION('',(-0.,1.));
#3023 = ( GEOMETRIC_REPRESENTATION_CONTEXT(2) 
PARAMETRIC_REPRESENTATION_CONTEXT() REPRESENTATION_CONTEXT('2D SPACE',''
  ) );
#3024 = ORIENTED_EDGE('',*,*,#3025,.T.);
#3025 = EDGE_CURVE('',#3003,#3026,#3028,.T.);
#3026 = VERTEX_POINT('',#3027);
#3027 = CARTESIAN_POINT('',(-43.,39.8,10.7));
#3028 = SURFACE_CURVE('',#3029,(#3034,#3041),.PCURVE_S1.);
#3029 = CIRCLE('',#3030,3.2);
#3030 = AXIS2_PLACEMENT_3D('',#3031,#3032,#3033);
#3031 = CARTESIAN_POINT('',(-39.8,39.8,10.7));
#3032 = DIRECTION('',(0.,0.,1.));
#3033 = DIRECTION('',(0.,1.,-0.));
#3034 = PCURVE('',#1413,#3035);
#3035 = DEFINITIONAL_REPRESENTATION('',(#3036),#3040);
#3036 = CIRCLE('',#3037,3.2);
#3037 = AXIS2_PLACEMENT_2D('',#3038,#3039);
#3038 = CARTESIAN_POINT('',(-39.8,39.8));
#3039 = DIRECTION('',(0.,1.));
#3040 = ( GEOMETRIC_REPRESENTATION_CONTEXT(2) 
PARAMETRIC_REPRESENTATION_CONTEXT() REPRESENTATION_CONTEXT('2D SPACE',''
  ) );
#3041 = PCURVE('',#3042,#3047);
#3042 = TOROIDAL_SURFACE('',#3043,3.2,0.8);
#3043 = AXIS2_PLACEMENT_3D('',#3044,#3045,#3046);
#3044 = CARTESIAN_POINT('',(-39.8,39.8,9.9));
#3045 = DIRECTION('',(0.,0.,1.));
#3046 = DIRECTION('',(0.,1.,-0.));
#3047 = DEFINITIONAL_REPRESENTATION('',(#3048),#3052);
#3048 = LINE('',#3049,#3050);
#3049 = CARTESIAN_POINT('',(0.,1.570796326795));
#3050 = VECTOR('',#3051,1.);
#3051 = DIRECTION('',(1.,0.));
#3052 = ( GEOMETRIC_REPRESENTATION_CONTEXT(2) 
PARAMETRIC_REPRESENTATION_CONTEXT() REPRESENTATION_CONTEXT('2D SPACE',''
  ) );
#3053 = ORIENTED_EDGE('',*,*,#3054,.T.);
#3054 = EDGE_CURVE('',#3026,#2688,#3055,.T.);
#3055 = SURFACE_CURVE('',#3056,(#3060,#3067),.PCURVE_S1.);
#3056 = LINE('',#3057,#3058);
#3057 = CARTESIAN_POINT('',(-43.,39.8,10.7));
#3058 = VECTOR('',#3059,1.);
#3059 = DIRECTION('',(0.,-1.,0.));
#3060 = PCURVE('',#1413,#3061);
#3061 = DEFINITIONAL_REPRESENTATION('',(#3062),#3066);
#3062 = LINE('',#3063,#3064);
#3063 = CARTESIAN_POINT('',(-43.,39.8));
#3064 = VECTOR('',#3065,1.);
#3065 = DIRECTION('',(0.,-1.));
#3066 = ( GEOMETRIC_REPRESENTATION_CONTEXT(2) 
PARAMETRIC_REPRESENTATION_CONTEXT() REPRESENTATION_CONTEXT('2D SPACE',''
  ) );
#3067 = PCURVE('',#3068,#3073);
#3068 = CYLINDRICAL_SURFACE('',#3069,0.8);
#3069 = AXIS2_PLACEMENT_3D('',#3070,#3071,#3072);
#3070 = CARTESIAN_POINT('',(-43.,39.8,9.9));
#3071 = DIRECTION('',(0.,-1.,0.));
#3072 = DIRECTION('',(-1.,-0.,0.));
#3073 = DEFINITIONAL_REPRESENTATION('',(#3074),#3078);
#3074 = LINE('',#3075,#3076);
#3075 = CARTESIAN_POINT('',(-1.570796326795,0.));
#3076 = VECTOR('',#3077,1.);
#3077 = DIRECTION('',(-0.,1.));
#3078 = ( GEOMETRIC_REPRESENTATION_CONTEXT(2) 
PARAMETRIC_REPRESENTATION_CONTEXT() REPRESENTATION_CONTEXT('2D SPACE',''
  ) );
#3079 = ADVANCED_FACE('',(#3080),#1507,.T.);
#3080 = FACE_BOUND('',#3081,.T.);
#3081 = EDGE_LOOP('',(#3082,#3112,#3133,#3134,#3135,#3136,#3137,#3138,
    #3139,#3140,#3163,#3191,#3229,#3257));
#3082 = ORIENTED_EDGE('',*,*,#3083,.F.);
#3083 = EDGE_CURVE('',#3084,#3086,#3088,.T.);
#3084 = VERTEX_POINT('',#3085);
#3085 = CARTESIAN_POINT('',(-40.4,-41.4,3.4));
#3086 = VERTEX_POINT('',#3087);
#3087 = CARTESIAN_POINT('',(-40.34190439552,-41.4,3.4));
#3088 = SURFACE_CURVE('',#3089,(#3093,#3100),.PCURVE_S1.);
#3089 = LINE('',#3090,#3091);
#3090 = CARTESIAN_POINT('',(-41.4,-41.4,3.4));
#3091 = VECTOR('',#3092,1.);
#3092 = DIRECTION('',(1.,0.,0.));
#3093 = PCURVE('',#1507,#3094);
#3094 = DEFINITIONAL_REPRESENTATION('',(#3095),#3099);
#3095 = LINE('',#3096,#3097);
#3096 = CARTESIAN_POINT('',(0.,0.));
#3097 = VECTOR('',#3098,1.);
#3098 = DIRECTION('',(1.,0.));
#3099 = ( GEOMETRIC_REPRESENTATION_CONTEXT(2) 
PARAMETRIC_REPRESENTATION_CONTEXT() REPRESENTATION_CONTEXT('2D SPACE',''
  ) );
#3100 = PCURVE('',#3101,#3106);
#3101 = PLANE('',#3102);
#3102 = AXIS2_PLACEMENT_3D('',#3103,#3104,#3105);
#3103 = CARTESIAN_POINT('',(-1.373029441082E-15,1.373029441082E-15,3.4)
  );
#3104 = DIRECTION('',(0.,0.,1.));
#3105 = DIRECTION('',(1.,0.,-0.));
#3106 = DEFINITIONAL_REPRESENTATION('',(#3107),#3111);
#3107 = LINE('',#3108,#3109);
#3108 = CARTESIAN_POINT('',(-41.4,-41.4));
#3109 = VECTOR('',#3110,1.);
#3110 = DIRECTION('',(1.,0.));
#3111 = ( GEOMETRIC_REPRESENTATION_CONTEXT(2) 
PARAMETRIC_REPRESENTATION_CONTEXT() REPRESENTATION_CONTEXT('2D SPACE',''
  ) );
#3112 = ORIENTED_EDGE('',*,*,#3113,.T.);
#3113 = EDGE_CURVE('',#3084,#2714,#3114,.T.);
#3114 = SURFACE_CURVE('',#3115,(#3119,#3126),.PCURVE_S1.);
#3115 = LINE('',#3116,#3117);
#3116 = CARTESIAN_POINT('',(-40.4,-41.4,3.4));
#3117 = VECTOR('',#3118,1.);
#3118 = DIRECTION('',(0.,0.,1.));
#3119 = PCURVE('',#1507,#3120);
#3120 = DEFINITIONAL_REPRESENTATION('',(#3121),#3125);
#3121 = LINE('',#3122,#3123);
#3122 = CARTESIAN_POINT('',(1.,0.));
#3123 = VECTOR('',#3124,1.);
#3124 = DIRECTION('',(0.,-1.));
#3125 = ( GEOMETRIC_REPRESENTATION_CONTEXT(2) 
PARAMETRIC_REPRESENTATION_CONTEXT() REPRESENTATION_CONTEXT('2D SPACE',''
  ) );
#3126 = PCURVE('',#2751,#3127);
#3127 = DEFINITIONAL_REPRESENTATION('',(#3128),#3132);
#3128 = LINE('',#3129,#3130);
#3129 = CARTESIAN_POINT('',(-0.,0.));
#3130 = VECTOR('',#3131,1.);
#3131 = DIRECTION('',(-0.,1.));
#3132 = ( GEOMETRIC_REPRESENTATION_CONTEXT(2) 
PARAMETRIC_REPRESENTATION_CONTEXT() REPRESENTATION_CONTEXT('2D SPACE',''
  ) );
#3133 = ORIENTED_EDGE('',*,*,#2713,.F.);
#3134 = ORIENTED_EDGE('',*,*,#1673,.T.);
#3135 = ORIENTED_EDGE('',*,*,#1641,.T.);
#3136 = ORIENTED_EDGE('',*,*,#1596,.T.);
#3137 = ORIENTED_EDGE('',*,*,#1546,.F.);
#3138 = ORIENTED_EDGE('',*,*,#1494,.T.);
#3139 = ORIENTED_EDGE('',*,*,#2928,.F.);
#3140 = ORIENTED_EDGE('',*,*,#3141,.F.);
#3141 = EDGE_CURVE('',#3142,#2900,#3144,.T.);
#3142 = VERTEX_POINT('',#3143);
#3143 = CARTESIAN_POINT('',(40.4,-41.4,3.4));
#3144 = SURFACE_CURVE('',#3145,(#3149,#3156),.PCURVE_S1.);
#3145 = LINE('',#3146,#3147);
#3146 = CARTESIAN_POINT('',(40.4,-41.4,3.4));
#3147 = VECTOR('',#3148,1.);
#3148 = DIRECTION('',(0.,0.,1.));
#3149 = PCURVE('',#1507,#3150);
#3150 = DEFINITIONAL_REPRESENTATION('',(#3151),#3155);
#3151 = LINE('',#3152,#3153);
#3152 = CARTESIAN_POINT('',(81.8,0.));
#3153 = VECTOR('',#3154,1.);
#3154 = DIRECTION('',(0.,-1.));
#3155 = ( GEOMETRIC_REPRESENTATION_CONTEXT(2) 
PARAMETRIC_REPRESENTATION_CONTEXT() REPRESENTATION_CONTEXT('2D SPACE',''
  ) );
#3156 = PCURVE('',#2916,#3157);
#3157 = DEFINITIONAL_REPRESENTATION('',(#3158),#3162);
#3158 = LINE('',#3159,#3160);
#3159 = CARTESIAN_POINT('',(0.,0.));
#3160 = VECTOR('',#3161,1.);
#3161 = DIRECTION('',(0.,1.));
#3162 = ( GEOMETRIC_REPRESENTATION_CONTEXT(2) 
PARAMETRIC_REPRESENTATION_CONTEXT() REPRESENTATION_CONTEXT('2D SPACE',''
  ) );
#3163 = ORIENTED_EDGE('',*,*,#3164,.F.);
#3164 = EDGE_CURVE('',#3165,#3142,#3167,.T.);
#3165 = VERTEX_POINT('',#3166);
#3166 = CARTESIAN_POINT('',(40.341904395521,-41.4,3.4));
#3167 = SURFACE_CURVE('',#3168,(#3172,#3179),.PCURVE_S1.);
#3168 = LINE('',#3169,#3170);
#3169 = CARTESIAN_POINT('',(-41.4,-41.4,3.4));
#3170 = VECTOR('',#3171,1.);
#3171 = DIRECTION('',(1.,0.,0.));
#3172 = PCURVE('',#1507,#3173);
#3173 = DEFINITIONAL_REPRESENTATION('',(#3174),#3178);
#3174 = LINE('',#3175,#3176);
#3175 = CARTESIAN_POINT('',(0.,0.));
#3176 = VECTOR('',#3177,1.);
#3177 = DIRECTION('',(1.,0.));
#3178 = ( GEOMETRIC_REPRESENTATION_CONTEXT(2) 
PARAMETRIC_REPRESENTATION_CONTEXT() REPRESENTATION_CONTEXT('2D SPACE',''
  ) );
#3179 = PCURVE('',#3180,#3185);
#3180 = PLANE('',#3181);
#3181 = AXIS2_PLACEMENT_3D('',#3182,#3183,#3184);
#3182 = CARTESIAN_POINT('',(-1.373029441082E-15,1.373029441082E-15,3.4)
  );
#3183 = DIRECTION('',(0.,0.,1.));
#3184 = DIRECTION('',(1.,0.,-0.));
#3185 = DEFINITIONAL_REPRESENTATION('',(#3186),#3190);
#3186 = LINE('',#3187,#3188);
#3187 = CARTESIAN_POINT('',(-41.4,-41.4));
#3188 = VECTOR('',#3189,1.);
#3189 = DIRECTION('',(1.,0.));
#3190 = ( GEOMETRIC_REPRESENTATION_CONTEXT(2) 
PARAMETRIC_REPRESENTATION_CONTEXT() REPRESENTATION_CONTEXT('2D SPACE',''
  ) );
#3191 = ORIENTED_EDGE('',*,*,#3192,.T.);
#3192 = EDGE_CURVE('',#3165,#3193,#3195,.T.);
#3193 = VERTEX_POINT('',#3194);
#3194 = CARTESIAN_POINT('',(36.158095604479,-41.4,3.4));
#3195 = SURFACE_CURVE('',#3196,(#3201,#3208),.PCURVE_S1.);
#3196 = HYPERBOLA('',#3197,4.25,3.4);
#3197 = AXIS2_PLACEMENT_3D('',#3198,#3199,#3200);
#3198 = CARTESIAN_POINT('',(38.25,-41.4,8.39));
#3199 = DIRECTION('',(0.,1.,0.));
#3200 = DIRECTION('',(0.,0.,-1.));
#3201 = PCURVE('',#1507,#3202);
#3202 = DEFINITIONAL_REPRESENTATION('',(#3203),#3207);
#3203 = ( BOUNDED_CURVE() B_SPLINE_CURVE(2,(#3204,#3205,#3206),
.UNSPECIFIED.,.F.,.F.) B_SPLINE_CURVE_WITH_KNOTS((3,3),(-0.585681632341,
0.585681632341),.PIECEWISE_BEZIER_KNOTS.) CURVE() 
GEOMETRIC_REPRESENTATION_ITEM() RATIONAL_B_SPLINE_CURVE((1.,
1.176470588235,1.)) REPRESENTATION_ITEM('') );
#3204 = CARTESIAN_POINT('',(81.757130750571,9.999999999999E-03));
#3205 = CARTESIAN_POINT('',(79.65,-1.3775));
#3206 = CARTESIAN_POINT('',(77.542869249429,1.E-02));
#3207 = ( GEOMETRIC_REPRESENTATION_CONTEXT(2) 
PARAMETRIC_REPRESENTATION_CONTEXT() REPRESENTATION_CONTEXT('2D SPACE',''
  ) );
#3208 = PCURVE('',#3209,#3214);
#3209 = CONICAL_SURFACE('',#3210,4.,0.674740942224);
#3210 = AXIS2_PLACEMENT_3D('',#3211,#3212,#3213);
#3211 = CARTESIAN_POINT('',(38.25,-38.,3.39));
#3212 = DIRECTION('',(-0.,-0.,-1.));
#3213 = DIRECTION('',(1.,0.,-0.));
#3214 = DEFINITIONAL_REPRESENTATION('',(#3215),#3228);
#3215 = B_SPLINE_CURVE_WITH_KNOTS('',6,(#3216,#3217,#3218,#3219,#3220,
    #3221,#3222,#3223,#3224,#3225,#3226,#3227),.UNSPECIFIED.,.F.,.F.,(7,
    5,7),(-0.585681632341,8.881784197001E-16,0.585681632341),
  .UNSPECIFIED.);
#3216 = CARTESIAN_POINT('',(-5.267200013365,-1.462244959262E-15));
#3217 = CARTESIAN_POINT('',(-5.184228448783,-0.257105786989));
#3218 = CARTESIAN_POINT('',(-5.096137350281,-0.457041115907));
#3219 = CARTESIAN_POINT('',(-5.003558529319,-0.604215361181));
#3220 = CARTESIAN_POINT('',(-4.907615619774,-0.701405047385));
#3221 = CARTESIAN_POINT('',(-4.810002585775,-0.75));
#3222 = CARTESIAN_POINT('',(-4.614775374995,-0.75));
#3223 = CARTESIAN_POINT('',(-4.517162340995,-0.701405047385));
#3224 = CARTESIAN_POINT('',(-4.421219431451,-0.604215361181));
#3225 = CARTESIAN_POINT('',(-4.328640610489,-0.457041115907));
#3226 = CARTESIAN_POINT('',(-4.240549511986,-0.257105786989));
#3227 = CARTESIAN_POINT('',(-4.157577947405,3.195276022092E-15));
#3228 = ( GEOMETRIC_REPRESENTATION_CONTEXT(2) 
PARAMETRIC_REPRESENTATION_CONTEXT() REPRESENTATION_CONTEXT('2D SPACE',''
  ) );
#3229 = ORIENTED_EDGE('',*,*,#3230,.F.);
#3230 = EDGE_CURVE('',#3231,#3193,#3233,.T.);
#3231 = VERTEX_POINT('',#3232);
#3232 = CARTESIAN_POINT('',(-36.15809560447,-41.4,3.4));
#3233 = SURFACE_CURVE('',#3234,(#3238,#3245),.PCURVE_S1.);
#3234 = LINE('',#3235,#3236);
#3235 = CARTESIAN_POINT('',(-41.4,-41.4,3.4));
#3236 = VECTOR('',#3237,1.);
#3237 = DIRECTION('',(1.,0.,0.));
#3238 = PCURVE('',#1507,#3239);
#3239 = DEFINITIONAL_REPRESENTATION('',(#3240),#3244);
#3240 = LINE('',#3241,#3242);
#3241 = CARTESIAN_POINT('',(0.,0.));
#3242 = VECTOR('',#3243,1.);
#3243 = DIRECTION('',(1.,0.));
#3244 = ( GEOMETRIC_REPRESENTATION_CONTEXT(2) 
PARAMETRIC_REPRESENTATION_CONTEXT() REPRESENTATION_CONTEXT('2D SPACE',''
  ) );
#3245 = PCURVE('',#3246,#3251);
#3246 = PLANE('',#3247);
#3247 = AXIS2_PLACEMENT_3D('',#3248,#3249,#3250);
#3248 = CARTESIAN_POINT('',(-1.373029441082E-15,1.373029441082E-15,3.4)
  );
#3249 = DIRECTION('',(0.,0.,1.));
#3250 = DIRECTION('',(1.,0.,-0.));
#3251 = DEFINITIONAL_REPRESENTATION('',(#3252),#3256);
#3252 = LINE('',#3253,#3254);
#3253 = CARTESIAN_POINT('',(-41.4,-41.4));
#3254 = VECTOR('',#3255,1.);
#3255 = DIRECTION('',(1.,0.));
#3256 = ( GEOMETRIC_REPRESENTATION_CONTEXT(2) 
PARAMETRIC_REPRESENTATION_CONTEXT() REPRESENTATION_CONTEXT('2D SPACE',''
  ) );
#3257 = ORIENTED_EDGE('',*,*,#3258,.T.);
#3258 = EDGE_CURVE('',#3231,#3086,#3259,.T.);
#3259 = SURFACE_CURVE('',#3260,(#3265,#3272),.PCURVE_S1.);
#3260 = HYPERBOLA('',#3261,4.25,3.4);
#3261 = AXIS2_PLACEMENT_3D('',#3262,#3263,#3264);
#3262 = CARTESIAN_POINT('',(-38.25,-41.4,8.39));
#3263 = DIRECTION('',(0.,1.,0.));
#3264 = DIRECTION('',(0.,0.,-1.));
#3265 = PCURVE('',#1507,#3266);
#3266 = DEFINITIONAL_REPRESENTATION('',(#3267),#3271);
#3267 = ( BOUNDED_CURVE() B_SPLINE_CURVE(2,(#3268,#3269,#3270),
.UNSPECIFIED.,.F.,.F.) B_SPLINE_CURVE_WITH_KNOTS((3,3),(-0.585681632341,
0.585681632341),.PIECEWISE_BEZIER_KNOTS.) CURVE() 
GEOMETRIC_REPRESENTATION_ITEM() RATIONAL_B_SPLINE_CURVE((1.,
1.176470588235,1.)) REPRESENTATION_ITEM('') );
#3268 = CARTESIAN_POINT('',(5.257130750571,9.999999999999E-03));
#3269 = CARTESIAN_POINT('',(3.15,-1.3775));
#3270 = CARTESIAN_POINT('',(1.042869249429,1.E-02));
#3271 = ( GEOMETRIC_REPRESENTATION_CONTEXT(2) 
PARAMETRIC_REPRESENTATION_CONTEXT() REPRESENTATION_CONTEXT('2D SPACE',''
  ) );
#3272 = PCURVE('',#3273,#3278);
#3273 = CONICAL_SURFACE('',#3274,4.,0.674740942224);
#3274 = AXIS2_PLACEMENT_3D('',#3275,#3276,#3277);
#3275 = CARTESIAN_POINT('',(-38.25,-38.,3.39));
#3276 = DIRECTION('',(-0.,-0.,-1.));
#3277 = DIRECTION('',(1.,0.,-0.));
#3278 = DEFINITIONAL_REPRESENTATION('',(#3279),#3292);
#3279 = B_SPLINE_CURVE_WITH_KNOTS('',6,(#3280,#3281,#3282,#3283,#3284,
    #3285,#3286,#3287,#3288,#3289,#3290,#3291),.UNSPECIFIED.,.F.,.F.,(7,
    5,7),(-0.585681632341,8.881784197001E-16,0.585681632341),
  .UNSPECIFIED.);
#3280 = CARTESIAN_POINT('',(-5.267200013365,-1.462244959262E-15));
#3281 = CARTESIAN_POINT('',(-5.184228448783,-0.257105786989));
#3282 = CARTESIAN_POINT('',(-5.096137350281,-0.457041115907));
#3283 = CARTESIAN_POINT('',(-5.003558529319,-0.604215361181));
#3284 = CARTESIAN_POINT('',(-4.907615619774,-0.701405047385));
#3285 = CARTESIAN_POINT('',(-4.810002585775,-0.75));
#3286 = CARTESIAN_POINT('',(-4.614775374995,-0.75));
#3287 = CARTESIAN_POINT('',(-4.517162340995,-0.701405047385));
#3288 = CARTESIAN_POINT('',(-4.421219431451,-0.604215361181));
#3289 = CARTESIAN_POINT('',(-4.328640610489,-0.457041115907));
#3290 = CARTESIAN_POINT('',(-4.240549511986,-0.257105786989));
#3291 = CARTESIAN_POINT('',(-4.157577947405,3.195276022092E-15));
#3292 = ( GEOMETRIC_REPRESENTATION_CONTEXT(2) 
PARAMETRIC_REPRESENTATION_CONTEXT() REPRESENTATION_CONTEXT('2D SPACE',''
  ) );
#3293 = ADVANCED_FACE('',(#3294),#1758,.T.);
#3294 = FACE_BOUND('',#3295,.T.);
#3295 = EDGE_LOOP('',(#3296,#3316,#3317,#3318));
#3296 = ORIENTED_EDGE('',*,*,#3297,.F.);
#3297 = EDGE_CURVE('',#1820,#2688,#3298,.T.);
#3298 = SURFACE_CURVE('',#3299,(#3304,#3310),.PCURVE_S1.);
#3299 = CIRCLE('',#3300,0.8);
#3300 = AXIS2_PLACEMENT_3D('',#3301,#3302,#3303);
#3301 = CARTESIAN_POINT('',(-43.,-39.8,9.9));
#3302 = DIRECTION('',(-0.,1.,0.));
#3303 = DIRECTION('',(-1.,-0.,0.));
#3304 = PCURVE('',#1758,#3305);
#3305 = DEFINITIONAL_REPRESENTATION('',(#3306),#3309);
#3306 = B_SPLINE_CURVE_WITH_KNOTS('',1,(#3307,#3308),.UNSPECIFIED.,.F.,
  .F.,(2,2),(0.,1.570796326795),.PIECEWISE_BEZIER_KNOTS.);
#3307 = CARTESIAN_POINT('',(0.,0.));
#3308 = CARTESIAN_POINT('',(0.,1.570796326795));
#3309 = ( GEOMETRIC_REPRESENTATION_CONTEXT(2) 
PARAMETRIC_REPRESENTATION_CONTEXT() REPRESENTATION_CONTEXT('2D SPACE',''
  ) );
#3310 = PCURVE('',#3068,#3311);
#3311 = DEFINITIONAL_REPRESENTATION('',(#3312),#3315);
#3312 = B_SPLINE_CURVE_WITH_KNOTS('',1,(#3313,#3314),.UNSPECIFIED.,.F.,
  .F.,(2,2),(0.,1.570796326795),.PIECEWISE_BEZIER_KNOTS.);
#3313 = CARTESIAN_POINT('',(0.,79.6));
#3314 = CARTESIAN_POINT('',(-1.570796326795,79.6));
#3315 = ( GEOMETRIC_REPRESENTATION_CONTEXT(2) 
PARAMETRIC_REPRESENTATION_CONTEXT() REPRESENTATION_CONTEXT('2D SPACE',''
  ) );
#3316 = ORIENTED_EDGE('',*,*,#1847,.T.);
#3317 = ORIENTED_EDGE('',*,*,#1742,.T.);
#3318 = ORIENTED_EDGE('',*,*,#2687,.F.);
#3319 = ADVANCED_FACE('',(#3320),#1835,.F.);
#3320 = FACE_BOUND('',#3321,.F.);
#3321 = EDGE_LOOP('',(#3322,#3347,#3368,#3369));
#3322 = ORIENTED_EDGE('',*,*,#3323,.T.);
#3323 = EDGE_CURVE('',#3324,#3326,#3328,.T.);
#3324 = VERTEX_POINT('',#3325);
#3325 = CARTESIAN_POINT('',(-43.8,39.8,0.5));
#3326 = VERTEX_POINT('',#3327);
#3327 = CARTESIAN_POINT('',(-43.8,39.8,9.9));
#3328 = SURFACE_CURVE('',#3329,(#3333,#3340),.PCURVE_S1.);
#3329 = LINE('',#3330,#3331);
#3330 = CARTESIAN_POINT('',(-43.8,39.8,0.));
#3331 = VECTOR('',#3332,1.);
#3332 = DIRECTION('',(0.,0.,1.));
#3333 = PCURVE('',#1835,#3334);
#3334 = DEFINITIONAL_REPRESENTATION('',(#3335),#3339);
#3335 = LINE('',#3336,#3337);
#3336 = CARTESIAN_POINT('',(4.,0.));
#3337 = VECTOR('',#3338,1.);
#3338 = DIRECTION('',(0.,-1.));
#3339 = ( GEOMETRIC_REPRESENTATION_CONTEXT(2) 
PARAMETRIC_REPRESENTATION_CONTEXT() REPRESENTATION_CONTEXT('2D SPACE',''
  ) );
#3340 = PCURVE('',#2190,#3341);
#3341 = DEFINITIONAL_REPRESENTATION('',(#3342),#3346);
#3342 = LINE('',#3343,#3344);
#3343 = CARTESIAN_POINT('',(1.570796326795,0.));
#3344 = VECTOR('',#3345,1.);
#3345 = DIRECTION('',(0.,1.));
#3346 = ( GEOMETRIC_REPRESENTATION_CONTEXT(2) 
PARAMETRIC_REPRESENTATION_CONTEXT() REPRESENTATION_CONTEXT('2D SPACE',''
  ) );
#3347 = ORIENTED_EDGE('',*,*,#3348,.T.);
#3348 = EDGE_CURVE('',#3326,#1820,#3349,.T.);
#3349 = SURFACE_CURVE('',#3350,(#3354,#3361),.PCURVE_S1.);
#3350 = LINE('',#3351,#3352);
#3351 = CARTESIAN_POINT('',(-43.8,39.8,9.9));
#3352 = VECTOR('',#3353,1.);
#3353 = DIRECTION('',(0.,-1.,0.));
#3354 = PCURVE('',#1835,#3355);
#3355 = DEFINITIONAL_REPRESENTATION('',(#3356),#3360);
#3356 = LINE('',#3357,#3358);
#3357 = CARTESIAN_POINT('',(4.,-9.9));
#3358 = VECTOR('',#3359,1.);
#3359 = DIRECTION('',(1.,0.));
#3360 = ( GEOMETRIC_REPRESENTATION_CONTEXT(2) 
PARAMETRIC_REPRESENTATION_CONTEXT() REPRESENTATION_CONTEXT('2D SPACE',''
  ) );
#3361 = PCURVE('',#3068,#3362);
#3362 = DEFINITIONAL_REPRESENTATION('',(#3363),#3367);
#3363 = LINE('',#3364,#3365);
#3364 = CARTESIAN_POINT('',(-0.,0.));
#3365 = VECTOR('',#3366,1.);
#3366 = DIRECTION('',(-0.,1.));
#3367 = ( GEOMETRIC_REPRESENTATION_CONTEXT(2) 
PARAMETRIC_REPRESENTATION_CONTEXT() REPRESENTATION_CONTEXT('2D SPACE',''
  ) );
#3368 = ORIENTED_EDGE('',*,*,#1819,.F.);
#3369 = ORIENTED_EDGE('',*,*,#3370,.F.);
#3370 = EDGE_CURVE('',#3324,#1796,#3371,.T.);
#3371 = SURFACE_CURVE('',#3372,(#3376,#3383),.PCURVE_S1.);
#3372 = LINE('',#3373,#3374);
#3373 = CARTESIAN_POINT('',(-43.8,39.8,0.5));
#3374 = VECTOR('',#3375,1.);
#3375 = DIRECTION('',(0.,-1.,0.));
#3376 = PCURVE('',#1835,#3377);
#3377 = DEFINITIONAL_REPRESENTATION('',(#3378),#3382);
#3378 = LINE('',#3379,#3380);
#3379 = CARTESIAN_POINT('',(4.,-0.5));
#3380 = VECTOR('',#3381,1.);
#3381 = DIRECTION('',(1.,0.));
#3382 = ( GEOMETRIC_REPRESENTATION_CONTEXT(2) 
PARAMETRIC_REPRESENTATION_CONTEXT() REPRESENTATION_CONTEXT('2D SPACE',''
  ) );
#3383 = PCURVE('',#1887,#3384);
#3384 = DEFINITIONAL_REPRESENTATION('',(#3385),#3389);
#3385 = LINE('',#3386,#3387);
#3386 = CARTESIAN_POINT('',(-0.,-0.353553390593));
#3387 = VECTOR('',#3388,1.);
#3388 = DIRECTION('',(-1.,0.));
#3389 = ( GEOMETRIC_REPRESENTATION_CONTEXT(2) 
PARAMETRIC_REPRESENTATION_CONTEXT() REPRESENTATION_CONTEXT('2D SPACE',''
  ) );
#3390 = ADVANCED_FACE('',(#3391),#1887,.T.);
#3391 = FACE_BOUND('',#3392,.F.);
#3392 = EDGE_LOOP('',(#3393,#3412,#3413,#3414));
#3393 = ORIENTED_EDGE('',*,*,#3394,.F.);
#3394 = EDGE_CURVE('',#3324,#1972,#3395,.T.);
#3395 = SURFACE_CURVE('',#3396,(#3400,#3406),.PCURVE_S1.);
#3396 = LINE('',#3397,#3398);
#3397 = CARTESIAN_POINT('',(-43.8,39.8,0.5));
#3398 = VECTOR('',#3399,1.);
#3399 = DIRECTION('',(0.707106781187,-4.329780281177E-17,-0.707106781187
    ));
#3400 = PCURVE('',#1887,#3401);
#3401 = DEFINITIONAL_REPRESENTATION('',(#3402),#3405);
#3402 = B_SPLINE_CURVE_WITH_KNOTS('',1,(#3403,#3404),.UNSPECIFIED.,.F.,
  .F.,(2,2),(0.,0.707106781187),.PIECEWISE_BEZIER_KNOTS.);
#3403 = CARTESIAN_POINT('',(0.,-0.353553390593));
#3404 = CARTESIAN_POINT('',(0.,0.353553390593));
#3405 = ( GEOMETRIC_REPRESENTATION_CONTEXT(2) 
PARAMETRIC_REPRESENTATION_CONTEXT() REPRESENTATION_CONTEXT('2D SPACE',''
  ) );
#3406 = PCURVE('',#1988,#3407);
#3407 = DEFINITIONAL_REPRESENTATION('',(#3408),#3411);
#3408 = B_SPLINE_CURVE_WITH_KNOTS('',1,(#3409,#3410),.UNSPECIFIED.,.F.,
  .F.,(2,2),(0.,0.707106781187),.PIECEWISE_BEZIER_KNOTS.);
#3409 = CARTESIAN_POINT('',(1.570796326795,0.));
#3410 = CARTESIAN_POINT('',(1.570796326795,-0.5));
#3411 = ( GEOMETRIC_REPRESENTATION_CONTEXT(2) 
PARAMETRIC_REPRESENTATION_CONTEXT() REPRESENTATION_CONTEXT('2D SPACE',''
  ) );
#3412 = ORIENTED_EDGE('',*,*,#3370,.T.);
#3413 = ORIENTED_EDGE('',*,*,#1872,.T.);
#3414 = ORIENTED_EDGE('',*,*,#2000,.F.);
#3415 = ADVANCED_FACE('',(#3416),#1988,.T.);
#3416 = FACE_BOUND('',#3417,.F.);
#3417 = EDGE_LOOP('',(#3418,#3419,#3441,#3442));
#3418 = ORIENTED_EDGE('',*,*,#2073,.F.);
#3419 = ORIENTED_EDGE('',*,*,#3420,.T.);
#3420 = EDGE_CURVE('',#2051,#3324,#3421,.T.);
#3421 = SURFACE_CURVE('',#3422,(#3427,#3434),.PCURVE_S1.);
#3422 = CIRCLE('',#3423,4.);
#3423 = AXIS2_PLACEMENT_3D('',#3424,#3425,#3426);
#3424 = CARTESIAN_POINT('',(-39.8,39.8,0.5));
#3425 = DIRECTION('',(0.,-0.,1.));
#3426 = DIRECTION('',(0.,1.,0.));
#3427 = PCURVE('',#1988,#3428);
#3428 = DEFINITIONAL_REPRESENTATION('',(#3429),#3433);
#3429 = LINE('',#3430,#3431);
#3430 = CARTESIAN_POINT('',(0.,-0.));
#3431 = VECTOR('',#3432,1.);
#3432 = DIRECTION('',(1.,-0.));
#3433 = ( GEOMETRIC_REPRESENTATION_CONTEXT(2) 
PARAMETRIC_REPRESENTATION_CONTEXT() REPRESENTATION_CONTEXT('2D SPACE',''
  ) );
#3434 = PCURVE('',#2190,#3435);
#3435 = DEFINITIONAL_REPRESENTATION('',(#3436),#3440);
#3436 = LINE('',#3437,#3438);
#3437 = CARTESIAN_POINT('',(0.,0.5));
#3438 = VECTOR('',#3439,1.);
#3439 = DIRECTION('',(1.,0.));
#3440 = ( GEOMETRIC_REPRESENTATION_CONTEXT(2) 
PARAMETRIC_REPRESENTATION_CONTEXT() REPRESENTATION_CONTEXT('2D SPACE',''
  ) );
#3441 = ORIENTED_EDGE('',*,*,#3394,.T.);
#3442 = ORIENTED_EDGE('',*,*,#1971,.F.);
#3443 = ADVANCED_FACE('',(#3444),#2190,.T.);
#3444 = FACE_BOUND('',#3445,.T.);
#3445 = EDGE_LOOP('',(#3446,#3447,#3448,#3449));
#3446 = ORIENTED_EDGE('',*,*,#2176,.F.);
#3447 = ORIENTED_EDGE('',*,*,#3420,.T.);
#3448 = ORIENTED_EDGE('',*,*,#3323,.T.);
#3449 = ORIENTED_EDGE('',*,*,#3450,.F.);
#3450 = EDGE_CURVE('',#2149,#3326,#3451,.T.);
#3451 = SURFACE_CURVE('',#3452,(#3457,#3464),.PCURVE_S1.);
#3452 = CIRCLE('',#3453,4.);
#3453 = AXIS2_PLACEMENT_3D('',#3454,#3455,#3456);
#3454 = CARTESIAN_POINT('',(-39.8,39.8,9.9));
#3455 = DIRECTION('',(0.,0.,1.));
#3456 = DIRECTION('',(0.,1.,-0.));
#3457 = PCURVE('',#2190,#3458);
#3458 = DEFINITIONAL_REPRESENTATION('',(#3459),#3463);
#3459 = LINE('',#3460,#3461);
#3460 = CARTESIAN_POINT('',(0.,9.9));
#3461 = VECTOR('',#3462,1.);
#3462 = DIRECTION('',(1.,0.));
#3463 = ( GEOMETRIC_REPRESENTATION_CONTEXT(2) 
PARAMETRIC_REPRESENTATION_CONTEXT() REPRESENTATION_CONTEXT('2D SPACE',''
  ) );
#3464 = PCURVE('',#3042,#3465);
#3465 = DEFINITIONAL_REPRESENTATION('',(#3466),#3470);
#3466 = LINE('',#3467,#3468);
#3467 = CARTESIAN_POINT('',(0.,0.));
#3468 = VECTOR('',#3469,1.);
#3469 = DIRECTION('',(1.,0.));
#3470 = ( GEOMETRIC_REPRESENTATION_CONTEXT(2) 
PARAMETRIC_REPRESENTATION_CONTEXT() REPRESENTATION_CONTEXT('2D SPACE',''
  ) );
#3471 = ADVANCED_FACE('',(#3472),#2164,.T.);
#3472 = FACE_BOUND('',#3473,.F.);
#3473 = EDGE_LOOP('',(#3474,#3494,#3495,#3515));
#3474 = ORIENTED_EDGE('',*,*,#3475,.T.);
#3475 = EDGE_CURVE('',#2121,#2974,#3476,.T.);
#3476 = SURFACE_CURVE('',#3477,(#3482,#3488),.PCURVE_S1.);
#3477 = CIRCLE('',#3478,0.8);
#3478 = AXIS2_PLACEMENT_3D('',#3479,#3480,#3481);
#3479 = CARTESIAN_POINT('',(39.8,43.,9.9));
#3480 = DIRECTION('',(1.,-6.123233995737E-17,0.));
#3481 = DIRECTION('',(6.123233995737E-17,1.,0.));
#3482 = PCURVE('',#2164,#3483);
#3483 = DEFINITIONAL_REPRESENTATION('',(#3484),#3487);
#3484 = B_SPLINE_CURVE_WITH_KNOTS('',1,(#3485,#3486),.UNSPECIFIED.,.F.,
  .F.,(2,2),(0.,1.570796326795),.PIECEWISE_BEZIER_KNOTS.);
#3485 = CARTESIAN_POINT('',(0.,0.));
#3486 = CARTESIAN_POINT('',(-1.570796326795,0.));
#3487 = ( GEOMETRIC_REPRESENTATION_CONTEXT(2) 
PARAMETRIC_REPRESENTATION_CONTEXT() REPRESENTATION_CONTEXT('2D SPACE',''
  ) );
#3488 = PCURVE('',#2990,#3489);
#3489 = DEFINITIONAL_REPRESENTATION('',(#3490),#3493);
#3490 = B_SPLINE_CURVE_WITH_KNOTS('',1,(#3491,#3492),.UNSPECIFIED.,.F.,
  .F.,(2,2),(0.,1.570796326795),.PIECEWISE_BEZIER_KNOTS.);
#3491 = CARTESIAN_POINT('',(1.570796326795,0.));
#3492 = CARTESIAN_POINT('',(1.570796326795,1.570796326795));
#3493 = ( GEOMETRIC_REPRESENTATION_CONTEXT(2) 
PARAMETRIC_REPRESENTATION_CONTEXT() REPRESENTATION_CONTEXT('2D SPACE',''
  ) );
#3494 = ORIENTED_EDGE('',*,*,#3002,.T.);
#3495 = ORIENTED_EDGE('',*,*,#3496,.F.);
#3496 = EDGE_CURVE('',#2149,#3003,#3497,.T.);
#3497 = SURFACE_CURVE('',#3498,(#3503,#3509),.PCURVE_S1.);
#3498 = CIRCLE('',#3499,0.8);
#3499 = AXIS2_PLACEMENT_3D('',#3500,#3501,#3502);
#3500 = CARTESIAN_POINT('',(-39.8,43.,9.9));
#3501 = DIRECTION('',(1.,0.,-0.));
#3502 = DIRECTION('',(0.,1.,0.));
#3503 = PCURVE('',#2164,#3504);
#3504 = DEFINITIONAL_REPRESENTATION('',(#3505),#3508);
#3505 = B_SPLINE_CURVE_WITH_KNOTS('',1,(#3506,#3507),.UNSPECIFIED.,.F.,
  .F.,(2,2),(0.,1.570796326795),.PIECEWISE_BEZIER_KNOTS.);
#3506 = CARTESIAN_POINT('',(0.,79.6));
#3507 = CARTESIAN_POINT('',(-1.570796326795,79.6));
#3508 = ( GEOMETRIC_REPRESENTATION_CONTEXT(2) 
PARAMETRIC_REPRESENTATION_CONTEXT() REPRESENTATION_CONTEXT('2D SPACE',''
  ) );
#3509 = PCURVE('',#3042,#3510);
#3510 = DEFINITIONAL_REPRESENTATION('',(#3511),#3514);
#3511 = B_SPLINE_CURVE_WITH_KNOTS('',1,(#3512,#3513),.UNSPECIFIED.,.F.,
  .F.,(2,2),(0.,1.570796326795),.PIECEWISE_BEZIER_KNOTS.);
#3512 = CARTESIAN_POINT('',(0.,0.));
#3513 = CARTESIAN_POINT('',(0.,1.570796326795));
#3514 = ( GEOMETRIC_REPRESENTATION_CONTEXT(2) 
PARAMETRIC_REPRESENTATION_CONTEXT() REPRESENTATION_CONTEXT('2D SPACE',''
  ) );
#3515 = ORIENTED_EDGE('',*,*,#2148,.F.);
#3516 = ADVANCED_FACE('',(#3517),#2136,.T.);
#3517 = FACE_BOUND('',#3518,.T.);
#3518 = EDGE_LOOP('',(#3519,#3520,#3542,#3543));
#3519 = ORIENTED_EDGE('',*,*,#2640,.F.);
#3520 = ORIENTED_EDGE('',*,*,#3521,.T.);
#3521 = EDGE_CURVE('',#2641,#2098,#3522,.T.);
#3522 = SURFACE_CURVE('',#3523,(#3528,#3535),.PCURVE_S1.);
#3523 = CIRCLE('',#3524,4.);
#3524 = AXIS2_PLACEMENT_3D('',#3525,#3526,#3527);
#3525 = CARTESIAN_POINT('',(39.8,39.8,0.5));
#3526 = DIRECTION('',(0.,0.,1.));
#3527 = DIRECTION('',(1.,0.,-0.));
#3528 = PCURVE('',#2136,#3529);
#3529 = DEFINITIONAL_REPRESENTATION('',(#3530),#3534);
#3530 = LINE('',#3531,#3532);
#3531 = CARTESIAN_POINT('',(0.,0.5));
#3532 = VECTOR('',#3533,1.);
#3533 = DIRECTION('',(1.,0.));
#3534 = ( GEOMETRIC_REPRESENTATION_CONTEXT(2) 
PARAMETRIC_REPRESENTATION_CONTEXT() REPRESENTATION_CONTEXT('2D SPACE',''
  ) );
#3535 = PCURVE('',#2419,#3536);
#3536 = DEFINITIONAL_REPRESENTATION('',(#3537),#3541);
#3537 = LINE('',#3538,#3539);
#3538 = CARTESIAN_POINT('',(0.,-0.));
#3539 = VECTOR('',#3540,1.);
#3540 = DIRECTION('',(1.,-0.));
#3541 = ( GEOMETRIC_REPRESENTATION_CONTEXT(2) 
PARAMETRIC_REPRESENTATION_CONTEXT() REPRESENTATION_CONTEXT('2D SPACE',''
  ) );
#3542 = ORIENTED_EDGE('',*,*,#2120,.T.);
#3543 = ORIENTED_EDGE('',*,*,#3544,.F.);
#3544 = EDGE_CURVE('',#2618,#2121,#3545,.T.);
#3545 = SURFACE_CURVE('',#3546,(#3551,#3558),.PCURVE_S1.);
#3546 = CIRCLE('',#3547,4.);
#3547 = AXIS2_PLACEMENT_3D('',#3548,#3549,#3550);
#3548 = CARTESIAN_POINT('',(39.8,39.8,9.9));
#3549 = DIRECTION('',(0.,0.,1.));
#3550 = DIRECTION('',(1.,0.,-0.));
#3551 = PCURVE('',#2136,#3552);
#3552 = DEFINITIONAL_REPRESENTATION('',(#3553),#3557);
#3553 = LINE('',#3554,#3555);
#3554 = CARTESIAN_POINT('',(0.,9.9));
#3555 = VECTOR('',#3556,1.);
#3556 = DIRECTION('',(1.,0.));
#3557 = ( GEOMETRIC_REPRESENTATION_CONTEXT(2) 
PARAMETRIC_REPRESENTATION_CONTEXT() REPRESENTATION_CONTEXT('2D SPACE',''
  ) );
#3558 = PCURVE('',#2990,#3559);
#3559 = DEFINITIONAL_REPRESENTATION('',(#3560),#3564);
#3560 = LINE('',#3561,#3562);
#3561 = CARTESIAN_POINT('',(0.,0.));
#3562 = VECTOR('',#3563,1.);
#3563 = DIRECTION('',(1.,0.));
#3564 = ( GEOMETRIC_REPRESENTATION_CONTEXT(2) 
PARAMETRIC_REPRESENTATION_CONTEXT() REPRESENTATION_CONTEXT('2D SPACE',''
  ) );
#3565 = ADVANCED_FACE('',(#3566),#2419,.T.);
#3566 = FACE_BOUND('',#3567,.F.);
#3567 = EDGE_LOOP('',(#3568,#3587,#3588,#3589));
#3568 = ORIENTED_EDGE('',*,*,#3569,.F.);
#3569 = EDGE_CURVE('',#2641,#2484,#3570,.T.);
#3570 = SURFACE_CURVE('',#3571,(#3575,#3581),.PCURVE_S1.);
#3571 = LINE('',#3572,#3573);
#3572 = CARTESIAN_POINT('',(43.55,39.8,0.25));
#3573 = VECTOR('',#3574,1.);
#3574 = DIRECTION('',(-0.707106781187,0.,-0.707106781187));
#3575 = PCURVE('',#2419,#3576);
#3576 = DEFINITIONAL_REPRESENTATION('',(#3577),#3580);
#3577 = B_SPLINE_CURVE_WITH_KNOTS('',1,(#3578,#3579),.UNSPECIFIED.,.F.,
  .F.,(2,2),(-0.353553390593,0.353553390593),.PIECEWISE_BEZIER_KNOTS.);
#3578 = CARTESIAN_POINT('',(0.,0.));
#3579 = CARTESIAN_POINT('',(0.,-0.5));
#3580 = ( GEOMETRIC_REPRESENTATION_CONTEXT(2) 
PARAMETRIC_REPRESENTATION_CONTEXT() REPRESENTATION_CONTEXT('2D SPACE',''
  ) );
#3581 = PCURVE('',#2499,#3582);
#3582 = DEFINITIONAL_REPRESENTATION('',(#3583),#3586);
#3583 = B_SPLINE_CURVE_WITH_KNOTS('',1,(#3584,#3585),.UNSPECIFIED.,.F.,
  .F.,(2,2),(-0.353553390593,0.353553390593),.PIECEWISE_BEZIER_KNOTS.);
#3584 = CARTESIAN_POINT('',(-79.6,-0.353553390593));
#3585 = CARTESIAN_POINT('',(-79.6,0.353553390593));
#3586 = ( GEOMETRIC_REPRESENTATION_CONTEXT(2) 
PARAMETRIC_REPRESENTATION_CONTEXT() REPRESENTATION_CONTEXT('2D SPACE',''
  ) );
#3587 = ORIENTED_EDGE('',*,*,#3521,.T.);
#3588 = ORIENTED_EDGE('',*,*,#2404,.T.);
#3589 = ORIENTED_EDGE('',*,*,#2511,.F.);
#3590 = ADVANCED_FACE('',(#3591),#2499,.T.);
#3591 = FACE_BOUND('',#3592,.F.);
#3592 = EDGE_LOOP('',(#3593,#3594,#3595,#3596));
#3593 = ORIENTED_EDGE('',*,*,#2539,.F.);
#3594 = ORIENTED_EDGE('',*,*,#2663,.T.);
#3595 = ORIENTED_EDGE('',*,*,#3569,.T.);
#3596 = ORIENTED_EDGE('',*,*,#2483,.F.);
#3597 = ADVANCED_FACE('',(#3598),#2580,.T.);
#3598 = FACE_BOUND('',#3599,.F.);
#3599 = EDGE_LOOP('',(#3600,#3601,#3602,#3622));
#3600 = ORIENTED_EDGE('',*,*,#2564,.T.);
#3601 = ORIENTED_EDGE('',*,*,#2950,.T.);
#3602 = ORIENTED_EDGE('',*,*,#3603,.F.);
#3603 = EDGE_CURVE('',#2618,#2951,#3604,.T.);
#3604 = SURFACE_CURVE('',#3605,(#3610,#3616),.PCURVE_S1.);
#3605 = CIRCLE('',#3606,0.8);
#3606 = AXIS2_PLACEMENT_3D('',#3607,#3608,#3609);
#3607 = CARTESIAN_POINT('',(43.,39.8,9.9));
#3608 = DIRECTION('',(0.,-1.,-0.));
#3609 = DIRECTION('',(1.,0.,-0.));
#3610 = PCURVE('',#2580,#3611);
#3611 = DEFINITIONAL_REPRESENTATION('',(#3612),#3615);
#3612 = B_SPLINE_CURVE_WITH_KNOTS('',1,(#3613,#3614),.UNSPECIFIED.,.F.,
  .F.,(2,2),(0.,1.570796326795),.PIECEWISE_BEZIER_KNOTS.);
#3613 = CARTESIAN_POINT('',(0.,79.6));
#3614 = CARTESIAN_POINT('',(-1.570796326795,79.6));
#3615 = ( GEOMETRIC_REPRESENTATION_CONTEXT(2) 
PARAMETRIC_REPRESENTATION_CONTEXT() REPRESENTATION_CONTEXT('2D SPACE',''
  ) );
#3616 = PCURVE('',#2990,#3617);
#3617 = DEFINITIONAL_REPRESENTATION('',(#3618),#3621);
#3618 = B_SPLINE_CURVE_WITH_KNOTS('',1,(#3619,#3620),.UNSPECIFIED.,.F.,
  .F.,(2,2),(0.,1.570796326795),.PIECEWISE_BEZIER_KNOTS.);
#3619 = CARTESIAN_POINT('',(0.,0.));
#3620 = CARTESIAN_POINT('',(0.,1.570796326795));
#3621 = ( GEOMETRIC_REPRESENTATION_CONTEXT(2) 
PARAMETRIC_REPRESENTATION_CONTEXT() REPRESENTATION_CONTEXT('2D SPACE',''
  ) );
#3622 = ORIENTED_EDGE('',*,*,#2617,.F.);
#3623 = ADVANCED_FACE('',(#3624),#3068,.T.);
#3624 = FACE_BOUND('',#3625,.F.);
#3625 = EDGE_LOOP('',(#3626,#3646,#3647,#3648));
#3626 = ORIENTED_EDGE('',*,*,#3627,.T.);
#3627 = EDGE_CURVE('',#3326,#3026,#3628,.T.);
#3628 = SURFACE_CURVE('',#3629,(#3634,#3640),.PCURVE_S1.);
#3629 = CIRCLE('',#3630,0.8);
#3630 = AXIS2_PLACEMENT_3D('',#3631,#3632,#3633);
#3631 = CARTESIAN_POINT('',(-43.,39.8,9.9));
#3632 = DIRECTION('',(6.123233995737E-17,1.,-0.));
#3633 = DIRECTION('',(-1.,6.123233995737E-17,0.));
#3634 = PCURVE('',#3068,#3635);
#3635 = DEFINITIONAL_REPRESENTATION('',(#3636),#3639);
#3636 = B_SPLINE_CURVE_WITH_KNOTS('',1,(#3637,#3638),.UNSPECIFIED.,.F.,
  .F.,(2,2),(0.,1.570796326795),.PIECEWISE_BEZIER_KNOTS.);
#3637 = CARTESIAN_POINT('',(0.,0.));
#3638 = CARTESIAN_POINT('',(-1.570796326795,0.));
#3639 = ( GEOMETRIC_REPRESENTATION_CONTEXT(2) 
PARAMETRIC_REPRESENTATION_CONTEXT() REPRESENTATION_CONTEXT('2D SPACE',''
  ) );
#3640 = PCURVE('',#3042,#3641);
#3641 = DEFINITIONAL_REPRESENTATION('',(#3642),#3645);
#3642 = B_SPLINE_CURVE_WITH_KNOTS('',1,(#3643,#3644),.UNSPECIFIED.,.F.,
  .F.,(2,2),(0.,1.570796326795),.PIECEWISE_BEZIER_KNOTS.);
#3643 = CARTESIAN_POINT('',(1.570796326795,0.));
#3644 = CARTESIAN_POINT('',(1.570796326795,1.570796326795));
#3645 = ( GEOMETRIC_REPRESENTATION_CONTEXT(2) 
PARAMETRIC_REPRESENTATION_CONTEXT() REPRESENTATION_CONTEXT('2D SPACE',''
  ) );
#3646 = ORIENTED_EDGE('',*,*,#3054,.T.);
#3647 = ORIENTED_EDGE('',*,*,#3297,.F.);
#3648 = ORIENTED_EDGE('',*,*,#3348,.F.);
#3649 = ADVANCED_FACE('',(#3650),#3042,.T.);
#3650 = FACE_BOUND('',#3651,.T.);
#3651 = EDGE_LOOP('',(#3652,#3653,#3654,#3655));
#3652 = ORIENTED_EDGE('',*,*,#3496,.F.);
#3653 = ORIENTED_EDGE('',*,*,#3450,.T.);
#3654 = ORIENTED_EDGE('',*,*,#3627,.T.);
#3655 = ORIENTED_EDGE('',*,*,#3025,.F.);
#3656 = ADVANCED_FACE('',(#3657),#2990,.T.);
#3657 = FACE_BOUND('',#3658,.T.);
#3658 = EDGE_LOOP('',(#3659,#3660,#3661,#3662));
#3659 = ORIENTED_EDGE('',*,*,#3603,.F.);
#3660 = ORIENTED_EDGE('',*,*,#3544,.T.);
#3661 = ORIENTED_EDGE('',*,*,#3475,.T.);
#3662 = ORIENTED_EDGE('',*,*,#2973,.F.);
#3663 = ADVANCED_FACE('',(#3664),#2916,.F.);
#3664 = FACE_BOUND('',#3665,.F.);
#3665 = EDGE_LOOP('',(#3666,#3667,#3691,#3720,#3741));
#3666 = ORIENTED_EDGE('',*,*,#3141,.F.);
#3667 = ORIENTED_EDGE('',*,*,#3668,.T.);
#3668 = EDGE_CURVE('',#3142,#3669,#3671,.T.);
#3669 = VERTEX_POINT('',#3670);
#3670 = CARTESIAN_POINT('',(41.398533371595,-40.45413968794,3.4));
#3671 = SURFACE_CURVE('',#3672,(#3677,#3684),.PCURVE_S1.);
#3672 = CIRCLE('',#3673,1.);
#3673 = AXIS2_PLACEMENT_3D('',#3674,#3675,#3676);
#3674 = CARTESIAN_POINT('',(40.4,-40.4,3.4));
#3675 = DIRECTION('',(0.,0.,1.));
#3676 = DIRECTION('',(0.,-1.,0.));
#3677 = PCURVE('',#2916,#3678);
#3678 = DEFINITIONAL_REPRESENTATION('',(#3679),#3683);
#3679 = LINE('',#3680,#3681);
#3680 = CARTESIAN_POINT('',(0.,0.));
#3681 = VECTOR('',#3682,1.);
#3682 = DIRECTION('',(1.,0.));
#3683 = ( GEOMETRIC_REPRESENTATION_CONTEXT(2) 
PARAMETRIC_REPRESENTATION_CONTEXT() REPRESENTATION_CONTEXT('2D SPACE',''
  ) );
#3684 = PCURVE('',#3180,#3685);
#3685 = DEFINITIONAL_REPRESENTATION('',(#3686),#3690);
#3686 = CIRCLE('',#3687,1.);
#3687 = AXIS2_PLACEMENT_2D('',#3688,#3689);
#3688 = CARTESIAN_POINT('',(40.4,-40.4));
#3689 = DIRECTION('',(0.,-1.));
#3690 = ( GEOMETRIC_REPRESENTATION_CONTEXT(2) 
PARAMETRIC_REPRESENTATION_CONTEXT() REPRESENTATION_CONTEXT('2D SPACE',''
  ) );
#3691 = ORIENTED_EDGE('',*,*,#3692,.T.);
#3692 = EDGE_CURVE('',#3669,#3693,#3695,.T.);
#3693 = VERTEX_POINT('',#3694);
#3694 = CARTESIAN_POINT('',(41.4,-40.4,3.439857956583));
#3695 = SURFACE_CURVE('',#3696,(#3702,#3711),.PCURVE_S1.);
#3696 = B_SPLINE_CURVE_WITH_KNOTS('',4,(#3697,#3698,#3699,#3700,#3701),
  .UNSPECIFIED.,.F.,.F.,(5,5),(0.,1.),.PIECEWISE_BEZIER_KNOTS.);
#3697 = CARTESIAN_POINT('',(41.398533326096,-40.4541405271,3.3999994));
#3698 = CARTESIAN_POINT('',(41.399277209647,-40.44042081369,
    3.409809006335));
#3699 = CARTESIAN_POINT('',(41.399762405634,-40.42682295499,
    3.419726905322));
#3700 = CARTESIAN_POINT('',(41.4,-40.41334897516,3.429745386797));
#3701 = CARTESIAN_POINT('',(41.4,-40.4,3.439857956584));
#3702 = PCURVE('',#2916,#3703);
#3703 = DEFINITIONAL_REPRESENTATION('',(#3704),#3710);
#3704 = B_SPLINE_CURVE_WITH_KNOTS('',4,(#3705,#3706,#3707,#3708,#3709),
  .UNSPECIFIED.,.F.,.F.,(5,5),(0.,1.),.PIECEWISE_BEZIER_KNOTS.);
#3705 = CARTESIAN_POINT('',(1.516629315318,-5.999999053152E-07));
#3706 = CARTESIAN_POINT('',(1.530369180634,9.809006335466E-03));
#3707 = CARTESIAN_POINT('',(1.543973368146,1.972690532167E-02));
#3708 = CARTESIAN_POINT('',(1.55744735163,2.974538679686E-02));
#3709 = CARTESIAN_POINT('',(1.570796326795,3.985795658355E-02));
#3710 = ( GEOMETRIC_REPRESENTATION_CONTEXT(2) 
PARAMETRIC_REPRESENTATION_CONTEXT() REPRESENTATION_CONTEXT('2D SPACE',''
  ) );
#3711 = PCURVE('',#3209,#3712);
#3712 = DEFINITIONAL_REPRESENTATION('',(#3713),#3719);
#3713 = B_SPLINE_CURVE_WITH_KNOTS('',4,(#3714,#3715,#3716,#3717,#3718),
  .UNSPECIFIED.,.F.,.F.,(5,5),(0.,1.),.PIECEWISE_BEZIER_KNOTS.);
#3714 = CARTESIAN_POINT('',(-5.621097853463,-9.999400000051E-03));
#3715 = CARTESIAN_POINT('',(-5.623923052888,-1.980900633542E-02));
#3716 = CARTESIAN_POINT('',(-5.62669915038,-2.972690532161E-02));
#3717 = CARTESIAN_POINT('',(-5.629427299475,-3.974538679683E-02));
#3718 = CARTESIAN_POINT('',(-5.632108585735,-4.985795658352E-02));
#3719 = ( GEOMETRIC_REPRESENTATION_CONTEXT(2) 
PARAMETRIC_REPRESENTATION_CONTEXT() REPRESENTATION_CONTEXT('2D SPACE',''
  ) );
#3720 = ORIENTED_EDGE('',*,*,#3721,.T.);
#3721 = EDGE_CURVE('',#3693,#2874,#3722,.T.);
#3722 = SURFACE_CURVE('',#3723,(#3727,#3734),.PCURVE_S1.);
#3723 = LINE('',#3724,#3725);
#3724 = CARTESIAN_POINT('',(41.4,-40.4,3.4));
#3725 = VECTOR('',#3726,1.);
#3726 = DIRECTION('',(0.,0.,1.));
#3727 = PCURVE('',#2916,#3728);
#3728 = DEFINITIONAL_REPRESENTATION('',(#3729),#3733);
#3729 = LINE('',#3730,#3731);
#3730 = CARTESIAN_POINT('',(1.570796326795,0.));
#3731 = VECTOR('',#3732,1.);
#3732 = DIRECTION('',(0.,1.));
#3733 = ( GEOMETRIC_REPRESENTATION_CONTEXT(2) 
PARAMETRIC_REPRESENTATION_CONTEXT() REPRESENTATION_CONTEXT('2D SPACE',''
  ) );
#3734 = PCURVE('',#2888,#3735);
#3735 = DEFINITIONAL_REPRESENTATION('',(#3736),#3740);
#3736 = LINE('',#3737,#3738);
#3737 = CARTESIAN_POINT('',(1.,0.));
#3738 = VECTOR('',#3739,1.);
#3739 = DIRECTION('',(0.,-1.));
#3740 = ( GEOMETRIC_REPRESENTATION_CONTEXT(2) 
PARAMETRIC_REPRESENTATION_CONTEXT() REPRESENTATION_CONTEXT('2D SPACE',''
  ) );
#3741 = ORIENTED_EDGE('',*,*,#2899,.F.);
#3742 = ADVANCED_FACE('',(#3743),#2888,.T.);
#3743 = FACE_BOUND('',#3744,.T.);
#3744 = EDGE_LOOP('',(#3745,#3770,#3798,#3824,#3825,#3826,#3849,#3882));
#3745 = ORIENTED_EDGE('',*,*,#3746,.F.);
#3746 = EDGE_CURVE('',#3747,#3749,#3751,.T.);
#3747 = VERTEX_POINT('',#3748);
#3748 = CARTESIAN_POINT('',(41.4,-35.54774308034,3.4));
#3749 = VERTEX_POINT('',#3750);
#3750 = CARTESIAN_POINT('',(41.4,35.547743080344,3.4));
#3751 = SURFACE_CURVE('',#3752,(#3756,#3763),.PCURVE_S1.);
#3752 = LINE('',#3753,#3754);
#3753 = CARTESIAN_POINT('',(41.4,-41.4,3.4));
#3754 = VECTOR('',#3755,1.);
#3755 = DIRECTION('',(0.,1.,0.));
#3756 = PCURVE('',#2888,#3757);
#3757 = DEFINITIONAL_REPRESENTATION('',(#3758),#3762);
#3758 = LINE('',#3759,#3760);
#3759 = CARTESIAN_POINT('',(0.,0.));
#3760 = VECTOR('',#3761,1.);
#3761 = DIRECTION('',(1.,0.));
#3762 = ( GEOMETRIC_REPRESENTATION_CONTEXT(2) 
PARAMETRIC_REPRESENTATION_CONTEXT() REPRESENTATION_CONTEXT('2D SPACE',''
  ) );
#3763 = PCURVE('',#3246,#3764);
#3764 = DEFINITIONAL_REPRESENTATION('',(#3765),#3769);
#3765 = LINE('',#3766,#3767);
#3766 = CARTESIAN_POINT('',(41.4,-41.4));
#3767 = VECTOR('',#3768,1.);
#3768 = DIRECTION('',(0.,1.));
#3769 = ( GEOMETRIC_REPRESENTATION_CONTEXT(2) 
PARAMETRIC_REPRESENTATION_CONTEXT() REPRESENTATION_CONTEXT('2D SPACE',''
  ) );
#3770 = ORIENTED_EDGE('',*,*,#3771,.T.);
#3771 = EDGE_CURVE('',#3747,#3772,#3774,.T.);
#3772 = VERTEX_POINT('',#3773);
#3773 = CARTESIAN_POINT('',(41.4,-38.,4.4525));
#3774 = SURFACE_CURVE('',#3775,(#3780,#3787),.PCURVE_S1.);
#3775 = HYPERBOLA('',#3776,3.9375,3.15);
#3776 = AXIS2_PLACEMENT_3D('',#3777,#3778,#3779);
#3777 = CARTESIAN_POINT('',(41.4,-38.,8.39));
#3778 = DIRECTION('',(-1.,0.,0.));
#3779 = DIRECTION('',(-0.,0.,-1.));
#3780 = PCURVE('',#2888,#3781);
#3781 = DEFINITIONAL_REPRESENTATION('',(#3782),#3786);
#3782 = ( BOUNDED_CURVE() B_SPLINE_CURVE(2,(#3783,#3784,#3785),
.UNSPECIFIED.,.F.,.F.) B_SPLINE_CURVE_WITH_KNOTS((3,3),(-0.719040559688,
-0.),.PIECEWISE_BEZIER_KNOTS.) CURVE() GEOMETRIC_REPRESENTATION_ITEM() 
RATIONAL_B_SPLINE_CURVE((1.,1.065326539105,1.)) REPRESENTATION_ITEM('') 
  );
#3783 = CARTESIAN_POINT('',(5.865258607124,1.E-02));
#3784 = CARTESIAN_POINT('',(4.486092952789,-1.0525));
#3785 = CARTESIAN_POINT('',(3.4,-1.0525));
#3786 = ( GEOMETRIC_REPRESENTATION_CONTEXT(2) 
PARAMETRIC_REPRESENTATION_CONTEXT() REPRESENTATION_CONTEXT('2D SPACE',''
  ) );
#3787 = PCURVE('',#3209,#3788);
#3788 = DEFINITIONAL_REPRESENTATION('',(#3789),#3797);
#3789 = B_SPLINE_CURVE_WITH_KNOTS('',6,(#3790,#3791,#3792,#3793,#3794,
    #3795,#3796),.UNSPECIFIED.,.F.,.F.,(7,7),(-0.719040559688,-0.),
  .PIECEWISE_BEZIER_KNOTS.);
#3790 = CARTESIAN_POINT('',(-0.664054277243,8.123583107013E-16));
#3791 = CARTESIAN_POINT('',(-0.569680203784,-0.369296026801));
#3792 = CARTESIAN_POINT('',(-0.466941184698,-0.652422347852));
#3793 = CARTESIAN_POINT('',(-0.356428780892,-0.858924243729));
#3794 = CARTESIAN_POINT('',(-0.239679214406,-0.994641062893));
#3795 = CARTESIAN_POINT('',(-0.119840093281,-1.0625));
#3796 = CARTESIAN_POINT('',(0.,-1.0625));
#3797 = ( GEOMETRIC_REPRESENTATION_CONTEXT(2) 
PARAMETRIC_REPRESENTATION_CONTEXT() REPRESENTATION_CONTEXT('2D SPACE',''
  ) );
#3798 = ORIENTED_EDGE('',*,*,#3799,.T.);
#3799 = EDGE_CURVE('',#3772,#3693,#3800,.T.);
#3800 = SURFACE_CURVE('',#3801,(#3806,#3813),.PCURVE_S1.);
#3801 = HYPERBOLA('',#3802,3.9375,3.15);
#3802 = AXIS2_PLACEMENT_3D('',#3803,#3804,#3805);
#3803 = CARTESIAN_POINT('',(41.4,-38.,8.39));
#3804 = DIRECTION('',(-1.,0.,0.));
#3805 = DIRECTION('',(-0.,0.,-1.));
#3806 = PCURVE('',#2888,#3807);
#3807 = DEFINITIONAL_REPRESENTATION('',(#3808),#3812);
#3808 = ( BOUNDED_CURVE() B_SPLINE_CURVE(2,(#3809,#3810,#3811),
.UNSPECIFIED.,.F.,.F.) B_SPLINE_CURVE_WITH_KNOTS((3,3),(-0.,
0.719040559688),.PIECEWISE_BEZIER_KNOTS.) CURVE() 
GEOMETRIC_REPRESENTATION_ITEM() RATIONAL_B_SPLINE_CURVE((1.,
1.065326539105,1.)) REPRESENTATION_ITEM('') );
#3809 = CARTESIAN_POINT('',(3.4,-1.0525));
#3810 = CARTESIAN_POINT('',(2.313907047211,-1.0525));
#3811 = CARTESIAN_POINT('',(0.934741392876,1.E-02));
#3812 = ( GEOMETRIC_REPRESENTATION_CONTEXT(2) 
PARAMETRIC_REPRESENTATION_CONTEXT() REPRESENTATION_CONTEXT('2D SPACE',''
  ) );
#3813 = PCURVE('',#3209,#3814);
#3814 = DEFINITIONAL_REPRESENTATION('',(#3815),#3823);
#3815 = B_SPLINE_CURVE_WITH_KNOTS('',6,(#3816,#3817,#3818,#3819,#3820,
    #3821,#3822),.UNSPECIFIED.,.F.,.F.,(7,7),(-0.,0.719040559688),
  .PIECEWISE_BEZIER_KNOTS.);
#3816 = CARTESIAN_POINT('',(-6.28318530718,-1.0625));
#3817 = CARTESIAN_POINT('',(-6.163345213898,-1.0625));
#3818 = CARTESIAN_POINT('',(-6.043506092774,-0.994641062893));
#3819 = CARTESIAN_POINT('',(-5.926756526287,-0.858924243729));
#3820 = CARTESIAN_POINT('',(-5.816244122481,-0.652422347852));
#3821 = CARTESIAN_POINT('',(-5.713505103396,-0.369296026801));
#3822 = CARTESIAN_POINT('',(-5.619131029937,8.123583107013E-16));
#3823 = ( GEOMETRIC_REPRESENTATION_CONTEXT(2) 
PARAMETRIC_REPRESENTATION_CONTEXT() REPRESENTATION_CONTEXT('2D SPACE',''
  ) );
#3824 = ORIENTED_EDGE('',*,*,#3721,.T.);
#3825 = ORIENTED_EDGE('',*,*,#2873,.F.);
#3826 = ORIENTED_EDGE('',*,*,#3827,.F.);
#3827 = EDGE_CURVE('',#3828,#2845,#3830,.T.);
#3828 = VERTEX_POINT('',#3829);
#3829 = CARTESIAN_POINT('',(41.4,40.4,3.439857956583));
#3830 = SURFACE_CURVE('',#3831,(#3835,#3842),.PCURVE_S1.);
#3831 = LINE('',#3832,#3833);
#3832 = CARTESIAN_POINT('',(41.4,40.4,3.4));
#3833 = VECTOR('',#3834,1.);
#3834 = DIRECTION('',(0.,0.,1.));
#3835 = PCURVE('',#2888,#3836);
#3836 = DEFINITIONAL_REPRESENTATION('',(#3837),#3841);
#3837 = LINE('',#3838,#3839);
#3838 = CARTESIAN_POINT('',(81.8,0.));
#3839 = VECTOR('',#3840,1.);
#3840 = DIRECTION('',(0.,-1.));
#3841 = ( GEOMETRIC_REPRESENTATION_CONTEXT(2) 
PARAMETRIC_REPRESENTATION_CONTEXT() REPRESENTATION_CONTEXT('2D SPACE',''
  ) );
#3842 = PCURVE('',#2861,#3843);
#3843 = DEFINITIONAL_REPRESENTATION('',(#3844),#3848);
#3844 = LINE('',#3845,#3846);
#3845 = CARTESIAN_POINT('',(0.,0.));
#3846 = VECTOR('',#3847,1.);
#3847 = DIRECTION('',(0.,1.));
#3848 = ( GEOMETRIC_REPRESENTATION_CONTEXT(2) 
PARAMETRIC_REPRESENTATION_CONTEXT() REPRESENTATION_CONTEXT('2D SPACE',''
  ) );
#3849 = ORIENTED_EDGE('',*,*,#3850,.T.);
#3850 = EDGE_CURVE('',#3828,#3851,#3853,.T.);
#3851 = VERTEX_POINT('',#3852);
#3852 = CARTESIAN_POINT('',(41.4,38.,4.4525));
#3853 = SURFACE_CURVE('',#3854,(#3859,#3866),.PCURVE_S1.);
#3854 = HYPERBOLA('',#3855,3.9375,3.15);
#3855 = AXIS2_PLACEMENT_3D('',#3856,#3857,#3858);
#3856 = CARTESIAN_POINT('',(41.4,38.,8.39));
#3857 = DIRECTION('',(-1.,0.,0.));
#3858 = DIRECTION('',(-0.,0.,-1.));
#3859 = PCURVE('',#2888,#3860);
#3860 = DEFINITIONAL_REPRESENTATION('',(#3861),#3865);
#3861 = ( BOUNDED_CURVE() B_SPLINE_CURVE(2,(#3862,#3863,#3864),
.UNSPECIFIED.,.F.,.F.) B_SPLINE_CURVE_WITH_KNOTS((3,3),(-0.719040559688,
-0.),.PIECEWISE_BEZIER_KNOTS.) CURVE() GEOMETRIC_REPRESENTATION_ITEM() 
RATIONAL_B_SPLINE_CURVE((1.,1.065326539105,1.)) REPRESENTATION_ITEM('') 
  );
#3862 = CARTESIAN_POINT('',(81.865258607124,1.E-02));
#3863 = CARTESIAN_POINT('',(80.486092952789,-1.0525));
#3864 = CARTESIAN_POINT('',(79.4,-1.0525));
#3865 = ( GEOMETRIC_REPRESENTATION_CONTEXT(2) 
PARAMETRIC_REPRESENTATION_CONTEXT() REPRESENTATION_CONTEXT('2D SPACE',''
  ) );
#3866 = PCURVE('',#3867,#3872);
#3867 = CONICAL_SURFACE('',#3868,4.,0.674740942224);
#3868 = AXIS2_PLACEMENT_3D('',#3869,#3870,#3871);
#3869 = CARTESIAN_POINT('',(38.25,38.,3.39));
#3870 = DIRECTION('',(-0.,-0.,-1.));
#3871 = DIRECTION('',(1.,0.,-0.));
#3872 = DEFINITIONAL_REPRESENTATION('',(#3873),#3881);
#3873 = B_SPLINE_CURVE_WITH_KNOTS('',6,(#3874,#3875,#3876,#3877,#3878,
    #3879,#3880),.UNSPECIFIED.,.F.,.F.,(7,7),(-0.719040559688,-0.),
  .PIECEWISE_BEZIER_KNOTS.);
#3874 = CARTESIAN_POINT('',(-0.664054277243,8.123583107013E-16));
#3875 = CARTESIAN_POINT('',(-0.569680203784,-0.369296026801));
#3876 = CARTESIAN_POINT('',(-0.466941184698,-0.652422347852));
#3877 = CARTESIAN_POINT('',(-0.356428780892,-0.858924243729));
#3878 = CARTESIAN_POINT('',(-0.239679214406,-0.994641062893));
#3879 = CARTESIAN_POINT('',(-0.119840093281,-1.0625));
#3880 = CARTESIAN_POINT('',(0.,-1.0625));
#3881 = ( GEOMETRIC_REPRESENTATION_CONTEXT(2) 
PARAMETRIC_REPRESENTATION_CONTEXT() REPRESENTATION_CONTEXT('2D SPACE',''
  ) );
#3882 = ORIENTED_EDGE('',*,*,#3883,.T.);
#3883 = EDGE_CURVE('',#3851,#3749,#3884,.T.);
#3884 = SURFACE_CURVE('',#3885,(#3890,#3897),.PCURVE_S1.);
#3885 = HYPERBOLA('',#3886,3.9375,3.15);
#3886 = AXIS2_PLACEMENT_3D('',#3887,#3888,#3889);
#3887 = CARTESIAN_POINT('',(41.4,38.,8.39));
#3888 = DIRECTION('',(-1.,0.,0.));
#3889 = DIRECTION('',(-0.,0.,-1.));
#3890 = PCURVE('',#2888,#3891);
#3891 = DEFINITIONAL_REPRESENTATION('',(#3892),#3896);
#3892 = ( BOUNDED_CURVE() B_SPLINE_CURVE(2,(#3893,#3894,#3895),
.UNSPECIFIED.,.F.,.F.) B_SPLINE_CURVE_WITH_KNOTS((3,3),(-0.,
0.719040559688),.PIECEWISE_BEZIER_KNOTS.) CURVE() 
GEOMETRIC_REPRESENTATION_ITEM() RATIONAL_B_SPLINE_CURVE((1.,
1.065326539105,1.)) REPRESENTATION_ITEM('') );
#3893 = CARTESIAN_POINT('',(79.4,-1.0525));
#3894 = CARTESIAN_POINT('',(78.313907047211,-1.0525));
#3895 = CARTESIAN_POINT('',(76.934741392876,1.E-02));
#3896 = ( GEOMETRIC_REPRESENTATION_CONTEXT(2) 
PARAMETRIC_REPRESENTATION_CONTEXT() REPRESENTATION_CONTEXT('2D SPACE',''
  ) );
#3897 = PCURVE('',#3867,#3898);
#3898 = DEFINITIONAL_REPRESENTATION('',(#3899),#3907);
#3899 = B_SPLINE_CURVE_WITH_KNOTS('',6,(#3900,#3901,#3902,#3903,#3904,
    #3905,#3906),.UNSPECIFIED.,.F.,.F.,(7,7),(-0.,0.719040559688),
  .PIECEWISE_BEZIER_KNOTS.);
#3900 = CARTESIAN_POINT('',(-6.28318530718,-1.0625));
#3901 = CARTESIAN_POINT('',(-6.163345213898,-1.0625));
#3902 = CARTESIAN_POINT('',(-6.043506092774,-0.994641062893));
#3903 = CARTESIAN_POINT('',(-5.926756526287,-0.858924243729));
#3904 = CARTESIAN_POINT('',(-5.816244122481,-0.652422347852));
#3905 = CARTESIAN_POINT('',(-5.713505103396,-0.369296026801));
#3906 = CARTESIAN_POINT('',(-5.619131029937,8.123583107013E-16));
#3907 = ( GEOMETRIC_REPRESENTATION_CONTEXT(2) 
PARAMETRIC_REPRESENTATION_CONTEXT() REPRESENTATION_CONTEXT('2D SPACE',''
  ) );
#3908 = ADVANCED_FACE('',(#3909),#2861,.F.);
#3909 = FACE_BOUND('',#3910,.F.);
#3910 = EDGE_LOOP('',(#3911,#3912,#3941,#3970,#3991));
#3911 = ORIENTED_EDGE('',*,*,#3827,.F.);
#3912 = ORIENTED_EDGE('',*,*,#3913,.T.);
#3913 = EDGE_CURVE('',#3828,#3914,#3916,.T.);
#3914 = VERTEX_POINT('',#3915);
#3915 = CARTESIAN_POINT('',(41.398533371595,40.454139687946,3.4));
#3916 = SURFACE_CURVE('',#3917,(#3923,#3932),.PCURVE_S1.);
#3917 = B_SPLINE_CURVE_WITH_KNOTS('',4,(#3918,#3919,#3920,#3921,#3922),
  .UNSPECIFIED.,.F.,.F.,(5,5),(0.,1.),.PIECEWISE_BEZIER_KNOTS.);
#3918 = CARTESIAN_POINT('',(41.4,40.4,3.439857956584));
#3919 = CARTESIAN_POINT('',(41.4,40.413349710443,3.429744829784));
#3920 = CARTESIAN_POINT('',(41.399762389964,40.426823261378,
    3.419726685416));
#3921 = CARTESIAN_POINT('',(41.399277199514,40.440421000573,
    3.409808872715));
#3922 = CARTESIAN_POINT('',(41.398533326096,40.454140527106,3.3999994));
#3923 = PCURVE('',#2861,#3924);
#3924 = DEFINITIONAL_REPRESENTATION('',(#3925),#3931);
#3925 = B_SPLINE_CURVE_WITH_KNOTS('',4,(#3926,#3927,#3928,#3929,#3930),
  .UNSPECIFIED.,.F.,.F.,(5,5),(0.,1.),.PIECEWISE_BEZIER_KNOTS.);
#3926 = CARTESIAN_POINT('',(0.,3.985795658358E-02));
#3927 = CARTESIAN_POINT('',(1.334971044288E-02,2.974482978405E-02));
#3928 = CARTESIAN_POINT('',(2.68232663604E-02,1.972668541552E-02));
#3929 = CARTESIAN_POINT('',(4.042733331707E-02,9.808872714754E-03));
#3930 = CARTESIAN_POINT('',(5.416701147654E-02,-6.E-07));
#3931 = ( GEOMETRIC_REPRESENTATION_CONTEXT(2) 
PARAMETRIC_REPRESENTATION_CONTEXT() REPRESENTATION_CONTEXT('2D SPACE',''
  ) );
#3932 = PCURVE('',#3867,#3933);
#3933 = DEFINITIONAL_REPRESENTATION('',(#3934),#3940);
#3934 = B_SPLINE_CURVE_WITH_KNOTS('',4,(#3935,#3936,#3937,#3938,#3939),
  .UNSPECIFIED.,.F.,.F.,(5,5),(0.,1.),.PIECEWISE_BEZIER_KNOTS.);
#3935 = CARTESIAN_POINT('',(-0.651076721444,-4.985795658354E-02));
#3936 = CARTESIAN_POINT('',(-0.653758155393,-3.9744829784E-02));
#3937 = CARTESIAN_POINT('',(-0.65648621994,-2.972668541538E-02));
#3938 = CARTESIAN_POINT('',(-0.659262292775,-1.980887271475E-02));
#3939 = CARTESIAN_POINT('',(-0.662087453717,-9.999399999994E-03));
#3940 = ( GEOMETRIC_REPRESENTATION_CONTEXT(2) 
PARAMETRIC_REPRESENTATION_CONTEXT() REPRESENTATION_CONTEXT('2D SPACE',''
  ) );
#3941 = ORIENTED_EDGE('',*,*,#3942,.T.);
#3942 = EDGE_CURVE('',#3914,#3943,#3945,.T.);
#3943 = VERTEX_POINT('',#3944);
#3944 = CARTESIAN_POINT('',(40.4,41.4,3.4));
#3945 = SURFACE_CURVE('',#3946,(#3951,#3958),.PCURVE_S1.);
#3946 = CIRCLE('',#3947,1.);
#3947 = AXIS2_PLACEMENT_3D('',#3948,#3949,#3950);
#3948 = CARTESIAN_POINT('',(40.4,40.4,3.4));
#3949 = DIRECTION('',(0.,0.,1.));
#3950 = DIRECTION('',(0.,-1.,0.));
#3951 = PCURVE('',#2861,#3952);
#3952 = DEFINITIONAL_REPRESENTATION('',(#3953),#3957);
#3953 = LINE('',#3954,#3955);
#3954 = CARTESIAN_POINT('',(-1.570796326795,0.));
#3955 = VECTOR('',#3956,1.);
#3956 = DIRECTION('',(1.,0.));
#3957 = ( GEOMETRIC_REPRESENTATION_CONTEXT(2) 
PARAMETRIC_REPRESENTATION_CONTEXT() REPRESENTATION_CONTEXT('2D SPACE',''
  ) );
#3958 = PCURVE('',#3959,#3964);
#3959 = PLANE('',#3960);
#3960 = AXIS2_PLACEMENT_3D('',#3961,#3962,#3963);
#3961 = CARTESIAN_POINT('',(-1.373029441082E-15,1.373029441082E-15,3.4)
  );
#3962 = DIRECTION('',(0.,0.,1.));
#3963 = DIRECTION('',(1.,0.,-0.));
#3964 = DEFINITIONAL_REPRESENTATION('',(#3965),#3969);
#3965 = CIRCLE('',#3966,1.);
#3966 = AXIS2_PLACEMENT_2D('',#3967,#3968);
#3967 = CARTESIAN_POINT('',(40.4,40.4));
#3968 = DIRECTION('',(0.,-1.));
#3969 = ( GEOMETRIC_REPRESENTATION_CONTEXT(2) 
PARAMETRIC_REPRESENTATION_CONTEXT() REPRESENTATION_CONTEXT('2D SPACE',''
  ) );
#3970 = ORIENTED_EDGE('',*,*,#3971,.T.);
#3971 = EDGE_CURVE('',#3943,#2819,#3972,.T.);
#3972 = SURFACE_CURVE('',#3973,(#3977,#3984),.PCURVE_S1.);
#3973 = LINE('',#3974,#3975);
#3974 = CARTESIAN_POINT('',(40.4,41.4,3.4));
#3975 = VECTOR('',#3976,1.);
#3976 = DIRECTION('',(0.,0.,1.));
#3977 = PCURVE('',#2861,#3978);
#3978 = DEFINITIONAL_REPRESENTATION('',(#3979),#3983);
#3979 = LINE('',#3980,#3981);
#3980 = CARTESIAN_POINT('',(1.570796326795,0.));
#3981 = VECTOR('',#3982,1.);
#3982 = DIRECTION('',(0.,1.));
#3983 = ( GEOMETRIC_REPRESENTATION_CONTEXT(2) 
PARAMETRIC_REPRESENTATION_CONTEXT() REPRESENTATION_CONTEXT('2D SPACE',''
  ) );
#3984 = PCURVE('',#2833,#3985);
#3985 = DEFINITIONAL_REPRESENTATION('',(#3986),#3990);
#3986 = LINE('',#3987,#3988);
#3987 = CARTESIAN_POINT('',(1.,0.));
#3988 = VECTOR('',#3989,1.);
#3989 = DIRECTION('',(0.,-1.));
#3990 = ( GEOMETRIC_REPRESENTATION_CONTEXT(2) 
PARAMETRIC_REPRESENTATION_CONTEXT() REPRESENTATION_CONTEXT('2D SPACE',''
  ) );
#3991 = ORIENTED_EDGE('',*,*,#2844,.F.);
#3992 = ADVANCED_FACE('',(#3993),#2833,.T.);
#3993 = FACE_BOUND('',#3994,.T.);
#3994 = EDGE_LOOP('',(#3995,#4018,#4019,#4020,#4043,#4071,#4109,#4132));
#3995 = ORIENTED_EDGE('',*,*,#3996,.F.);
#3996 = EDGE_CURVE('',#3943,#3997,#3999,.T.);
#3997 = VERTEX_POINT('',#3998);
#3998 = CARTESIAN_POINT('',(40.341904395521,41.4,3.4));
#3999 = SURFACE_CURVE('',#4000,(#4004,#4011),.PCURVE_S1.);
#4000 = LINE('',#4001,#4002);
#4001 = CARTESIAN_POINT('',(41.4,41.4,3.4));
#4002 = VECTOR('',#4003,1.);
#4003 = DIRECTION('',(-1.,0.,0.));
#4004 = PCURVE('',#2833,#4005);
#4005 = DEFINITIONAL_REPRESENTATION('',(#4006),#4010);
#4006 = LINE('',#4007,#4008);
#4007 = CARTESIAN_POINT('',(0.,-0.));
#4008 = VECTOR('',#4009,1.);
#4009 = DIRECTION('',(1.,0.));
#4010 = ( GEOMETRIC_REPRESENTATION_CONTEXT(2) 
PARAMETRIC_REPRESENTATION_CONTEXT() REPRESENTATION_CONTEXT('2D SPACE',''
  ) );
#4011 = PCURVE('',#3959,#4012);
#4012 = DEFINITIONAL_REPRESENTATION('',(#4013),#4017);
#4013 = LINE('',#4014,#4015);
#4014 = CARTESIAN_POINT('',(41.4,41.4));
#4015 = VECTOR('',#4016,1.);
#4016 = DIRECTION('',(-1.,0.));
#4017 = ( GEOMETRIC_REPRESENTATION_CONTEXT(2) 
PARAMETRIC_REPRESENTATION_CONTEXT() REPRESENTATION_CONTEXT('2D SPACE',''
  ) );
#4018 = ORIENTED_EDGE('',*,*,#3971,.T.);
#4019 = ORIENTED_EDGE('',*,*,#2818,.F.);
#4020 = ORIENTED_EDGE('',*,*,#4021,.F.);
#4021 = EDGE_CURVE('',#4022,#2790,#4024,.T.);
#4022 = VERTEX_POINT('',#4023);
#4023 = CARTESIAN_POINT('',(-40.4,41.4,3.4));
#4024 = SURFACE_CURVE('',#4025,(#4029,#4036),.PCURVE_S1.);
#4025 = LINE('',#4026,#4027);
#4026 = CARTESIAN_POINT('',(-40.4,41.4,3.4));
#4027 = VECTOR('',#4028,1.);
#4028 = DIRECTION('',(0.,0.,1.));
#4029 = PCURVE('',#2833,#4030);
#4030 = DEFINITIONAL_REPRESENTATION('',(#4031),#4035);
#4031 = LINE('',#4032,#4033);
#4032 = CARTESIAN_POINT('',(81.8,0.));
#4033 = VECTOR('',#4034,1.);
#4034 = DIRECTION('',(0.,-1.));
#4035 = ( GEOMETRIC_REPRESENTATION_CONTEXT(2) 
PARAMETRIC_REPRESENTATION_CONTEXT() REPRESENTATION_CONTEXT('2D SPACE',''
  ) );
#4036 = PCURVE('',#2806,#4037);
#4037 = DEFINITIONAL_REPRESENTATION('',(#4038),#4042);
#4038 = LINE('',#4039,#4040);
#4039 = CARTESIAN_POINT('',(0.,0.));
#4040 = VECTOR('',#4041,1.);
#4041 = DIRECTION('',(0.,1.));
#4042 = ( GEOMETRIC_REPRESENTATION_CONTEXT(2) 
PARAMETRIC_REPRESENTATION_CONTEXT() REPRESENTATION_CONTEXT('2D SPACE',''
  ) );
#4043 = ORIENTED_EDGE('',*,*,#4044,.F.);
#4044 = EDGE_CURVE('',#4045,#4022,#4047,.T.);
#4045 = VERTEX_POINT('',#4046);
#4046 = CARTESIAN_POINT('',(-40.34190439552,41.4,3.4));
#4047 = SURFACE_CURVE('',#4048,(#4052,#4059),.PCURVE_S1.);
#4048 = LINE('',#4049,#4050);
#4049 = CARTESIAN_POINT('',(41.4,41.4,3.4));
#4050 = VECTOR('',#4051,1.);
#4051 = DIRECTION('',(-1.,0.,0.));
#4052 = PCURVE('',#2833,#4053);
#4053 = DEFINITIONAL_REPRESENTATION('',(#4054),#4058);
#4054 = LINE('',#4055,#4056);
#4055 = CARTESIAN_POINT('',(0.,-0.));
#4056 = VECTOR('',#4057,1.);
#4057 = DIRECTION('',(1.,0.));
#4058 = ( GEOMETRIC_REPRESENTATION_CONTEXT(2) 
PARAMETRIC_REPRESENTATION_CONTEXT() REPRESENTATION_CONTEXT('2D SPACE',''
  ) );
#4059 = PCURVE('',#4060,#4065);
#4060 = PLANE('',#4061);
#4061 = AXIS2_PLACEMENT_3D('',#4062,#4063,#4064);
#4062 = CARTESIAN_POINT('',(-1.373029441082E-15,1.373029441082E-15,3.4)
  );
#4063 = DIRECTION('',(0.,0.,1.));
#4064 = DIRECTION('',(1.,0.,-0.));
#4065 = DEFINITIONAL_REPRESENTATION('',(#4066),#4070);
#4066 = LINE('',#4067,#4068);
#4067 = CARTESIAN_POINT('',(41.4,41.4));
#4068 = VECTOR('',#4069,1.);
#4069 = DIRECTION('',(-1.,0.));
#4070 = ( GEOMETRIC_REPRESENTATION_CONTEXT(2) 
PARAMETRIC_REPRESENTATION_CONTEXT() REPRESENTATION_CONTEXT('2D SPACE',''
  ) );
#4071 = ORIENTED_EDGE('',*,*,#4072,.T.);
#4072 = EDGE_CURVE('',#4045,#4073,#4075,.T.);
#4073 = VERTEX_POINT('',#4074);
#4074 = CARTESIAN_POINT('',(-36.15809560447,41.4,3.4));
#4075 = SURFACE_CURVE('',#4076,(#4081,#4088),.PCURVE_S1.);
#4076 = HYPERBOLA('',#4077,4.25,3.4);
#4077 = AXIS2_PLACEMENT_3D('',#4078,#4079,#4080);
#4078 = CARTESIAN_POINT('',(-38.25,41.4,8.39));
#4079 = DIRECTION('',(0.,-1.,0.));
#4080 = DIRECTION('',(-0.,-0.,-1.));
#4081 = PCURVE('',#2833,#4082);
#4082 = DEFINITIONAL_REPRESENTATION('',(#4083),#4087);
#4083 = ( BOUNDED_CURVE() B_SPLINE_CURVE(2,(#4084,#4085,#4086),
.UNSPECIFIED.,.F.,.F.) B_SPLINE_CURVE_WITH_KNOTS((3,3),(-0.585681632341,
0.585681632341),.PIECEWISE_BEZIER_KNOTS.) CURVE() 
GEOMETRIC_REPRESENTATION_ITEM() RATIONAL_B_SPLINE_CURVE((1.,
1.176470588235,1.)) REPRESENTATION_ITEM('') );
#4084 = CARTESIAN_POINT('',(81.757130750571,9.999999999999E-03));
#4085 = CARTESIAN_POINT('',(79.65,-1.3775));
#4086 = CARTESIAN_POINT('',(77.542869249429,9.999999999999E-03));
#4087 = ( GEOMETRIC_REPRESENTATION_CONTEXT(2) 
PARAMETRIC_REPRESENTATION_CONTEXT() REPRESENTATION_CONTEXT('2D SPACE',''
  ) );
#4088 = PCURVE('',#4089,#4094);
#4089 = CONICAL_SURFACE('',#4090,4.,0.674740942224);
#4090 = AXIS2_PLACEMENT_3D('',#4091,#4092,#4093);
#4091 = CARTESIAN_POINT('',(-38.25,38.,3.39));
#4092 = DIRECTION('',(-0.,-0.,-1.));
#4093 = DIRECTION('',(1.,0.,-0.));
#4094 = DEFINITIONAL_REPRESENTATION('',(#4095),#4108);
#4095 = B_SPLINE_CURVE_WITH_KNOTS('',6,(#4096,#4097,#4098,#4099,#4100,
    #4101,#4102,#4103,#4104,#4105,#4106,#4107),.UNSPECIFIED.,.F.,.F.,(7,
    5,7),(-0.585681632341,0.,0.585681632341),.UNSPECIFIED.);
#4096 = CARTESIAN_POINT('',(-2.125607359775,-1.462244959262E-15));
#4097 = CARTESIAN_POINT('',(-2.042635795193,-0.257105786989));
#4098 = CARTESIAN_POINT('',(-1.954544696691,-0.457041115907));
#4099 = CARTESIAN_POINT('',(-1.861965875729,-0.604215361181));
#4100 = CARTESIAN_POINT('',(-1.766022966184,-0.701405047385));
#4101 = CARTESIAN_POINT('',(-1.668409932185,-0.75));
#4102 = CARTESIAN_POINT('',(-1.473182721405,-0.75));
#4103 = CARTESIAN_POINT('',(-1.375569687405,-0.701405047385));
#4104 = CARTESIAN_POINT('',(-1.279626777861,-0.604215361181));
#4105 = CARTESIAN_POINT('',(-1.187047956899,-0.457041115907));
#4106 = CARTESIAN_POINT('',(-1.098956858396,-0.257105786989));
#4107 = CARTESIAN_POINT('',(-1.015985293815,-1.245616076409E-15));
#4108 = ( GEOMETRIC_REPRESENTATION_CONTEXT(2) 
PARAMETRIC_REPRESENTATION_CONTEXT() REPRESENTATION_CONTEXT('2D SPACE',''
  ) );
#4109 = ORIENTED_EDGE('',*,*,#4110,.F.);
#4110 = EDGE_CURVE('',#4111,#4073,#4113,.T.);
#4111 = VERTEX_POINT('',#4112);
#4112 = CARTESIAN_POINT('',(36.158095604479,41.4,3.4));
#4113 = SURFACE_CURVE('',#4114,(#4118,#4125),.PCURVE_S1.);
#4114 = LINE('',#4115,#4116);
#4115 = CARTESIAN_POINT('',(41.4,41.4,3.4));
#4116 = VECTOR('',#4117,1.);
#4117 = DIRECTION('',(-1.,0.,0.));
#4118 = PCURVE('',#2833,#4119);
#4119 = DEFINITIONAL_REPRESENTATION('',(#4120),#4124);
#4120 = LINE('',#4121,#4122);
#4121 = CARTESIAN_POINT('',(0.,-0.));
#4122 = VECTOR('',#4123,1.);
#4123 = DIRECTION('',(1.,0.));
#4124 = ( GEOMETRIC_REPRESENTATION_CONTEXT(2) 
PARAMETRIC_REPRESENTATION_CONTEXT() REPRESENTATION_CONTEXT('2D SPACE',''
  ) );
#4125 = PCURVE('',#3246,#4126);
#4126 = DEFINITIONAL_REPRESENTATION('',(#4127),#4131);
#4127 = LINE('',#4128,#4129);
#4128 = CARTESIAN_POINT('',(41.4,41.4));
#4129 = VECTOR('',#4130,1.);
#4130 = DIRECTION('',(-1.,0.));
#4131 = ( GEOMETRIC_REPRESENTATION_CONTEXT(2) 
PARAMETRIC_REPRESENTATION_CONTEXT() REPRESENTATION_CONTEXT('2D SPACE',''
  ) );
#4132 = ORIENTED_EDGE('',*,*,#4133,.T.);
#4133 = EDGE_CURVE('',#4111,#3997,#4134,.T.);
#4134 = SURFACE_CURVE('',#4135,(#4140,#4147),.PCURVE_S1.);
#4135 = HYPERBOLA('',#4136,4.25,3.4);
#4136 = AXIS2_PLACEMENT_3D('',#4137,#4138,#4139);
#4137 = CARTESIAN_POINT('',(38.25,41.4,8.39));
#4138 = DIRECTION('',(0.,-1.,0.));
#4139 = DIRECTION('',(-0.,-0.,-1.));
#4140 = PCURVE('',#2833,#4141);
#4141 = DEFINITIONAL_REPRESENTATION('',(#4142),#4146);
#4142 = ( BOUNDED_CURVE() B_SPLINE_CURVE(2,(#4143,#4144,#4145),
.UNSPECIFIED.,.F.,.F.) B_SPLINE_CURVE_WITH_KNOTS((3,3),(-0.585681632341,
0.585681632341),.PIECEWISE_BEZIER_KNOTS.) CURVE() 
GEOMETRIC_REPRESENTATION_ITEM() RATIONAL_B_SPLINE_CURVE((1.,
1.176470588235,1.)) REPRESENTATION_ITEM('') );
#4143 = CARTESIAN_POINT('',(5.257130750571,9.999999999999E-03));
#4144 = CARTESIAN_POINT('',(3.15,-1.3775));
#4145 = CARTESIAN_POINT('',(1.042869249429,9.999999999999E-03));
#4146 = ( GEOMETRIC_REPRESENTATION_CONTEXT(2) 
PARAMETRIC_REPRESENTATION_CONTEXT() REPRESENTATION_CONTEXT('2D SPACE',''
  ) );
#4147 = PCURVE('',#3867,#4148);
#4148 = DEFINITIONAL_REPRESENTATION('',(#4149),#4162);
#4149 = B_SPLINE_CURVE_WITH_KNOTS('',6,(#4150,#4151,#4152,#4153,#4154,
    #4155,#4156,#4157,#4158,#4159,#4160,#4161),.UNSPECIFIED.,.F.,.F.,(7,
    5,7),(-0.585681632341,0.,0.585681632341),.UNSPECIFIED.);
#4150 = CARTESIAN_POINT('',(-2.125607359775,-1.462244959262E-15));
#4151 = CARTESIAN_POINT('',(-2.042635795193,-0.257105786989));
#4152 = CARTESIAN_POINT('',(-1.954544696691,-0.457041115907));
#4153 = CARTESIAN_POINT('',(-1.861965875729,-0.604215361181));
#4154 = CARTESIAN_POINT('',(-1.766022966184,-0.701405047385));
#4155 = CARTESIAN_POINT('',(-1.668409932185,-0.75));
#4156 = CARTESIAN_POINT('',(-1.473182721405,-0.75));
#4157 = CARTESIAN_POINT('',(-1.375569687405,-0.701405047385));
#4158 = CARTESIAN_POINT('',(-1.279626777861,-0.604215361181));
#4159 = CARTESIAN_POINT('',(-1.187047956899,-0.457041115907));
#4160 = CARTESIAN_POINT('',(-1.098956858396,-0.257105786989));
#4161 = CARTESIAN_POINT('',(-1.015985293815,-1.245616076409E-15));
#4162 = ( GEOMETRIC_REPRESENTATION_CONTEXT(2) 
PARAMETRIC_REPRESENTATION_CONTEXT() REPRESENTATION_CONTEXT('2D SPACE',''
  ) );
#4163 = ADVANCED_FACE('',(#4164),#2806,.F.);
#4164 = FACE_BOUND('',#4165,.F.);
#4165 = EDGE_LOOP('',(#4166,#4167,#4191,#4220,#4241));
#4166 = ORIENTED_EDGE('',*,*,#4021,.F.);
#4167 = ORIENTED_EDGE('',*,*,#4168,.T.);
#4168 = EDGE_CURVE('',#4022,#4169,#4171,.T.);
#4169 = VERTEX_POINT('',#4170);
#4170 = CARTESIAN_POINT('',(-41.39853337159,40.454139687946,3.4));
#4171 = SURFACE_CURVE('',#4172,(#4177,#4184),.PCURVE_S1.);
#4172 = CIRCLE('',#4173,1.);
#4173 = AXIS2_PLACEMENT_3D('',#4174,#4175,#4176);
#4174 = CARTESIAN_POINT('',(-40.4,40.4,3.4));
#4175 = DIRECTION('',(0.,0.,1.));
#4176 = DIRECTION('',(0.,-1.,0.));
#4177 = PCURVE('',#2806,#4178);
#4178 = DEFINITIONAL_REPRESENTATION('',(#4179),#4183);
#4179 = LINE('',#4180,#4181);
#4180 = CARTESIAN_POINT('',(-3.14159265359,0.));
#4181 = VECTOR('',#4182,1.);
#4182 = DIRECTION('',(1.,0.));
#4183 = ( GEOMETRIC_REPRESENTATION_CONTEXT(2) 
PARAMETRIC_REPRESENTATION_CONTEXT() REPRESENTATION_CONTEXT('2D SPACE',''
  ) );
#4184 = PCURVE('',#4060,#4185);
#4185 = DEFINITIONAL_REPRESENTATION('',(#4186),#4190);
#4186 = CIRCLE('',#4187,1.);
#4187 = AXIS2_PLACEMENT_2D('',#4188,#4189);
#4188 = CARTESIAN_POINT('',(-40.4,40.4));
#4189 = DIRECTION('',(0.,-1.));
#4190 = ( GEOMETRIC_REPRESENTATION_CONTEXT(2) 
PARAMETRIC_REPRESENTATION_CONTEXT() REPRESENTATION_CONTEXT('2D SPACE',''
  ) );
#4191 = ORIENTED_EDGE('',*,*,#4192,.T.);
#4192 = EDGE_CURVE('',#4169,#4193,#4195,.T.);
#4193 = VERTEX_POINT('',#4194);
#4194 = CARTESIAN_POINT('',(-41.4,40.4,3.439857956583));
#4195 = SURFACE_CURVE('',#4196,(#4202,#4211),.PCURVE_S1.);
#4196 = B_SPLINE_CURVE_WITH_KNOTS('',4,(#4197,#4198,#4199,#4200,#4201),
  .UNSPECIFIED.,.F.,.F.,(5,5),(0.,1.),.PIECEWISE_BEZIER_KNOTS.);
#4197 = CARTESIAN_POINT('',(-41.39853332609,40.454140527106,3.3999994));
#4198 = CARTESIAN_POINT('',(-41.39927720964,40.440420813692,
    3.409809006335));
#4199 = CARTESIAN_POINT('',(-41.39976240563,40.426822954998,
    3.419726905322));
#4200 = CARTESIAN_POINT('',(-41.4,40.413348975165,3.429745386797));
#4201 = CARTESIAN_POINT('',(-41.4,40.4,3.439857956584));
#4202 = PCURVE('',#2806,#4203);
#4203 = DEFINITIONAL_REPRESENTATION('',(#4204),#4210);
#4204 = B_SPLINE_CURVE_WITH_KNOTS('',4,(#4205,#4206,#4207,#4208,#4209),
  .UNSPECIFIED.,.F.,.F.,(5,5),(0.,1.),.PIECEWISE_BEZIER_KNOTS.);
#4205 = CARTESIAN_POINT('',(1.516629315318,-5.999999053152E-07));
#4206 = CARTESIAN_POINT('',(1.530369180634,9.809006335466E-03));
#4207 = CARTESIAN_POINT('',(1.543973368146,1.972690532167E-02));
#4208 = CARTESIAN_POINT('',(1.55744735163,2.974538679686E-02));
#4209 = CARTESIAN_POINT('',(1.570796326795,3.985795658355E-02));
#4210 = ( GEOMETRIC_REPRESENTATION_CONTEXT(2) 
PARAMETRIC_REPRESENTATION_CONTEXT() REPRESENTATION_CONTEXT('2D SPACE',''
  ) );
#4211 = PCURVE('',#4089,#4212);
#4212 = DEFINITIONAL_REPRESENTATION('',(#4213),#4219);
#4213 = B_SPLINE_CURVE_WITH_KNOTS('',4,(#4214,#4215,#4216,#4217,#4218),
  .UNSPECIFIED.,.F.,.F.,(5,5),(0.,1.),.PIECEWISE_BEZIER_KNOTS.);
#4214 = CARTESIAN_POINT('',(-2.479505199873,-9.999400000051E-03));
#4215 = CARTESIAN_POINT('',(-2.482330399298,-1.980900633542E-02));
#4216 = CARTESIAN_POINT('',(-2.485106496791,-2.972690532161E-02));
#4217 = CARTESIAN_POINT('',(-2.487834645886,-3.974538679683E-02));
#4218 = CARTESIAN_POINT('',(-2.490515932145,-4.985795658352E-02));
#4219 = ( GEOMETRIC_REPRESENTATION_CONTEXT(2) 
PARAMETRIC_REPRESENTATION_CONTEXT() REPRESENTATION_CONTEXT('2D SPACE',''
  ) );
#4220 = ORIENTED_EDGE('',*,*,#4221,.T.);
#4221 = EDGE_CURVE('',#4193,#2764,#4222,.T.);
#4222 = SURFACE_CURVE('',#4223,(#4227,#4234),.PCURVE_S1.);
#4223 = LINE('',#4224,#4225);
#4224 = CARTESIAN_POINT('',(-41.4,40.4,3.4));
#4225 = VECTOR('',#4226,1.);
#4226 = DIRECTION('',(0.,0.,1.));
#4227 = PCURVE('',#2806,#4228);
#4228 = DEFINITIONAL_REPRESENTATION('',(#4229),#4233);
#4229 = LINE('',#4230,#4231);
#4230 = CARTESIAN_POINT('',(1.570796326795,0.));
#4231 = VECTOR('',#4232,1.);
#4232 = DIRECTION('',(0.,1.));
#4233 = ( GEOMETRIC_REPRESENTATION_CONTEXT(2) 
PARAMETRIC_REPRESENTATION_CONTEXT() REPRESENTATION_CONTEXT('2D SPACE',''
  ) );
#4234 = PCURVE('',#2778,#4235);
#4235 = DEFINITIONAL_REPRESENTATION('',(#4236),#4240);
#4236 = LINE('',#4237,#4238);
#4237 = CARTESIAN_POINT('',(1.,0.));
#4238 = VECTOR('',#4239,1.);
#4239 = DIRECTION('',(0.,-1.));
#4240 = ( GEOMETRIC_REPRESENTATION_CONTEXT(2) 
PARAMETRIC_REPRESENTATION_CONTEXT() REPRESENTATION_CONTEXT('2D SPACE',''
  ) );
#4241 = ORIENTED_EDGE('',*,*,#2789,.F.);
#4242 = ADVANCED_FACE('',(#4243),#2778,.T.);
#4243 = FACE_BOUND('',#4244,.T.);
#4244 = EDGE_LOOP('',(#4245,#4270,#4301,#4302,#4303,#4326));
#4245 = ORIENTED_EDGE('',*,*,#4246,.F.);
#4246 = EDGE_CURVE('',#4247,#4249,#4251,.T.);
#4247 = VERTEX_POINT('',#4248);
#4248 = CARTESIAN_POINT('',(-41.4,35.547743080344,3.4));
#4249 = VERTEX_POINT('',#4250);
#4250 = CARTESIAN_POINT('',(-41.4,-35.54774308034,3.4));
#4251 = SURFACE_CURVE('',#4252,(#4256,#4263),.PCURVE_S1.);
#4252 = LINE('',#4253,#4254);
#4253 = CARTESIAN_POINT('',(-41.4,41.4,3.4));
#4254 = VECTOR('',#4255,1.);
#4255 = DIRECTION('',(0.,-1.,0.));
#4256 = PCURVE('',#2778,#4257);
#4257 = DEFINITIONAL_REPRESENTATION('',(#4258),#4262);
#4258 = LINE('',#4259,#4260);
#4259 = CARTESIAN_POINT('',(0.,0.));
#4260 = VECTOR('',#4261,1.);
#4261 = DIRECTION('',(1.,0.));
#4262 = ( GEOMETRIC_REPRESENTATION_CONTEXT(2) 
PARAMETRIC_REPRESENTATION_CONTEXT() REPRESENTATION_CONTEXT('2D SPACE',''
  ) );
#4263 = PCURVE('',#3246,#4264);
#4264 = DEFINITIONAL_REPRESENTATION('',(#4265),#4269);
#4265 = LINE('',#4266,#4267);
#4266 = CARTESIAN_POINT('',(-41.4,41.4));
#4267 = VECTOR('',#4268,1.);
#4268 = DIRECTION('',(0.,-1.));
#4269 = ( GEOMETRIC_REPRESENTATION_CONTEXT(2) 
PARAMETRIC_REPRESENTATION_CONTEXT() REPRESENTATION_CONTEXT('2D SPACE',''
  ) );
#4270 = ORIENTED_EDGE('',*,*,#4271,.T.);
#4271 = EDGE_CURVE('',#4247,#4193,#4272,.T.);
#4272 = SURFACE_CURVE('',#4273,(#4278,#4285),.PCURVE_S1.);
#4273 = HYPERBOLA('',#4274,3.9375,3.15);
#4274 = AXIS2_PLACEMENT_3D('',#4275,#4276,#4277);
#4275 = CARTESIAN_POINT('',(-41.4,38.,8.39));
#4276 = DIRECTION('',(1.,0.,0.));
#4277 = DIRECTION('',(0.,-0.,-1.));
#4278 = PCURVE('',#2778,#4279);
#4279 = DEFINITIONAL_REPRESENTATION('',(#4280),#4284);
#4280 = ( BOUNDED_CURVE() B_SPLINE_CURVE(2,(#4281,#4282,#4283),
.UNSPECIFIED.,.F.,.F.) B_SPLINE_CURVE_WITH_KNOTS((3,3),(-0.719040559688,
0.719040559688),.PIECEWISE_BEZIER_KNOTS.) CURVE() 
GEOMETRIC_REPRESENTATION_ITEM() RATIONAL_B_SPLINE_CURVE((1.,
1.269841269841,1.)) REPRESENTATION_ITEM('') );
#4281 = CARTESIAN_POINT('',(5.865258607124,1.E-02));
#4282 = CARTESIAN_POINT('',(3.4,-1.88921875));
#4283 = CARTESIAN_POINT('',(0.934741392876,1.E-02));
#4284 = ( GEOMETRIC_REPRESENTATION_CONTEXT(2) 
PARAMETRIC_REPRESENTATION_CONTEXT() REPRESENTATION_CONTEXT('2D SPACE',''
  ) );
#4285 = PCURVE('',#4089,#4286);
#4286 = DEFINITIONAL_REPRESENTATION('',(#4287),#4300);
#4287 = B_SPLINE_CURVE_WITH_KNOTS('',6,(#4288,#4289,#4290,#4291,#4292,
    #4293,#4294,#4295,#4296,#4297,#4298,#4299),.UNSPECIFIED.,.F.,.F.,(7,
    5,7),(-0.719040559688,0.,0.719040559688),.UNSPECIFIED.);
#4288 = CARTESIAN_POINT('',(-3.805646930833,8.123583107013E-16));
#4289 = CARTESIAN_POINT('',(-3.711272857373,-0.369296026801));
#4290 = CARTESIAN_POINT('',(-3.608533838288,-0.652422347852));
#4291 = CARTESIAN_POINT('',(-3.498021434482,-0.858924243729));
#4292 = CARTESIAN_POINT('',(-3.381271867995,-0.994641062893));
#4293 = CARTESIAN_POINT('',(-3.261432746871,-1.0625));
#4294 = CARTESIAN_POINT('',(-3.021752560308,-1.0625));
#4295 = CARTESIAN_POINT('',(-2.901913439184,-0.994641062893));
#4296 = CARTESIAN_POINT('',(-2.785163872698,-0.858924243729));
#4297 = CARTESIAN_POINT('',(-2.674651468891,-0.652422347852));
#4298 = CARTESIAN_POINT('',(-2.571912449806,-0.369296026801));
#4299 = CARTESIAN_POINT('',(-2.477538376347,8.123583107013E-16));
#4300 = ( GEOMETRIC_REPRESENTATION_CONTEXT(2) 
PARAMETRIC_REPRESENTATION_CONTEXT() REPRESENTATION_CONTEXT('2D SPACE',''
  ) );
#4301 = ORIENTED_EDGE('',*,*,#4221,.T.);
#4302 = ORIENTED_EDGE('',*,*,#2763,.F.);
#4303 = ORIENTED_EDGE('',*,*,#4304,.F.);
#4304 = EDGE_CURVE('',#4305,#2735,#4307,.T.);
#4305 = VERTEX_POINT('',#4306);
#4306 = CARTESIAN_POINT('',(-41.4,-40.4,3.439857956583));
#4307 = SURFACE_CURVE('',#4308,(#4312,#4319),.PCURVE_S1.);
#4308 = LINE('',#4309,#4310);
#4309 = CARTESIAN_POINT('',(-41.4,-40.4,3.4));
#4310 = VECTOR('',#4311,1.);
#4311 = DIRECTION('',(0.,0.,1.));
#4312 = PCURVE('',#2778,#4313);
#4313 = DEFINITIONAL_REPRESENTATION('',(#4314),#4318);
#4314 = LINE('',#4315,#4316);
#4315 = CARTESIAN_POINT('',(81.8,0.));
#4316 = VECTOR('',#4317,1.);
#4317 = DIRECTION('',(0.,-1.));
#4318 = ( GEOMETRIC_REPRESENTATION_CONTEXT(2) 
PARAMETRIC_REPRESENTATION_CONTEXT() REPRESENTATION_CONTEXT('2D SPACE',''
  ) );
#4319 = PCURVE('',#2751,#4320);
#4320 = DEFINITIONAL_REPRESENTATION('',(#4321),#4325);
#4321 = LINE('',#4322,#4323);
#4322 = CARTESIAN_POINT('',(-1.570796326795,0.));
#4323 = VECTOR('',#4324,1.);
#4324 = DIRECTION('',(-0.,1.));
#4325 = ( GEOMETRIC_REPRESENTATION_CONTEXT(2) 
PARAMETRIC_REPRESENTATION_CONTEXT() REPRESENTATION_CONTEXT('2D SPACE',''
  ) );
#4326 = ORIENTED_EDGE('',*,*,#4327,.T.);
#4327 = EDGE_CURVE('',#4305,#4249,#4328,.T.);
#4328 = SURFACE_CURVE('',#4329,(#4334,#4341),.PCURVE_S1.);
#4329 = HYPERBOLA('',#4330,3.9375,3.15);
#4330 = AXIS2_PLACEMENT_3D('',#4331,#4332,#4333);
#4331 = CARTESIAN_POINT('',(-41.4,-38.,8.39));
#4332 = DIRECTION('',(1.,0.,0.));
#4333 = DIRECTION('',(0.,-0.,-1.));
#4334 = PCURVE('',#2778,#4335);
#4335 = DEFINITIONAL_REPRESENTATION('',(#4336),#4340);
#4336 = ( BOUNDED_CURVE() B_SPLINE_CURVE(2,(#4337,#4338,#4339),
.UNSPECIFIED.,.F.,.F.) B_SPLINE_CURVE_WITH_KNOTS((3,3),(-0.719040559688,
0.719040559688),.PIECEWISE_BEZIER_KNOTS.) CURVE() 
GEOMETRIC_REPRESENTATION_ITEM() RATIONAL_B_SPLINE_CURVE((1.,
1.269841269841,1.)) REPRESENTATION_ITEM('') );
#4337 = CARTESIAN_POINT('',(81.865258607124,1.E-02));
#4338 = CARTESIAN_POINT('',(79.4,-1.88921875));
#4339 = CARTESIAN_POINT('',(76.934741392876,1.E-02));
#4340 = ( GEOMETRIC_REPRESENTATION_CONTEXT(2) 
PARAMETRIC_REPRESENTATION_CONTEXT() REPRESENTATION_CONTEXT('2D SPACE',''
  ) );
#4341 = PCURVE('',#3273,#4342);
#4342 = DEFINITIONAL_REPRESENTATION('',(#4343),#4356);
#4343 = B_SPLINE_CURVE_WITH_KNOTS('',6,(#4344,#4345,#4346,#4347,#4348,
    #4349,#4350,#4351,#4352,#4353,#4354,#4355),.UNSPECIFIED.,.F.,.F.,(7,
    5,7),(-0.719040559688,0.,0.719040559688),.UNSPECIFIED.);
#4344 = CARTESIAN_POINT('',(-3.805646930833,8.123583107013E-16));
#4345 = CARTESIAN_POINT('',(-3.711272857373,-0.369296026801));
#4346 = CARTESIAN_POINT('',(-3.608533838288,-0.652422347852));
#4347 = CARTESIAN_POINT('',(-3.498021434482,-0.858924243729));
#4348 = CARTESIAN_POINT('',(-3.381271867995,-0.994641062893));
#4349 = CARTESIAN_POINT('',(-3.261432746871,-1.0625));
#4350 = CARTESIAN_POINT('',(-3.021752560308,-1.0625));
#4351 = CARTESIAN_POINT('',(-2.901913439184,-0.994641062893));
#4352 = CARTESIAN_POINT('',(-2.785163872698,-0.858924243729));
#4353 = CARTESIAN_POINT('',(-2.674651468891,-0.652422347852));
#4354 = CARTESIAN_POINT('',(-2.571912449806,-0.369296026801));
#4355 = CARTESIAN_POINT('',(-2.477538376347,8.123583107013E-16));
#4356 = ( GEOMETRIC_REPRESENTATION_CONTEXT(2) 
PARAMETRIC_REPRESENTATION_CONTEXT() REPRESENTATION_CONTEXT('2D SPACE',''
  ) );
#4357 = ADVANCED_FACE('',(#4358),#2751,.F.);
#4358 = FACE_BOUND('',#4359,.T.);
#4359 = EDGE_LOOP('',(#4360,#4361,#4389,#4416,#4417));
#4360 = ORIENTED_EDGE('',*,*,#3113,.F.);
#4361 = ORIENTED_EDGE('',*,*,#4362,.T.);
#4362 = EDGE_CURVE('',#3084,#4363,#4365,.T.);
#4363 = VERTEX_POINT('',#4364);
#4364 = CARTESIAN_POINT('',(-41.39853337159,-40.45413968794,3.4));
#4365 = SURFACE_CURVE('',#4366,(#4371,#4378),.PCURVE_S1.);
#4366 = CIRCLE('',#4367,1.);
#4367 = AXIS2_PLACEMENT_3D('',#4368,#4369,#4370);
#4368 = CARTESIAN_POINT('',(-40.4,-40.4,3.4));
#4369 = DIRECTION('',(-0.,-0.,-1.));
#4370 = DIRECTION('',(0.,-1.,0.));
#4371 = PCURVE('',#2751,#4372);
#4372 = DEFINITIONAL_REPRESENTATION('',(#4373),#4377);
#4373 = LINE('',#4374,#4375);
#4374 = CARTESIAN_POINT('',(-0.,0.));
#4375 = VECTOR('',#4376,1.);
#4376 = DIRECTION('',(-1.,0.));
#4377 = ( GEOMETRIC_REPRESENTATION_CONTEXT(2) 
PARAMETRIC_REPRESENTATION_CONTEXT() REPRESENTATION_CONTEXT('2D SPACE',''
  ) );
#4378 = PCURVE('',#3101,#4379);
#4379 = DEFINITIONAL_REPRESENTATION('',(#4380),#4388);
#4380 = ( BOUNDED_CURVE() B_SPLINE_CURVE(2,(#4381,#4382,#4383,#4384,
#4385,#4386,#4387),.UNSPECIFIED.,.T.,.F.) B_SPLINE_CURVE_WITH_KNOTS((1,2
    ,2,2,2,1),(-2.094395102393,0.,2.094395102393,4.188790204786,
6.28318530718,8.377580409573),.UNSPECIFIED.) CURVE() 
GEOMETRIC_REPRESENTATION_ITEM() RATIONAL_B_SPLINE_CURVE((1.,0.5,1.,0.5,
1.,0.5,1.)) REPRESENTATION_ITEM('') );
#4381 = CARTESIAN_POINT('',(-40.4,-41.4));
#4382 = CARTESIAN_POINT('',(-42.13205080756,-41.4));
#4383 = CARTESIAN_POINT('',(-41.26602540378,-39.9));
#4384 = CARTESIAN_POINT('',(-40.4,-38.4));
#4385 = CARTESIAN_POINT('',(-39.53397459621,-39.9));
#4386 = CARTESIAN_POINT('',(-38.66794919243,-41.4));
#4387 = CARTESIAN_POINT('',(-40.4,-41.4));
#4388 = ( GEOMETRIC_REPRESENTATION_CONTEXT(2) 
PARAMETRIC_REPRESENTATION_CONTEXT() REPRESENTATION_CONTEXT('2D SPACE',''
  ) );
#4389 = ORIENTED_EDGE('',*,*,#4390,.T.);
#4390 = EDGE_CURVE('',#4363,#4305,#4391,.T.);
#4391 = SURFACE_CURVE('',#4392,(#4398,#4407),.PCURVE_S1.);
#4392 = B_SPLINE_CURVE_WITH_KNOTS('',4,(#4393,#4394,#4395,#4396,#4397),
  .UNSPECIFIED.,.F.,.F.,(5,5),(0.,1.),.PIECEWISE_BEZIER_KNOTS.);
#4393 = CARTESIAN_POINT('',(-41.39853332609,-40.4541405271,3.3999994));
#4394 = CARTESIAN_POINT('',(-41.39927720964,-40.44042081369,
    3.409809006335));
#4395 = CARTESIAN_POINT('',(-41.39976240563,-40.42682295499,
    3.419726905322));
#4396 = CARTESIAN_POINT('',(-41.4,-40.41334897516,3.429745386797));
#4397 = CARTESIAN_POINT('',(-41.4,-40.4,3.439857956584));
#4398 = PCURVE('',#2751,#4399);
#4399 = DEFINITIONAL_REPRESENTATION('',(#4400),#4406);
#4400 = B_SPLINE_CURVE_WITH_KNOTS('',4,(#4401,#4402,#4403,#4404,#4405),
  .UNSPECIFIED.,.F.,.F.,(5,5),(0.,1.),.PIECEWISE_BEZIER_KNOTS.);
#4401 = CARTESIAN_POINT('',(-1.516629315318,-5.999999053152E-07));
#4402 = CARTESIAN_POINT('',(-1.530369180634,9.809006335466E-03));
#4403 = CARTESIAN_POINT('',(-1.543973368146,1.972690532167E-02));
#4404 = CARTESIAN_POINT('',(-1.55744735163,2.974538679686E-02));
#4405 = CARTESIAN_POINT('',(-1.570796326795,3.985795658355E-02));
#4406 = ( GEOMETRIC_REPRESENTATION_CONTEXT(2) 
PARAMETRIC_REPRESENTATION_CONTEXT() REPRESENTATION_CONTEXT('2D SPACE',''
  ) );
#4407 = PCURVE('',#3273,#4408);
#4408 = DEFINITIONAL_REPRESENTATION('',(#4409),#4415);
#4409 = B_SPLINE_CURVE_WITH_KNOTS('',4,(#4410,#4411,#4412,#4413,#4414),
  .UNSPECIFIED.,.F.,.F.,(5,5),(0.,1.),.PIECEWISE_BEZIER_KNOTS.);
#4410 = CARTESIAN_POINT('',(-3.803680107306,-9.999400000051E-03));
#4411 = CARTESIAN_POINT('',(-3.800854907881,-1.980900633542E-02));
#4412 = CARTESIAN_POINT('',(-3.798078810389,-2.972690532161E-02));
#4413 = CARTESIAN_POINT('',(-3.795350661294,-3.974538679683E-02));
#4414 = CARTESIAN_POINT('',(-3.792669375034,-4.985795658352E-02));
#4415 = ( GEOMETRIC_REPRESENTATION_CONTEXT(2) 
PARAMETRIC_REPRESENTATION_CONTEXT() REPRESENTATION_CONTEXT('2D SPACE',''
  ) );
#4416 = ORIENTED_EDGE('',*,*,#4304,.T.);
#4417 = ORIENTED_EDGE('',*,*,#2734,.T.);
#4418 = ADVANCED_FACE('',(#4419),#3101,.T.);
#4419 = FACE_BOUND('',#4420,.T.);
#4420 = EDGE_LOOP('',(#4421,#4422,#4423));
#4421 = ORIENTED_EDGE('',*,*,#4362,.F.);
#4422 = ORIENTED_EDGE('',*,*,#3083,.T.);
#4423 = ORIENTED_EDGE('',*,*,#4424,.F.);
#4424 = EDGE_CURVE('',#4363,#3086,#4425,.T.);
#4425 = SURFACE_CURVE('',#4426,(#4431,#4438),.PCURVE_S1.);
#4426 = CIRCLE('',#4427,3.992);
#4427 = AXIS2_PLACEMENT_3D('',#4428,#4429,#4430);
#4428 = CARTESIAN_POINT('',(-38.25,-38.,3.4));
#4429 = DIRECTION('',(0.,0.,1.));
#4430 = DIRECTION('',(1.,0.,-0.));
#4431 = PCURVE('',#3101,#4432);
#4432 = DEFINITIONAL_REPRESENTATION('',(#4433),#4437);
#4433 = CIRCLE('',#4434,3.992);
#4434 = AXIS2_PLACEMENT_2D('',#4435,#4436);
#4435 = CARTESIAN_POINT('',(-38.25,-38.));
#4436 = DIRECTION('',(1.,0.));
#4437 = ( GEOMETRIC_REPRESENTATION_CONTEXT(2) 
PARAMETRIC_REPRESENTATION_CONTEXT() REPRESENTATION_CONTEXT('2D SPACE',''
  ) );
#4438 = PCURVE('',#3273,#4439);
#4439 = DEFINITIONAL_REPRESENTATION('',(#4440),#4444);
#4440 = LINE('',#4441,#4442);
#4441 = CARTESIAN_POINT('',(-0.,-1.E-02));
#4442 = VECTOR('',#4443,1.);
#4443 = DIRECTION('',(-1.,-0.));
#4444 = ( GEOMETRIC_REPRESENTATION_CONTEXT(2) 
PARAMETRIC_REPRESENTATION_CONTEXT() REPRESENTATION_CONTEXT('2D SPACE',''
  ) );
#4445 = ADVANCED_FACE('',(#4446),#3273,.T.);
#4446 = FACE_BOUND('',#4447,.T.);
#4447 = EDGE_LOOP('',(#4448,#4472,#4495,#4522,#4523,#4545,#4546,#4547,
    #4548));
#4448 = ORIENTED_EDGE('',*,*,#4449,.T.);
#4449 = EDGE_CURVE('',#3231,#4450,#4452,.T.);
#4450 = VERTEX_POINT('',#4451);
#4451 = CARTESIAN_POINT('',(-34.258,-38.,3.4));
#4452 = SURFACE_CURVE('',#4453,(#4458,#4465),.PCURVE_S1.);
#4453 = CIRCLE('',#4454,3.992);
#4454 = AXIS2_PLACEMENT_3D('',#4455,#4456,#4457);
#4455 = CARTESIAN_POINT('',(-38.25,-38.,3.4));
#4456 = DIRECTION('',(0.,0.,1.));
#4457 = DIRECTION('',(1.,0.,-0.));
#4458 = PCURVE('',#3273,#4459);
#4459 = DEFINITIONAL_REPRESENTATION('',(#4460),#4464);
#4460 = LINE('',#4461,#4462);
#4461 = CARTESIAN_POINT('',(-0.,-1.E-02));
#4462 = VECTOR('',#4463,1.);
#4463 = DIRECTION('',(-1.,-0.));
#4464 = ( GEOMETRIC_REPRESENTATION_CONTEXT(2) 
PARAMETRIC_REPRESENTATION_CONTEXT() REPRESENTATION_CONTEXT('2D SPACE',''
  ) );
#4465 = PCURVE('',#3246,#4466);
#4466 = DEFINITIONAL_REPRESENTATION('',(#4467),#4471);
#4467 = CIRCLE('',#4468,3.992);
#4468 = AXIS2_PLACEMENT_2D('',#4469,#4470);
#4469 = CARTESIAN_POINT('',(-38.25,-38.));
#4470 = DIRECTION('',(1.,0.));
#4471 = ( GEOMETRIC_REPRESENTATION_CONTEXT(2) 
PARAMETRIC_REPRESENTATION_CONTEXT() REPRESENTATION_CONTEXT('2D SPACE',''
  ) );
#4472 = ORIENTED_EDGE('',*,*,#4473,.T.);
#4473 = EDGE_CURVE('',#4450,#4474,#4476,.T.);
#4474 = VERTEX_POINT('',#4475);
#4475 = CARTESIAN_POINT('',(-35.45,-38.,4.89));
#4476 = SEAM_CURVE('',#4477,(#4481,#4488),.PCURVE_S1.);
#4477 = LINE('',#4478,#4479);
#4478 = CARTESIAN_POINT('',(-34.25,-38.,3.39));
#4479 = VECTOR('',#4480,1.);
#4480 = DIRECTION('',(-0.624695047554,0.,0.780868809443));
#4481 = PCURVE('',#3273,#4482);
#4482 = DEFINITIONAL_REPRESENTATION('',(#4483),#4487);
#4483 = LINE('',#4484,#4485);
#4484 = CARTESIAN_POINT('',(-0.,-0.));
#4485 = VECTOR('',#4486,1.);
#4486 = DIRECTION('',(-0.,-1.));
#4487 = ( GEOMETRIC_REPRESENTATION_CONTEXT(2) 
PARAMETRIC_REPRESENTATION_CONTEXT() REPRESENTATION_CONTEXT('2D SPACE',''
  ) );
#4488 = PCURVE('',#3273,#4489);
#4489 = DEFINITIONAL_REPRESENTATION('',(#4490),#4494);
#4490 = LINE('',#4491,#4492);
#4491 = CARTESIAN_POINT('',(-6.28318530718,-0.));
#4492 = VECTOR('',#4493,1.);
#4493 = DIRECTION('',(-0.,-1.));
#4494 = ( GEOMETRIC_REPRESENTATION_CONTEXT(2) 
PARAMETRIC_REPRESENTATION_CONTEXT() REPRESENTATION_CONTEXT('2D SPACE',''
  ) );
#4495 = ORIENTED_EDGE('',*,*,#4496,.F.);
#4496 = EDGE_CURVE('',#4474,#4474,#4497,.T.);
#4497 = SURFACE_CURVE('',#4498,(#4503,#4510),.PCURVE_S1.);
#4498 = CIRCLE('',#4499,2.8);
#4499 = AXIS2_PLACEMENT_3D('',#4500,#4501,#4502);
#4500 = CARTESIAN_POINT('',(-38.25,-38.,4.89));
#4501 = DIRECTION('',(0.,0.,1.));
#4502 = DIRECTION('',(1.,0.,-0.));
#4503 = PCURVE('',#3273,#4504);
#4504 = DEFINITIONAL_REPRESENTATION('',(#4505),#4509);
#4505 = LINE('',#4506,#4507);
#4506 = CARTESIAN_POINT('',(-0.,-1.5));
#4507 = VECTOR('',#4508,1.);
#4508 = DIRECTION('',(-1.,-0.));
#4509 = ( GEOMETRIC_REPRESENTATION_CONTEXT(2) 
PARAMETRIC_REPRESENTATION_CONTEXT() REPRESENTATION_CONTEXT('2D SPACE',''
  ) );
#4510 = PCURVE('',#4511,#4516);
#4511 = CYLINDRICAL_SURFACE('',#4512,2.8);
#4512 = AXIS2_PLACEMENT_3D('',#4513,#4514,#4515);
#4513 = CARTESIAN_POINT('',(-38.25,-38.,4.89));
#4514 = DIRECTION('',(0.,0.,1.));
#4515 = DIRECTION('',(1.,0.,-0.));
#4516 = DEFINITIONAL_REPRESENTATION('',(#4517),#4521);
#4517 = LINE('',#4518,#4519);
#4518 = CARTESIAN_POINT('',(0.,0.));
#4519 = VECTOR('',#4520,1.);
#4520 = DIRECTION('',(1.,0.));
#4521 = ( GEOMETRIC_REPRESENTATION_CONTEXT(2) 
PARAMETRIC_REPRESENTATION_CONTEXT() REPRESENTATION_CONTEXT('2D SPACE',''
  ) );
#4522 = ORIENTED_EDGE('',*,*,#4473,.F.);
#4523 = ORIENTED_EDGE('',*,*,#4524,.T.);
#4524 = EDGE_CURVE('',#4450,#4249,#4525,.T.);
#4525 = SURFACE_CURVE('',#4526,(#4531,#4538),.PCURVE_S1.);
#4526 = CIRCLE('',#4527,3.992);
#4527 = AXIS2_PLACEMENT_3D('',#4528,#4529,#4530);
#4528 = CARTESIAN_POINT('',(-38.25,-38.,3.4));
#4529 = DIRECTION('',(0.,0.,1.));
#4530 = DIRECTION('',(1.,0.,-0.));
#4531 = PCURVE('',#3273,#4532);
#4532 = DEFINITIONAL_REPRESENTATION('',(#4533),#4537);
#4533 = LINE('',#4534,#4535);
#4534 = CARTESIAN_POINT('',(-0.,-1.E-02));
#4535 = VECTOR('',#4536,1.);
#4536 = DIRECTION('',(-1.,-0.));
#4537 = ( GEOMETRIC_REPRESENTATION_CONTEXT(2) 
PARAMETRIC_REPRESENTATION_CONTEXT() REPRESENTATION_CONTEXT('2D SPACE',''
  ) );
#4538 = PCURVE('',#3246,#4539);
#4539 = DEFINITIONAL_REPRESENTATION('',(#4540),#4544);
#4540 = CIRCLE('',#4541,3.992);
#4541 = AXIS2_PLACEMENT_2D('',#4542,#4543);
#4542 = CARTESIAN_POINT('',(-38.25,-38.));
#4543 = DIRECTION('',(1.,0.));
#4544 = ( GEOMETRIC_REPRESENTATION_CONTEXT(2) 
PARAMETRIC_REPRESENTATION_CONTEXT() REPRESENTATION_CONTEXT('2D SPACE',''
  ) );
#4545 = ORIENTED_EDGE('',*,*,#4327,.F.);
#4546 = ORIENTED_EDGE('',*,*,#4390,.F.);
#4547 = ORIENTED_EDGE('',*,*,#4424,.T.);
#4548 = ORIENTED_EDGE('',*,*,#3258,.F.);
#4549 = ADVANCED_FACE('',(#4550),#3246,.T.);
#4550 = FACE_BOUND('',#4551,.T.);
#4551 = EDGE_LOOP('',(#4552,#4553,#4554,#4576,#4577,#4599,#4600,#4624,
    #4646,#4647));
#4552 = ORIENTED_EDGE('',*,*,#4449,.F.);
#4553 = ORIENTED_EDGE('',*,*,#3230,.T.);
#4554 = ORIENTED_EDGE('',*,*,#4555,.F.);
#4555 = EDGE_CURVE('',#3747,#3193,#4556,.T.);
#4556 = SURFACE_CURVE('',#4557,(#4562,#4569),.PCURVE_S1.);
#4557 = CIRCLE('',#4558,3.992);
#4558 = AXIS2_PLACEMENT_3D('',#4559,#4560,#4561);
#4559 = CARTESIAN_POINT('',(38.25,-38.,3.4));
#4560 = DIRECTION('',(0.,0.,1.));
#4561 = DIRECTION('',(1.,0.,-0.));
#4562 = PCURVE('',#3246,#4563);
#4563 = DEFINITIONAL_REPRESENTATION('',(#4564),#4568);
#4564 = CIRCLE('',#4565,3.992);
#4565 = AXIS2_PLACEMENT_2D('',#4566,#4567);
#4566 = CARTESIAN_POINT('',(38.25,-38.));
#4567 = DIRECTION('',(1.,0.));
#4568 = ( GEOMETRIC_REPRESENTATION_CONTEXT(2) 
PARAMETRIC_REPRESENTATION_CONTEXT() REPRESENTATION_CONTEXT('2D SPACE',''
  ) );
#4569 = PCURVE('',#3209,#4570);
#4570 = DEFINITIONAL_REPRESENTATION('',(#4571),#4575);
#4571 = LINE('',#4572,#4573);
#4572 = CARTESIAN_POINT('',(-0.,-1.E-02));
#4573 = VECTOR('',#4574,1.);
#4574 = DIRECTION('',(-1.,-0.));
#4575 = ( GEOMETRIC_REPRESENTATION_CONTEXT(2) 
PARAMETRIC_REPRESENTATION_CONTEXT() REPRESENTATION_CONTEXT('2D SPACE',''
  ) );
#4576 = ORIENTED_EDGE('',*,*,#3746,.T.);
#4577 = ORIENTED_EDGE('',*,*,#4578,.F.);
#4578 = EDGE_CURVE('',#4111,#3749,#4579,.T.);
#4579 = SURFACE_CURVE('',#4580,(#4585,#4592),.PCURVE_S1.);
#4580 = CIRCLE('',#4581,3.992);
#4581 = AXIS2_PLACEMENT_3D('',#4582,#4583,#4584);
#4582 = CARTESIAN_POINT('',(38.25,38.,3.4));
#4583 = DIRECTION('',(0.,0.,1.));
#4584 = DIRECTION('',(1.,0.,-0.));
#4585 = PCURVE('',#3246,#4586);
#4586 = DEFINITIONAL_REPRESENTATION('',(#4587),#4591);
#4587 = CIRCLE('',#4588,3.992);
#4588 = AXIS2_PLACEMENT_2D('',#4589,#4590);
#4589 = CARTESIAN_POINT('',(38.25,38.));
#4590 = DIRECTION('',(1.,0.));
#4591 = ( GEOMETRIC_REPRESENTATION_CONTEXT(2) 
PARAMETRIC_REPRESENTATION_CONTEXT() REPRESENTATION_CONTEXT('2D SPACE',''
  ) );
#4592 = PCURVE('',#3867,#4593);
#4593 = DEFINITIONAL_REPRESENTATION('',(#4594),#4598);
#4594 = LINE('',#4595,#4596);
#4595 = CARTESIAN_POINT('',(-0.,-1.E-02));
#4596 = VECTOR('',#4597,1.);
#4597 = DIRECTION('',(-1.,-0.));
#4598 = ( GEOMETRIC_REPRESENTATION_CONTEXT(2) 
PARAMETRIC_REPRESENTATION_CONTEXT() REPRESENTATION_CONTEXT('2D SPACE',''
  ) );
#4599 = ORIENTED_EDGE('',*,*,#4110,.T.);
#4600 = ORIENTED_EDGE('',*,*,#4601,.F.);
#4601 = EDGE_CURVE('',#4602,#4073,#4604,.T.);
#4602 = VERTEX_POINT('',#4603);
#4603 = CARTESIAN_POINT('',(-34.258,38.,3.4));
#4604 = SURFACE_CURVE('',#4605,(#4610,#4617),.PCURVE_S1.);
#4605 = CIRCLE('',#4606,3.992);
#4606 = AXIS2_PLACEMENT_3D('',#4607,#4608,#4609);
#4607 = CARTESIAN_POINT('',(-38.25,38.,3.4));
#4608 = DIRECTION('',(0.,0.,1.));
#4609 = DIRECTION('',(1.,0.,-0.));
#4610 = PCURVE('',#3246,#4611);
#4611 = DEFINITIONAL_REPRESENTATION('',(#4612),#4616);
#4612 = CIRCLE('',#4613,3.992);
#4613 = AXIS2_PLACEMENT_2D('',#4614,#4615);
#4614 = CARTESIAN_POINT('',(-38.25,38.));
#4615 = DIRECTION('',(1.,0.));
#4616 = ( GEOMETRIC_REPRESENTATION_CONTEXT(2) 
PARAMETRIC_REPRESENTATION_CONTEXT() REPRESENTATION_CONTEXT('2D SPACE',''
  ) );
#4617 = PCURVE('',#4089,#4618);
#4618 = DEFINITIONAL_REPRESENTATION('',(#4619),#4623);
#4619 = LINE('',#4620,#4621);
#4620 = CARTESIAN_POINT('',(-0.,-1.E-02));
#4621 = VECTOR('',#4622,1.);
#4622 = DIRECTION('',(-1.,-0.));
#4623 = ( GEOMETRIC_REPRESENTATION_CONTEXT(2) 
PARAMETRIC_REPRESENTATION_CONTEXT() REPRESENTATION_CONTEXT('2D SPACE',''
  ) );
#4624 = ORIENTED_EDGE('',*,*,#4625,.F.);
#4625 = EDGE_CURVE('',#4247,#4602,#4626,.T.);
#4626 = SURFACE_CURVE('',#4627,(#4632,#4639),.PCURVE_S1.);
#4627 = CIRCLE('',#4628,3.992);
#4628 = AXIS2_PLACEMENT_3D('',#4629,#4630,#4631);
#4629 = CARTESIAN_POINT('',(-38.25,38.,3.4));
#4630 = DIRECTION('',(0.,0.,1.));
#4631 = DIRECTION('',(1.,0.,-0.));
#4632 = PCURVE('',#3246,#4633);
#4633 = DEFINITIONAL_REPRESENTATION('',(#4634),#4638);
#4634 = CIRCLE('',#4635,3.992);
#4635 = AXIS2_PLACEMENT_2D('',#4636,#4637);
#4636 = CARTESIAN_POINT('',(-38.25,38.));
#4637 = DIRECTION('',(1.,0.));
#4638 = ( GEOMETRIC_REPRESENTATION_CONTEXT(2) 
PARAMETRIC_REPRESENTATION_CONTEXT() REPRESENTATION_CONTEXT('2D SPACE',''
  ) );
#4639 = PCURVE('',#4089,#4640);
#4640 = DEFINITIONAL_REPRESENTATION('',(#4641),#4645);
#4641 = LINE('',#4642,#4643);
#4642 = CARTESIAN_POINT('',(-0.,-1.E-02));
#4643 = VECTOR('',#4644,1.);
#4644 = DIRECTION('',(-1.,-0.));
#4645 = ( GEOMETRIC_REPRESENTATION_CONTEXT(2) 
PARAMETRIC_REPRESENTATION_CONTEXT() REPRESENTATION_CONTEXT('2D SPACE',''
  ) );
#4646 = ORIENTED_EDGE('',*,*,#4246,.T.);
#4647 = ORIENTED_EDGE('',*,*,#4524,.F.);
#4648 = ADVANCED_FACE('',(#4649),#3209,.T.);
#4649 = FACE_BOUND('',#4650,.T.);
#4650 = EDGE_LOOP('',(#4651,#4652,#4675,#4702,#4703,#4704,#4705,#4706,
    #4728));
#4651 = ORIENTED_EDGE('',*,*,#3799,.F.);
#4652 = ORIENTED_EDGE('',*,*,#4653,.T.);
#4653 = EDGE_CURVE('',#3772,#4654,#4656,.T.);
#4654 = VERTEX_POINT('',#4655);
#4655 = CARTESIAN_POINT('',(41.05,-38.,4.89));
#4656 = SEAM_CURVE('',#4657,(#4661,#4668),.PCURVE_S1.);
#4657 = LINE('',#4658,#4659);
#4658 = CARTESIAN_POINT('',(42.25,-38.,3.39));
#4659 = VECTOR('',#4660,1.);
#4660 = DIRECTION('',(-0.624695047554,0.,0.780868809443));
#4661 = PCURVE('',#3209,#4662);
#4662 = DEFINITIONAL_REPRESENTATION('',(#4663),#4667);
#4663 = LINE('',#4664,#4665);
#4664 = CARTESIAN_POINT('',(-0.,-0.));
#4665 = VECTOR('',#4666,1.);
#4666 = DIRECTION('',(-0.,-1.));
#4667 = ( GEOMETRIC_REPRESENTATION_CONTEXT(2) 
PARAMETRIC_REPRESENTATION_CONTEXT() REPRESENTATION_CONTEXT('2D SPACE',''
  ) );
#4668 = PCURVE('',#3209,#4669);
#4669 = DEFINITIONAL_REPRESENTATION('',(#4670),#4674);
#4670 = LINE('',#4671,#4672);
#4671 = CARTESIAN_POINT('',(-6.28318530718,-0.));
#4672 = VECTOR('',#4673,1.);
#4673 = DIRECTION('',(-0.,-1.));
#4674 = ( GEOMETRIC_REPRESENTATION_CONTEXT(2) 
PARAMETRIC_REPRESENTATION_CONTEXT() REPRESENTATION_CONTEXT('2D SPACE',''
  ) );
#4675 = ORIENTED_EDGE('',*,*,#4676,.F.);
#4676 = EDGE_CURVE('',#4654,#4654,#4677,.T.);
#4677 = SURFACE_CURVE('',#4678,(#4683,#4690),.PCURVE_S1.);
#4678 = CIRCLE('',#4679,2.8);
#4679 = AXIS2_PLACEMENT_3D('',#4680,#4681,#4682);
#4680 = CARTESIAN_POINT('',(38.25,-38.,4.89));
#4681 = DIRECTION('',(0.,0.,1.));
#4682 = DIRECTION('',(1.,0.,-0.));
#4683 = PCURVE('',#3209,#4684);
#4684 = DEFINITIONAL_REPRESENTATION('',(#4685),#4689);
#4685 = LINE('',#4686,#4687);
#4686 = CARTESIAN_POINT('',(-0.,-1.5));
#4687 = VECTOR('',#4688,1.);
#4688 = DIRECTION('',(-1.,-0.));
#4689 = ( GEOMETRIC_REPRESENTATION_CONTEXT(2) 
PARAMETRIC_REPRESENTATION_CONTEXT() REPRESENTATION_CONTEXT('2D SPACE',''
  ) );
#4690 = PCURVE('',#4691,#4696);
#4691 = CYLINDRICAL_SURFACE('',#4692,2.8);
#4692 = AXIS2_PLACEMENT_3D('',#4693,#4694,#4695);
#4693 = CARTESIAN_POINT('',(38.25,-38.,4.89));
#4694 = DIRECTION('',(0.,0.,1.));
#4695 = DIRECTION('',(1.,0.,-0.));
#4696 = DEFINITIONAL_REPRESENTATION('',(#4697),#4701);
#4697 = LINE('',#4698,#4699);
#4698 = CARTESIAN_POINT('',(0.,0.));
#4699 = VECTOR('',#4700,1.);
#4700 = DIRECTION('',(1.,0.));
#4701 = ( GEOMETRIC_REPRESENTATION_CONTEXT(2) 
PARAMETRIC_REPRESENTATION_CONTEXT() REPRESENTATION_CONTEXT('2D SPACE',''
  ) );
#4702 = ORIENTED_EDGE('',*,*,#4653,.F.);
#4703 = ORIENTED_EDGE('',*,*,#3771,.F.);
#4704 = ORIENTED_EDGE('',*,*,#4555,.T.);
#4705 = ORIENTED_EDGE('',*,*,#3192,.F.);
#4706 = ORIENTED_EDGE('',*,*,#4707,.T.);
#4707 = EDGE_CURVE('',#3165,#3669,#4708,.T.);
#4708 = SURFACE_CURVE('',#4709,(#4714,#4721),.PCURVE_S1.);
#4709 = CIRCLE('',#4710,3.992);
#4710 = AXIS2_PLACEMENT_3D('',#4711,#4712,#4713);
#4711 = CARTESIAN_POINT('',(38.25,-38.,3.4));
#4712 = DIRECTION('',(0.,0.,1.));
#4713 = DIRECTION('',(1.,0.,-0.));
#4714 = PCURVE('',#3209,#4715);
#4715 = DEFINITIONAL_REPRESENTATION('',(#4716),#4720);
#4716 = LINE('',#4717,#4718);
#4717 = CARTESIAN_POINT('',(-0.,-1.E-02));
#4718 = VECTOR('',#4719,1.);
#4719 = DIRECTION('',(-1.,-0.));
#4720 = ( GEOMETRIC_REPRESENTATION_CONTEXT(2) 
PARAMETRIC_REPRESENTATION_CONTEXT() REPRESENTATION_CONTEXT('2D SPACE',''
  ) );
#4721 = PCURVE('',#3180,#4722);
#4722 = DEFINITIONAL_REPRESENTATION('',(#4723),#4727);
#4723 = CIRCLE('',#4724,3.992);
#4724 = AXIS2_PLACEMENT_2D('',#4725,#4726);
#4725 = CARTESIAN_POINT('',(38.25,-38.));
#4726 = DIRECTION('',(1.,0.));
#4727 = ( GEOMETRIC_REPRESENTATION_CONTEXT(2) 
PARAMETRIC_REPRESENTATION_CONTEXT() REPRESENTATION_CONTEXT('2D SPACE',''
  ) );
#4728 = ORIENTED_EDGE('',*,*,#3692,.T.);
#4729 = ADVANCED_FACE('',(#4730),#3180,.T.);
#4730 = FACE_BOUND('',#4731,.T.);
#4731 = EDGE_LOOP('',(#4732,#4733,#4734));
#4732 = ORIENTED_EDGE('',*,*,#4707,.F.);
#4733 = ORIENTED_EDGE('',*,*,#3164,.T.);
#4734 = ORIENTED_EDGE('',*,*,#3668,.T.);
#4735 = ADVANCED_FACE('',(#4736),#3867,.T.);
#4736 = FACE_BOUND('',#4737,.T.);
#4737 = EDGE_LOOP('',(#4738,#4739,#4762,#4789,#4790,#4791,#4792,#4814,
    #4815));
#4738 = ORIENTED_EDGE('',*,*,#3883,.F.);
#4739 = ORIENTED_EDGE('',*,*,#4740,.T.);
#4740 = EDGE_CURVE('',#3851,#4741,#4743,.T.);
#4741 = VERTEX_POINT('',#4742);
#4742 = CARTESIAN_POINT('',(41.05,38.,4.89));
#4743 = SEAM_CURVE('',#4744,(#4748,#4755),.PCURVE_S1.);
#4744 = LINE('',#4745,#4746);
#4745 = CARTESIAN_POINT('',(42.25,38.,3.39));
#4746 = VECTOR('',#4747,1.);
#4747 = DIRECTION('',(-0.624695047554,0.,0.780868809443));
#4748 = PCURVE('',#3867,#4749);
#4749 = DEFINITIONAL_REPRESENTATION('',(#4750),#4754);
#4750 = LINE('',#4751,#4752);
#4751 = CARTESIAN_POINT('',(-0.,-0.));
#4752 = VECTOR('',#4753,1.);
#4753 = DIRECTION('',(-0.,-1.));
#4754 = ( GEOMETRIC_REPRESENTATION_CONTEXT(2) 
PARAMETRIC_REPRESENTATION_CONTEXT() REPRESENTATION_CONTEXT('2D SPACE',''
  ) );
#4755 = PCURVE('',#3867,#4756);
#4756 = DEFINITIONAL_REPRESENTATION('',(#4757),#4761);
#4757 = LINE('',#4758,#4759);
#4758 = CARTESIAN_POINT('',(-6.28318530718,-0.));
#4759 = VECTOR('',#4760,1.);
#4760 = DIRECTION('',(-0.,-1.));
#4761 = ( GEOMETRIC_REPRESENTATION_CONTEXT(2) 
PARAMETRIC_REPRESENTATION_CONTEXT() REPRESENTATION_CONTEXT('2D SPACE',''
  ) );
#4762 = ORIENTED_EDGE('',*,*,#4763,.F.);
#4763 = EDGE_CURVE('',#4741,#4741,#4764,.T.);
#4764 = SURFACE_CURVE('',#4765,(#4770,#4777),.PCURVE_S1.);
#4765 = CIRCLE('',#4766,2.8);
#4766 = AXIS2_PLACEMENT_3D('',#4767,#4768,#4769);
#4767 = CARTESIAN_POINT('',(38.25,38.,4.89));
#4768 = DIRECTION('',(0.,0.,1.));
#4769 = DIRECTION('',(1.,0.,-0.));
#4770 = PCURVE('',#3867,#4771);
#4771 = DEFINITIONAL_REPRESENTATION('',(#4772),#4776);
#4772 = LINE('',#4773,#4774);
#4773 = CARTESIAN_POINT('',(-0.,-1.5));
#4774 = VECTOR('',#4775,1.);
#4775 = DIRECTION('',(-1.,-0.));
#4776 = ( GEOMETRIC_REPRESENTATION_CONTEXT(2) 
PARAMETRIC_REPRESENTATION_CONTEXT() REPRESENTATION_CONTEXT('2D SPACE',''
  ) );
#4777 = PCURVE('',#4778,#4783);
#4778 = CYLINDRICAL_SURFACE('',#4779,2.8);
#4779 = AXIS2_PLACEMENT_3D('',#4780,#4781,#4782);
#4780 = CARTESIAN_POINT('',(38.25,38.,4.89));
#4781 = DIRECTION('',(0.,0.,1.));
#4782 = DIRECTION('',(1.,0.,-0.));
#4783 = DEFINITIONAL_REPRESENTATION('',(#4784),#4788);
#4784 = LINE('',#4785,#4786);
#4785 = CARTESIAN_POINT('',(0.,0.));
#4786 = VECTOR('',#4787,1.);
#4787 = DIRECTION('',(1.,0.));
#4788 = ( GEOMETRIC_REPRESENTATION_CONTEXT(2) 
PARAMETRIC_REPRESENTATION_CONTEXT() REPRESENTATION_CONTEXT('2D SPACE',''
  ) );
#4789 = ORIENTED_EDGE('',*,*,#4740,.F.);
#4790 = ORIENTED_EDGE('',*,*,#3850,.F.);
#4791 = ORIENTED_EDGE('',*,*,#3913,.T.);
#4792 = ORIENTED_EDGE('',*,*,#4793,.T.);
#4793 = EDGE_CURVE('',#3914,#3997,#4794,.T.);
#4794 = SURFACE_CURVE('',#4795,(#4800,#4807),.PCURVE_S1.);
#4795 = CIRCLE('',#4796,3.992);
#4796 = AXIS2_PLACEMENT_3D('',#4797,#4798,#4799);
#4797 = CARTESIAN_POINT('',(38.25,38.,3.4));
#4798 = DIRECTION('',(0.,0.,1.));
#4799 = DIRECTION('',(1.,0.,-0.));
#4800 = PCURVE('',#3867,#4801);
#4801 = DEFINITIONAL_REPRESENTATION('',(#4802),#4806);
#4802 = LINE('',#4803,#4804);
#4803 = CARTESIAN_POINT('',(-0.,-1.E-02));
#4804 = VECTOR('',#4805,1.);
#4805 = DIRECTION('',(-1.,-0.));
#4806 = ( GEOMETRIC_REPRESENTATION_CONTEXT(2) 
PARAMETRIC_REPRESENTATION_CONTEXT() REPRESENTATION_CONTEXT('2D SPACE',''
  ) );
#4807 = PCURVE('',#3959,#4808);
#4808 = DEFINITIONAL_REPRESENTATION('',(#4809),#4813);
#4809 = CIRCLE('',#4810,3.992);
#4810 = AXIS2_PLACEMENT_2D('',#4811,#4812);
#4811 = CARTESIAN_POINT('',(38.25,38.));
#4812 = DIRECTION('',(1.,0.));
#4813 = ( GEOMETRIC_REPRESENTATION_CONTEXT(2) 
PARAMETRIC_REPRESENTATION_CONTEXT() REPRESENTATION_CONTEXT('2D SPACE',''
  ) );
#4814 = ORIENTED_EDGE('',*,*,#4133,.F.);
#4815 = ORIENTED_EDGE('',*,*,#4578,.T.);
#4816 = ADVANCED_FACE('',(#4817),#3959,.T.);
#4817 = FACE_BOUND('',#4818,.T.);
#4818 = EDGE_LOOP('',(#4819,#4820,#4821));
#4819 = ORIENTED_EDGE('',*,*,#4793,.F.);
#4820 = ORIENTED_EDGE('',*,*,#3942,.T.);
#4821 = ORIENTED_EDGE('',*,*,#3996,.T.);
#4822 = ADVANCED_FACE('',(#4823),#4089,.T.);
#4823 = FACE_BOUND('',#4824,.T.);
#4824 = EDGE_LOOP('',(#4825,#4826,#4849,#4876,#4877,#4878,#4879,#4901,
    #4902));
#4825 = ORIENTED_EDGE('',*,*,#4625,.T.);
#4826 = ORIENTED_EDGE('',*,*,#4827,.T.);
#4827 = EDGE_CURVE('',#4602,#4828,#4830,.T.);
#4828 = VERTEX_POINT('',#4829);
#4829 = CARTESIAN_POINT('',(-35.45,38.,4.89));
#4830 = SEAM_CURVE('',#4831,(#4835,#4842),.PCURVE_S1.);
#4831 = LINE('',#4832,#4833);
#4832 = CARTESIAN_POINT('',(-34.25,38.,3.39));
#4833 = VECTOR('',#4834,1.);
#4834 = DIRECTION('',(-0.624695047554,0.,0.780868809443));
#4835 = PCURVE('',#4089,#4836);
#4836 = DEFINITIONAL_REPRESENTATION('',(#4837),#4841);
#4837 = LINE('',#4838,#4839);
#4838 = CARTESIAN_POINT('',(-0.,-0.));
#4839 = VECTOR('',#4840,1.);
#4840 = DIRECTION('',(-0.,-1.));
#4841 = ( GEOMETRIC_REPRESENTATION_CONTEXT(2) 
PARAMETRIC_REPRESENTATION_CONTEXT() REPRESENTATION_CONTEXT('2D SPACE',''
  ) );
#4842 = PCURVE('',#4089,#4843);
#4843 = DEFINITIONAL_REPRESENTATION('',(#4844),#4848);
#4844 = LINE('',#4845,#4846);
#4845 = CARTESIAN_POINT('',(-6.28318530718,-0.));
#4846 = VECTOR('',#4847,1.);
#4847 = DIRECTION('',(-0.,-1.));
#4848 = ( GEOMETRIC_REPRESENTATION_CONTEXT(2) 
PARAMETRIC_REPRESENTATION_CONTEXT() REPRESENTATION_CONTEXT('2D SPACE',''
  ) );
#4849 = ORIENTED_EDGE('',*,*,#4850,.F.);
#4850 = EDGE_CURVE('',#4828,#4828,#4851,.T.);
#4851 = SURFACE_CURVE('',#4852,(#4857,#4864),.PCURVE_S1.);
#4852 = CIRCLE('',#4853,2.8);
#4853 = AXIS2_PLACEMENT_3D('',#4854,#4855,#4856);
#4854 = CARTESIAN_POINT('',(-38.25,38.,4.89));
#4855 = DIRECTION('',(0.,0.,1.));
#4856 = DIRECTION('',(1.,0.,-0.));
#4857 = PCURVE('',#4089,#4858);
#4858 = DEFINITIONAL_REPRESENTATION('',(#4859),#4863);
#4859 = LINE('',#4860,#4861);
#4860 = CARTESIAN_POINT('',(-0.,-1.5));
#4861 = VECTOR('',#4862,1.);
#4862 = DIRECTION('',(-1.,-0.));
#4863 = ( GEOMETRIC_REPRESENTATION_CONTEXT(2) 
PARAMETRIC_REPRESENTATION_CONTEXT() REPRESENTATION_CONTEXT('2D SPACE',''
  ) );
#4864 = PCURVE('',#4865,#4870);
#4865 = CYLINDRICAL_SURFACE('',#4866,2.8);
#4866 = AXIS2_PLACEMENT_3D('',#4867,#4868,#4869);
#4867 = CARTESIAN_POINT('',(-38.25,38.,4.89));
#4868 = DIRECTION('',(0.,0.,1.));
#4869 = DIRECTION('',(1.,0.,-0.));
#4870 = DEFINITIONAL_REPRESENTATION('',(#4871),#4875);
#4871 = LINE('',#4872,#4873);
#4872 = CARTESIAN_POINT('',(0.,0.));
#4873 = VECTOR('',#4874,1.);
#4874 = DIRECTION('',(1.,0.));
#4875 = ( GEOMETRIC_REPRESENTATION_CONTEXT(2) 
PARAMETRIC_REPRESENTATION_CONTEXT() REPRESENTATION_CONTEXT('2D SPACE',''
  ) );
#4876 = ORIENTED_EDGE('',*,*,#4827,.F.);
#4877 = ORIENTED_EDGE('',*,*,#4601,.T.);
#4878 = ORIENTED_EDGE('',*,*,#4072,.F.);
#4879 = ORIENTED_EDGE('',*,*,#4880,.T.);
#4880 = EDGE_CURVE('',#4045,#4169,#4881,.T.);
#4881 = SURFACE_CURVE('',#4882,(#4887,#4894),.PCURVE_S1.);
#4882 = CIRCLE('',#4883,3.992);
#4883 = AXIS2_PLACEMENT_3D('',#4884,#4885,#4886);
#4884 = CARTESIAN_POINT('',(-38.25,38.,3.4));
#4885 = DIRECTION('',(0.,0.,1.));
#4886 = DIRECTION('',(1.,0.,-0.));
#4887 = PCURVE('',#4089,#4888);
#4888 = DEFINITIONAL_REPRESENTATION('',(#4889),#4893);
#4889 = LINE('',#4890,#4891);
#4890 = CARTESIAN_POINT('',(-0.,-1.E-02));
#4891 = VECTOR('',#4892,1.);
#4892 = DIRECTION('',(-1.,-0.));
#4893 = ( GEOMETRIC_REPRESENTATION_CONTEXT(2) 
PARAMETRIC_REPRESENTATION_CONTEXT() REPRESENTATION_CONTEXT('2D SPACE',''
  ) );
#4894 = PCURVE('',#4060,#4895);
#4895 = DEFINITIONAL_REPRESENTATION('',(#4896),#4900);
#4896 = CIRCLE('',#4897,3.992);
#4897 = AXIS2_PLACEMENT_2D('',#4898,#4899);
#4898 = CARTESIAN_POINT('',(-38.25,38.));
#4899 = DIRECTION('',(1.,0.));
#4900 = ( GEOMETRIC_REPRESENTATION_CONTEXT(2) 
PARAMETRIC_REPRESENTATION_CONTEXT() REPRESENTATION_CONTEXT('2D SPACE',''
  ) );
#4901 = ORIENTED_EDGE('',*,*,#4192,.T.);
#4902 = ORIENTED_EDGE('',*,*,#4271,.F.);
#4903 = ADVANCED_FACE('',(#4904),#4060,.T.);
#4904 = FACE_BOUND('',#4905,.T.);
#4905 = EDGE_LOOP('',(#4906,#4907,#4908));
#4906 = ORIENTED_EDGE('',*,*,#4168,.T.);
#4907 = ORIENTED_EDGE('',*,*,#4880,.F.);
#4908 = ORIENTED_EDGE('',*,*,#4044,.T.);
#4909 = ADVANCED_FACE('',(#4910),#4511,.T.);
#4910 = FACE_BOUND('',#4911,.T.);
#4911 = EDGE_LOOP('',(#4912,#4913,#4936,#4963));
#4912 = ORIENTED_EDGE('',*,*,#4496,.T.);
#4913 = ORIENTED_EDGE('',*,*,#4914,.T.);
#4914 = EDGE_CURVE('',#4474,#4915,#4917,.T.);
#4915 = VERTEX_POINT('',#4916);
#4916 = CARTESIAN_POINT('',(-35.45,-38.,7.9));
#4917 = SEAM_CURVE('',#4918,(#4922,#4929),.PCURVE_S1.);
#4918 = LINE('',#4919,#4920);
#4919 = CARTESIAN_POINT('',(-35.45,-38.,4.89));
#4920 = VECTOR('',#4921,1.);
#4921 = DIRECTION('',(0.,0.,1.));
#4922 = PCURVE('',#4511,#4923);
#4923 = DEFINITIONAL_REPRESENTATION('',(#4924),#4928);
#4924 = LINE('',#4925,#4926);
#4925 = CARTESIAN_POINT('',(0.,0.));
#4926 = VECTOR('',#4927,1.);
#4927 = DIRECTION('',(0.,1.));
#4928 = ( GEOMETRIC_REPRESENTATION_CONTEXT(2) 
PARAMETRIC_REPRESENTATION_CONTEXT() REPRESENTATION_CONTEXT('2D SPACE',''
  ) );
#4929 = PCURVE('',#4511,#4930);
#4930 = DEFINITIONAL_REPRESENTATION('',(#4931),#4935);
#4931 = LINE('',#4932,#4933);
#4932 = CARTESIAN_POINT('',(6.28318530718,0.));
#4933 = VECTOR('',#4934,1.);
#4934 = DIRECTION('',(0.,1.));
#4935 = ( GEOMETRIC_REPRESENTATION_CONTEXT(2) 
PARAMETRIC_REPRESENTATION_CONTEXT() REPRESENTATION_CONTEXT('2D SPACE',''
  ) );
#4936 = ORIENTED_EDGE('',*,*,#4937,.F.);
#4937 = EDGE_CURVE('',#4915,#4915,#4938,.T.);
#4938 = SURFACE_CURVE('',#4939,(#4944,#4951),.PCURVE_S1.);
#4939 = CIRCLE('',#4940,2.8);
#4940 = AXIS2_PLACEMENT_3D('',#4941,#4942,#4943);
#4941 = CARTESIAN_POINT('',(-38.25,-38.,7.9));
#4942 = DIRECTION('',(0.,0.,1.));
#4943 = DIRECTION('',(1.,0.,-0.));
#4944 = PCURVE('',#4511,#4945);
#4945 = DEFINITIONAL_REPRESENTATION('',(#4946),#4950);
#4946 = LINE('',#4947,#4948);
#4947 = CARTESIAN_POINT('',(0.,3.01));
#4948 = VECTOR('',#4949,1.);
#4949 = DIRECTION('',(1.,0.));
#4950 = ( GEOMETRIC_REPRESENTATION_CONTEXT(2) 
PARAMETRIC_REPRESENTATION_CONTEXT() REPRESENTATION_CONTEXT('2D SPACE',''
  ) );
#4951 = PCURVE('',#4952,#4957);
#4952 = PLANE('',#4953);
#4953 = AXIS2_PLACEMENT_3D('',#4954,#4955,#4956);
#4954 = CARTESIAN_POINT('',(-38.25,-38.,7.9));
#4955 = DIRECTION('',(0.,0.,1.));
#4956 = DIRECTION('',(1.,0.,-0.));
#4957 = DEFINITIONAL_REPRESENTATION('',(#4958),#4962);
#4958 = CIRCLE('',#4959,2.8);
#4959 = AXIS2_PLACEMENT_2D('',#4960,#4961);
#4960 = CARTESIAN_POINT('',(0.,0.));
#4961 = DIRECTION('',(1.,0.));
#4962 = ( GEOMETRIC_REPRESENTATION_CONTEXT(2) 
PARAMETRIC_REPRESENTATION_CONTEXT() REPRESENTATION_CONTEXT('2D SPACE',''
  ) );
#4963 = ORIENTED_EDGE('',*,*,#4914,.F.);
#4964 = ADVANCED_FACE('',(#4965),#4691,.T.);
#4965 = FACE_BOUND('',#4966,.T.);
#4966 = EDGE_LOOP('',(#4967,#4968,#4991,#5018));
#4967 = ORIENTED_EDGE('',*,*,#4676,.T.);
#4968 = ORIENTED_EDGE('',*,*,#4969,.T.);
#4969 = EDGE_CURVE('',#4654,#4970,#4972,.T.);
#4970 = VERTEX_POINT('',#4971);
#4971 = CARTESIAN_POINT('',(41.05,-38.,7.9));
#4972 = SEAM_CURVE('',#4973,(#4977,#4984),.PCURVE_S1.);
#4973 = LINE('',#4974,#4975);
#4974 = CARTESIAN_POINT('',(41.05,-38.,4.89));
#4975 = VECTOR('',#4976,1.);
#4976 = DIRECTION('',(0.,0.,1.));
#4977 = PCURVE('',#4691,#4978);
#4978 = DEFINITIONAL_REPRESENTATION('',(#4979),#4983);
#4979 = LINE('',#4980,#4981);
#4980 = CARTESIAN_POINT('',(0.,0.));
#4981 = VECTOR('',#4982,1.);
#4982 = DIRECTION('',(0.,1.));
#4983 = ( GEOMETRIC_REPRESENTATION_CONTEXT(2) 
PARAMETRIC_REPRESENTATION_CONTEXT() REPRESENTATION_CONTEXT('2D SPACE',''
  ) );
#4984 = PCURVE('',#4691,#4985);
#4985 = DEFINITIONAL_REPRESENTATION('',(#4986),#4990);
#4986 = LINE('',#4987,#4988);
#4987 = CARTESIAN_POINT('',(6.28318530718,0.));
#4988 = VECTOR('',#4989,1.);
#4989 = DIRECTION('',(0.,1.));
#4990 = ( GEOMETRIC_REPRESENTATION_CONTEXT(2) 
PARAMETRIC_REPRESENTATION_CONTEXT() REPRESENTATION_CONTEXT('2D SPACE',''
  ) );
#4991 = ORIENTED_EDGE('',*,*,#4992,.F.);
#4992 = EDGE_CURVE('',#4970,#4970,#4993,.T.);
#4993 = SURFACE_CURVE('',#4994,(#4999,#5006),.PCURVE_S1.);
#4994 = CIRCLE('',#4995,2.8);
#4995 = AXIS2_PLACEMENT_3D('',#4996,#4997,#4998);
#4996 = CARTESIAN_POINT('',(38.25,-38.,7.9));
#4997 = DIRECTION('',(0.,0.,1.));
#4998 = DIRECTION('',(1.,0.,-0.));
#4999 = PCURVE('',#4691,#5000);
#5000 = DEFINITIONAL_REPRESENTATION('',(#5001),#5005);
#5001 = LINE('',#5002,#5003);
#5002 = CARTESIAN_POINT('',(0.,3.01));
#5003 = VECTOR('',#5004,1.);
#5004 = DIRECTION('',(1.,0.));
#5005 = ( GEOMETRIC_REPRESENTATION_CONTEXT(2) 
PARAMETRIC_REPRESENTATION_CONTEXT() REPRESENTATION_CONTEXT('2D SPACE',''
  ) );
#5006 = PCURVE('',#5007,#5012);
#5007 = PLANE('',#5008);
#5008 = AXIS2_PLACEMENT_3D('',#5009,#5010,#5011);
#5009 = CARTESIAN_POINT('',(38.25,-38.,7.9));
#5010 = DIRECTION('',(0.,0.,1.));
#5011 = DIRECTION('',(1.,0.,-0.));
#5012 = DEFINITIONAL_REPRESENTATION('',(#5013),#5017);
#5013 = CIRCLE('',#5014,2.8);
#5014 = AXIS2_PLACEMENT_2D('',#5015,#5016);
#5015 = CARTESIAN_POINT('',(0.,0.));
#5016 = DIRECTION('',(1.,0.));
#5017 = ( GEOMETRIC_REPRESENTATION_CONTEXT(2) 
PARAMETRIC_REPRESENTATION_CONTEXT() REPRESENTATION_CONTEXT('2D SPACE',''
  ) );
#5018 = ORIENTED_EDGE('',*,*,#4969,.F.);
#5019 = ADVANCED_FACE('',(#5020),#4778,.T.);
#5020 = FACE_BOUND('',#5021,.T.);
#5021 = EDGE_LOOP('',(#5022,#5023,#5046,#5073));
#5022 = ORIENTED_EDGE('',*,*,#4763,.T.);
#5023 = ORIENTED_EDGE('',*,*,#5024,.T.);
#5024 = EDGE_CURVE('',#4741,#5025,#5027,.T.);
#5025 = VERTEX_POINT('',#5026);
#5026 = CARTESIAN_POINT('',(41.05,38.,7.9));
#5027 = SEAM_CURVE('',#5028,(#5032,#5039),.PCURVE_S1.);
#5028 = LINE('',#5029,#5030);
#5029 = CARTESIAN_POINT('',(41.05,38.,4.89));
#5030 = VECTOR('',#5031,1.);
#5031 = DIRECTION('',(0.,0.,1.));
#5032 = PCURVE('',#4778,#5033);
#5033 = DEFINITIONAL_REPRESENTATION('',(#5034),#5038);
#5034 = LINE('',#5035,#5036);
#5035 = CARTESIAN_POINT('',(0.,0.));
#5036 = VECTOR('',#5037,1.);
#5037 = DIRECTION('',(0.,1.));
#5038 = ( GEOMETRIC_REPRESENTATION_CONTEXT(2) 
PARAMETRIC_REPRESENTATION_CONTEXT() REPRESENTATION_CONTEXT('2D SPACE',''
  ) );
#5039 = PCURVE('',#4778,#5040);
#5040 = DEFINITIONAL_REPRESENTATION('',(#5041),#5045);
#5041 = LINE('',#5042,#5043);
#5042 = CARTESIAN_POINT('',(6.28318530718,0.));
#5043 = VECTOR('',#5044,1.);
#5044 = DIRECTION('',(0.,1.));
#5045 = ( GEOMETRIC_REPRESENTATION_CONTEXT(2) 
PARAMETRIC_REPRESENTATION_CONTEXT() REPRESENTATION_CONTEXT('2D SPACE',''
  ) );
#5046 = ORIENTED_EDGE('',*,*,#5047,.F.);
#5047 = EDGE_CURVE('',#5025,#5025,#5048,.T.);
#5048 = SURFACE_CURVE('',#5049,(#5054,#5061),.PCURVE_S1.);
#5049 = CIRCLE('',#5050,2.8);
#5050 = AXIS2_PLACEMENT_3D('',#5051,#5052,#5053);
#5051 = CARTESIAN_POINT('',(38.25,38.,7.9));
#5052 = DIRECTION('',(0.,0.,1.));
#5053 = DIRECTION('',(1.,0.,-0.));
#5054 = PCURVE('',#4778,#5055);
#5055 = DEFINITIONAL_REPRESENTATION('',(#5056),#5060);
#5056 = LINE('',#5057,#5058);
#5057 = CARTESIAN_POINT('',(0.,3.01));
#5058 = VECTOR('',#5059,1.);
#5059 = DIRECTION('',(1.,0.));
#5060 = ( GEOMETRIC_REPRESENTATION_CONTEXT(2) 
PARAMETRIC_REPRESENTATION_CONTEXT() REPRESENTATION_CONTEXT('2D SPACE',''
  ) );
#5061 = PCURVE('',#5062,#5067);
#5062 = PLANE('',#5063);
#5063 = AXIS2_PLACEMENT_3D('',#5064,#5065,#5066);
#5064 = CARTESIAN_POINT('',(38.25,38.,7.9));
#5065 = DIRECTION('',(0.,0.,1.));
#5066 = DIRECTION('',(1.,0.,-0.));
#5067 = DEFINITIONAL_REPRESENTATION('',(#5068),#5072);
#5068 = CIRCLE('',#5069,2.8);
#5069 = AXIS2_PLACEMENT_2D('',#5070,#5071);
#5070 = CARTESIAN_POINT('',(0.,0.));
#5071 = DIRECTION('',(1.,0.));
#5072 = ( GEOMETRIC_REPRESENTATION_CONTEXT(2) 
PARAMETRIC_REPRESENTATION_CONTEXT() REPRESENTATION_CONTEXT('2D SPACE',''
  ) );
#5073 = ORIENTED_EDGE('',*,*,#5024,.F.);
#5074 = ADVANCED_FACE('',(#5075),#4865,.T.);
#5075 = FACE_BOUND('',#5076,.T.);
#5076 = EDGE_LOOP('',(#5077,#5078,#5101,#5128));
#5077 = ORIENTED_EDGE('',*,*,#4850,.T.);
#5078 = ORIENTED_EDGE('',*,*,#5079,.T.);
#5079 = EDGE_CURVE('',#4828,#5080,#5082,.T.);
#5080 = VERTEX_POINT('',#5081);
#5081 = CARTESIAN_POINT('',(-35.45,38.,7.9));
#5082 = SEAM_CURVE('',#5083,(#5087,#5094),.PCURVE_S1.);
#5083 = LINE('',#5084,#5085);
#5084 = CARTESIAN_POINT('',(-35.45,38.,4.89));
#5085 = VECTOR('',#5086,1.);
#5086 = DIRECTION('',(0.,0.,1.));
#5087 = PCURVE('',#4865,#5088);
#5088 = DEFINITIONAL_REPRESENTATION('',(#5089),#5093);
#5089 = LINE('',#5090,#5091);
#5090 = CARTESIAN_POINT('',(0.,0.));
#5091 = VECTOR('',#5092,1.);
#5092 = DIRECTION('',(0.,1.));
#5093 = ( GEOMETRIC_REPRESENTATION_CONTEXT(2) 
PARAMETRIC_REPRESENTATION_CONTEXT() REPRESENTATION_CONTEXT('2D SPACE',''
  ) );
#5094 = PCURVE('',#4865,#5095);
#5095 = DEFINITIONAL_REPRESENTATION('',(#5096),#5100);
#5096 = LINE('',#5097,#5098);
#5097 = CARTESIAN_POINT('',(6.28318530718,0.));
#5098 = VECTOR('',#5099,1.);
#5099 = DIRECTION('',(0.,1.));
#5100 = ( GEOMETRIC_REPRESENTATION_CONTEXT(2) 
PARAMETRIC_REPRESENTATION_CONTEXT() REPRESENTATION_CONTEXT('2D SPACE',''
  ) );
#5101 = ORIENTED_EDGE('',*,*,#5102,.F.);
#5102 = EDGE_CURVE('',#5080,#5080,#5103,.T.);
#5103 = SURFACE_CURVE('',#5104,(#5109,#5116),.PCURVE_S1.);
#5104 = CIRCLE('',#5105,2.8);
#5105 = AXIS2_PLACEMENT_3D('',#5106,#5107,#5108);
#5106 = CARTESIAN_POINT('',(-38.25,38.,7.9));
#5107 = DIRECTION('',(0.,0.,1.));
#5108 = DIRECTION('',(1.,0.,-0.));
#5109 = PCURVE('',#4865,#5110);
#5110 = DEFINITIONAL_REPRESENTATION('',(#5111),#5115);
#5111 = LINE('',#5112,#5113);
#5112 = CARTESIAN_POINT('',(0.,3.01));
#5113 = VECTOR('',#5114,1.);
#5114 = DIRECTION('',(1.,0.));
#5115 = ( GEOMETRIC_REPRESENTATION_CONTEXT(2) 
PARAMETRIC_REPRESENTATION_CONTEXT() REPRESENTATION_CONTEXT('2D SPACE',''
  ) );
#5116 = PCURVE('',#5117,#5122);
#5117 = PLANE('',#5118);
#5118 = AXIS2_PLACEMENT_3D('',#5119,#5120,#5121);
#5119 = CARTESIAN_POINT('',(-38.25,38.,7.9));
#5120 = DIRECTION('',(0.,0.,1.));
#5121 = DIRECTION('',(1.,0.,-0.));
#5122 = DEFINITIONAL_REPRESENTATION('',(#5123),#5127);
#5123 = CIRCLE('',#5124,2.8);
#5124 = AXIS2_PLACEMENT_2D('',#5125,#5126);
#5125 = CARTESIAN_POINT('',(0.,0.));
#5126 = DIRECTION('',(1.,0.));
#5127 = ( GEOMETRIC_REPRESENTATION_CONTEXT(2) 
PARAMETRIC_REPRESENTATION_CONTEXT() REPRESENTATION_CONTEXT('2D SPACE',''
  ) );
#5128 = ORIENTED_EDGE('',*,*,#5079,.F.);
#5129 = ADVANCED_FACE('',(#5130,#5133),#4952,.T.);
#5130 = FACE_BOUND('',#5131,.T.);
#5131 = EDGE_LOOP('',(#5132));
#5132 = ORIENTED_EDGE('',*,*,#4937,.T.);
#5133 = FACE_BOUND('',#5134,.T.);
#5134 = EDGE_LOOP('',(#5135));
#5135 = ORIENTED_EDGE('',*,*,#5136,.F.);
#5136 = EDGE_CURVE('',#5137,#5137,#5139,.T.);
#5137 = VERTEX_POINT('',#5138);
#5138 = CARTESIAN_POINT('',(-36.45980392156,-38.,7.9));
#5139 = SURFACE_CURVE('',#5140,(#5145,#5152),.PCURVE_S1.);
#5140 = CIRCLE('',#5141,1.790196078431);
#5141 = AXIS2_PLACEMENT_3D('',#5142,#5143,#5144);
#5142 = CARTESIAN_POINT('',(-38.25,-38.,7.9));
#5143 = DIRECTION('',(0.,0.,1.));
#5144 = DIRECTION('',(1.,0.,-0.));
#5145 = PCURVE('',#4952,#5146);
#5146 = DEFINITIONAL_REPRESENTATION('',(#5147),#5151);
#5147 = CIRCLE('',#5148,1.790196078431);
#5148 = AXIS2_PLACEMENT_2D('',#5149,#5150);
#5149 = CARTESIAN_POINT('',(0.,0.));
#5150 = DIRECTION('',(1.,0.));
#5151 = ( GEOMETRIC_REPRESENTATION_CONTEXT(2) 
PARAMETRIC_REPRESENTATION_CONTEXT() REPRESENTATION_CONTEXT('2D SPACE',''
  ) );
#5152 = PCURVE('',#5153,#5158);
#5153 = CONICAL_SURFACE('',#5154,1.3,0.775497496809);
#5154 = AXIS2_PLACEMENT_3D('',#5155,#5156,#5157);
#5155 = CARTESIAN_POINT('',(-38.25,-38.,7.4));
#5156 = DIRECTION('',(0.,0.,1.));
#5157 = DIRECTION('',(1.,0.,0.));
#5158 = DEFINITIONAL_REPRESENTATION('',(#5159),#5163);
#5159 = LINE('',#5160,#5161);
#5160 = CARTESIAN_POINT('',(0.,0.5));
#5161 = VECTOR('',#5162,1.);
#5162 = DIRECTION('',(1.,0.));
#5163 = ( GEOMETRIC_REPRESENTATION_CONTEXT(2) 
PARAMETRIC_REPRESENTATION_CONTEXT() REPRESENTATION_CONTEXT('2D SPACE',''
  ) );
#5164 = ADVANCED_FACE('',(#5165,#5168),#5007,.T.);
#5165 = FACE_BOUND('',#5166,.T.);
#5166 = EDGE_LOOP('',(#5167));
#5167 = ORIENTED_EDGE('',*,*,#4992,.T.);
#5168 = FACE_BOUND('',#5169,.T.);
#5169 = EDGE_LOOP('',(#5170));
#5170 = ORIENTED_EDGE('',*,*,#5171,.F.);
#5171 = EDGE_CURVE('',#5172,#5172,#5174,.T.);
#5172 = VERTEX_POINT('',#5173);
#5173 = CARTESIAN_POINT('',(40.040196078431,-38.,7.9));
#5174 = SURFACE_CURVE('',#5175,(#5180,#5187),.PCURVE_S1.);
#5175 = CIRCLE('',#5176,1.790196078431);
#5176 = AXIS2_PLACEMENT_3D('',#5177,#5178,#5179);
#5177 = CARTESIAN_POINT('',(38.25,-38.,7.9));
#5178 = DIRECTION('',(0.,0.,1.));
#5179 = DIRECTION('',(1.,0.,-0.));
#5180 = PCURVE('',#5007,#5181);
#5181 = DEFINITIONAL_REPRESENTATION('',(#5182),#5186);
#5182 = CIRCLE('',#5183,1.790196078431);
#5183 = AXIS2_PLACEMENT_2D('',#5184,#5185);
#5184 = CARTESIAN_POINT('',(0.,0.));
#5185 = DIRECTION('',(1.,0.));
#5186 = ( GEOMETRIC_REPRESENTATION_CONTEXT(2) 
PARAMETRIC_REPRESENTATION_CONTEXT() REPRESENTATION_CONTEXT('2D SPACE',''
  ) );
#5187 = PCURVE('',#5188,#5193);
#5188 = CONICAL_SURFACE('',#5189,1.3,0.775497496809);
#5189 = AXIS2_PLACEMENT_3D('',#5190,#5191,#5192);
#5190 = CARTESIAN_POINT('',(38.25,-38.,7.4));
#5191 = DIRECTION('',(0.,0.,1.));
#5192 = DIRECTION('',(1.,0.,0.));
#5193 = DEFINITIONAL_REPRESENTATION('',(#5194),#5198);
#5194 = LINE('',#5195,#5196);
#5195 = CARTESIAN_POINT('',(0.,0.5));
#5196 = VECTOR('',#5197,1.);
#5197 = DIRECTION('',(1.,0.));
#5198 = ( GEOMETRIC_REPRESENTATION_CONTEXT(2) 
PARAMETRIC_REPRESENTATION_CONTEXT() REPRESENTATION_CONTEXT('2D SPACE',''
  ) );
#5199 = ADVANCED_FACE('',(#5200,#5203),#5062,.T.);
#5200 = FACE_BOUND('',#5201,.T.);
#5201 = EDGE_LOOP('',(#5202));
#5202 = ORIENTED_EDGE('',*,*,#5047,.T.);
#5203 = FACE_BOUND('',#5204,.T.);
#5204 = EDGE_LOOP('',(#5205));
#5205 = ORIENTED_EDGE('',*,*,#5206,.F.);
#5206 = EDGE_CURVE('',#5207,#5207,#5209,.T.);
#5207 = VERTEX_POINT('',#5208);
#5208 = CARTESIAN_POINT('',(40.040196078431,38.,7.9));
#5209 = SURFACE_CURVE('',#5210,(#5215,#5222),.PCURVE_S1.);
#5210 = CIRCLE('',#5211,1.790196078431);
#5211 = AXIS2_PLACEMENT_3D('',#5212,#5213,#5214);
#5212 = CARTESIAN_POINT('',(38.25,38.,7.9));
#5213 = DIRECTION('',(0.,0.,1.));
#5214 = DIRECTION('',(1.,0.,-0.));
#5215 = PCURVE('',#5062,#5216);
#5216 = DEFINITIONAL_REPRESENTATION('',(#5217),#5221);
#5217 = CIRCLE('',#5218,1.790196078431);
#5218 = AXIS2_PLACEMENT_2D('',#5219,#5220);
#5219 = CARTESIAN_POINT('',(0.,0.));
#5220 = DIRECTION('',(1.,0.));
#5221 = ( GEOMETRIC_REPRESENTATION_CONTEXT(2) 
PARAMETRIC_REPRESENTATION_CONTEXT() REPRESENTATION_CONTEXT('2D SPACE',''
  ) );
#5222 = PCURVE('',#5223,#5228);
#5223 = CONICAL_SURFACE('',#5224,1.3,0.775497496809);
#5224 = AXIS2_PLACEMENT_3D('',#5225,#5226,#5227);
#5225 = CARTESIAN_POINT('',(38.25,38.,7.4));
#5226 = DIRECTION('',(0.,0.,1.));
#5227 = DIRECTION('',(1.,0.,0.));
#5228 = DEFINITIONAL_REPRESENTATION('',(#5229),#5233);
#5229 = LINE('',#5230,#5231);
#5230 = CARTESIAN_POINT('',(0.,0.5));
#5231 = VECTOR('',#5232,1.);
#5232 = DIRECTION('',(1.,0.));
#5233 = ( GEOMETRIC_REPRESENTATION_CONTEXT(2) 
PARAMETRIC_REPRESENTATION_CONTEXT() REPRESENTATION_CONTEXT('2D SPACE',''
  ) );
#5234 = ADVANCED_FACE('',(#5235,#5238),#5117,.T.);
#5235 = FACE_BOUND('',#5236,.T.);
#5236 = EDGE_LOOP('',(#5237));
#5237 = ORIENTED_EDGE('',*,*,#5102,.T.);
#5238 = FACE_BOUND('',#5239,.T.);
#5239 = EDGE_LOOP('',(#5240));
#5240 = ORIENTED_EDGE('',*,*,#5241,.F.);
#5241 = EDGE_CURVE('',#5242,#5242,#5244,.T.);
#5242 = VERTEX_POINT('',#5243);
#5243 = CARTESIAN_POINT('',(-36.45980392156,38.,7.9));
#5244 = SURFACE_CURVE('',#5245,(#5250,#5257),.PCURVE_S1.);
#5245 = CIRCLE('',#5246,1.790196078431);
#5246 = AXIS2_PLACEMENT_3D('',#5247,#5248,#5249);
#5247 = CARTESIAN_POINT('',(-38.25,38.,7.9));
#5248 = DIRECTION('',(0.,0.,1.));
#5249 = DIRECTION('',(1.,0.,-0.));
#5250 = PCURVE('',#5117,#5251);
#5251 = DEFINITIONAL_REPRESENTATION('',(#5252),#5256);
#5252 = CIRCLE('',#5253,1.790196078431);
#5253 = AXIS2_PLACEMENT_2D('',#5254,#5255);
#5254 = CARTESIAN_POINT('',(0.,0.));
#5255 = DIRECTION('',(1.,0.));
#5256 = ( GEOMETRIC_REPRESENTATION_CONTEXT(2) 
PARAMETRIC_REPRESENTATION_CONTEXT() REPRESENTATION_CONTEXT('2D SPACE',''
  ) );
#5257 = PCURVE('',#5258,#5263);
#5258 = CONICAL_SURFACE('',#5259,1.3,0.775497496809);
#5259 = AXIS2_PLACEMENT_3D('',#5260,#5261,#5262);
#5260 = CARTESIAN_POINT('',(-38.25,38.,7.4));
#5261 = DIRECTION('',(0.,0.,1.));
#5262 = DIRECTION('',(1.,0.,0.));
#5263 = DEFINITIONAL_REPRESENTATION('',(#5264),#5268);
#5264 = LINE('',#5265,#5266);
#5265 = CARTESIAN_POINT('',(0.,0.5));
#5266 = VECTOR('',#5267,1.);
#5267 = DIRECTION('',(1.,0.));
#5268 = ( GEOMETRIC_REPRESENTATION_CONTEXT(2) 
PARAMETRIC_REPRESENTATION_CONTEXT() REPRESENTATION_CONTEXT('2D SPACE',''
  ) );
#5269 = ADVANCED_FACE('',(#5270),#5153,.F.);
#5270 = FACE_BOUND('',#5271,.F.);
#5271 = EDGE_LOOP('',(#5272,#5292,#5319,#5320));
#5272 = ORIENTED_EDGE('',*,*,#5273,.F.);
#5273 = EDGE_CURVE('',#5274,#5137,#5276,.T.);
#5274 = VERTEX_POINT('',#5275);
#5275 = CARTESIAN_POINT('',(-36.95,-38.,7.4));
#5276 = SEAM_CURVE('',#5277,(#5280,#5286),.PCURVE_S1.);
#5277 = B_SPLINE_CURVE_WITH_KNOTS('',1,(#5278,#5279),.UNSPECIFIED.,.F.,
  .F.,(2,2),(0.,1.),.PIECEWISE_BEZIER_KNOTS.);
#5278 = CARTESIAN_POINT('',(-36.95,-38.,7.4));
#5279 = CARTESIAN_POINT('',(-36.45,-38.,7.91));
#5280 = PCURVE('',#5153,#5281);
#5281 = DEFINITIONAL_REPRESENTATION('',(#5282),#5285);
#5282 = B_SPLINE_CURVE_WITH_KNOTS('',1,(#5283,#5284),.UNSPECIFIED.,.F.,
  .F.,(2,2),(0.,1.),.PIECEWISE_BEZIER_KNOTS.);
#5283 = CARTESIAN_POINT('',(0.,0.));
#5284 = CARTESIAN_POINT('',(0.,0.51));
#5285 = ( GEOMETRIC_REPRESENTATION_CONTEXT(2) 
PARAMETRIC_REPRESENTATION_CONTEXT() REPRESENTATION_CONTEXT('2D SPACE',''
  ) );
#5286 = PCURVE('',#5153,#5287);
#5287 = DEFINITIONAL_REPRESENTATION('',(#5288),#5291);
#5288 = B_SPLINE_CURVE_WITH_KNOTS('',1,(#5289,#5290),.UNSPECIFIED.,.F.,
  .F.,(2,2),(0.,1.),.PIECEWISE_BEZIER_KNOTS.);
#5289 = CARTESIAN_POINT('',(6.28318530718,0.));
#5290 = CARTESIAN_POINT('',(6.28318530718,0.51));
#5291 = ( GEOMETRIC_REPRESENTATION_CONTEXT(2) 
PARAMETRIC_REPRESENTATION_CONTEXT() REPRESENTATION_CONTEXT('2D SPACE',''
  ) );
#5292 = ORIENTED_EDGE('',*,*,#5293,.T.);
#5293 = EDGE_CURVE('',#5274,#5274,#5294,.T.);
#5294 = SURFACE_CURVE('',#5295,(#5300,#5307),.PCURVE_S1.);
#5295 = CIRCLE('',#5296,1.3);
#5296 = AXIS2_PLACEMENT_3D('',#5297,#5298,#5299);
#5297 = CARTESIAN_POINT('',(-38.25,-38.,7.4));
#5298 = DIRECTION('',(0.,0.,1.));
#5299 = DIRECTION('',(1.,0.,0.));
#5300 = PCURVE('',#5153,#5301);
#5301 = DEFINITIONAL_REPRESENTATION('',(#5302),#5306);
#5302 = LINE('',#5303,#5304);
#5303 = CARTESIAN_POINT('',(0.,0.));
#5304 = VECTOR('',#5305,1.);
#5305 = DIRECTION('',(1.,0.));
#5306 = ( GEOMETRIC_REPRESENTATION_CONTEXT(2) 
PARAMETRIC_REPRESENTATION_CONTEXT() REPRESENTATION_CONTEXT('2D SPACE',''
  ) );
#5307 = PCURVE('',#5308,#5313);
#5308 = CYLINDRICAL_SURFACE('',#5309,1.3);
#5309 = AXIS2_PLACEMENT_3D('',#5310,#5311,#5312);
#5310 = CARTESIAN_POINT('',(-38.25,-38.,0.8));
#5311 = DIRECTION('',(-0.,-0.,-1.));
#5312 = DIRECTION('',(1.,0.,0.));
#5313 = DEFINITIONAL_REPRESENTATION('',(#5314),#5318);
#5314 = LINE('',#5315,#5316);
#5315 = CARTESIAN_POINT('',(-0.,-6.6));
#5316 = VECTOR('',#5317,1.);
#5317 = DIRECTION('',(-1.,0.));
#5318 = ( GEOMETRIC_REPRESENTATION_CONTEXT(2) 
PARAMETRIC_REPRESENTATION_CONTEXT() REPRESENTATION_CONTEXT('2D SPACE',''
  ) );
#5319 = ORIENTED_EDGE('',*,*,#5273,.T.);
#5320 = ORIENTED_EDGE('',*,*,#5136,.F.);
#5321 = ADVANCED_FACE('',(#5322),#5188,.F.);
#5322 = FACE_BOUND('',#5323,.F.);
#5323 = EDGE_LOOP('',(#5324,#5344,#5371,#5372));
#5324 = ORIENTED_EDGE('',*,*,#5325,.F.);
#5325 = EDGE_CURVE('',#5326,#5172,#5328,.T.);
#5326 = VERTEX_POINT('',#5327);
#5327 = CARTESIAN_POINT('',(39.55,-38.,7.4));
#5328 = SEAM_CURVE('',#5329,(#5332,#5338),.PCURVE_S1.);
#5329 = B_SPLINE_CURVE_WITH_KNOTS('',1,(#5330,#5331),.UNSPECIFIED.,.F.,
  .F.,(2,2),(0.,1.),.PIECEWISE_BEZIER_KNOTS.);
#5330 = CARTESIAN_POINT('',(39.55,-38.,7.4));
#5331 = CARTESIAN_POINT('',(40.05,-38.,7.91));
#5332 = PCURVE('',#5188,#5333);
#5333 = DEFINITIONAL_REPRESENTATION('',(#5334),#5337);
#5334 = B_SPLINE_CURVE_WITH_KNOTS('',1,(#5335,#5336),.UNSPECIFIED.,.F.,
  .F.,(2,2),(0.,1.),.PIECEWISE_BEZIER_KNOTS.);
#5335 = CARTESIAN_POINT('',(0.,0.));
#5336 = CARTESIAN_POINT('',(0.,0.51));
#5337 = ( GEOMETRIC_REPRESENTATION_CONTEXT(2) 
PARAMETRIC_REPRESENTATION_CONTEXT() REPRESENTATION_CONTEXT('2D SPACE',''
  ) );
#5338 = PCURVE('',#5188,#5339);
#5339 = DEFINITIONAL_REPRESENTATION('',(#5340),#5343);
#5340 = B_SPLINE_CURVE_WITH_KNOTS('',1,(#5341,#5342),.UNSPECIFIED.,.F.,
  .F.,(2,2),(0.,1.),.PIECEWISE_BEZIER_KNOTS.);
#5341 = CARTESIAN_POINT('',(6.28318530718,0.));
#5342 = CARTESIAN_POINT('',(6.28318530718,0.51));
#5343 = ( GEOMETRIC_REPRESENTATION_CONTEXT(2) 
PARAMETRIC_REPRESENTATION_CONTEXT() REPRESENTATION_CONTEXT('2D SPACE',''
  ) );
#5344 = ORIENTED_EDGE('',*,*,#5345,.T.);
#5345 = EDGE_CURVE('',#5326,#5326,#5346,.T.);
#5346 = SURFACE_CURVE('',#5347,(#5352,#5359),.PCURVE_S1.);
#5347 = CIRCLE('',#5348,1.3);
#5348 = AXIS2_PLACEMENT_3D('',#5349,#5350,#5351);
#5349 = CARTESIAN_POINT('',(38.25,-38.,7.4));
#5350 = DIRECTION('',(0.,0.,1.));
#5351 = DIRECTION('',(1.,0.,0.));
#5352 = PCURVE('',#5188,#5353);
#5353 = DEFINITIONAL_REPRESENTATION('',(#5354),#5358);
#5354 = LINE('',#5355,#5356);
#5355 = CARTESIAN_POINT('',(0.,0.));
#5356 = VECTOR('',#5357,1.);
#5357 = DIRECTION('',(1.,0.));
#5358 = ( GEOMETRIC_REPRESENTATION_CONTEXT(2) 
PARAMETRIC_REPRESENTATION_CONTEXT() REPRESENTATION_CONTEXT('2D SPACE',''
  ) );
#5359 = PCURVE('',#5360,#5365);
#5360 = CYLINDRICAL_SURFACE('',#5361,1.3);
#5361 = AXIS2_PLACEMENT_3D('',#5362,#5363,#5364);
#5362 = CARTESIAN_POINT('',(38.25,-38.,0.8));
#5363 = DIRECTION('',(-0.,-0.,-1.));
#5364 = DIRECTION('',(1.,0.,0.));
#5365 = DEFINITIONAL_REPRESENTATION('',(#5366),#5370);
#5366 = LINE('',#5367,#5368);
#5367 = CARTESIAN_POINT('',(-0.,-6.6));
#5368 = VECTOR('',#5369,1.);
#5369 = DIRECTION('',(-1.,0.));
#5370 = ( GEOMETRIC_REPRESENTATION_CONTEXT(2) 
PARAMETRIC_REPRESENTATION_CONTEXT() REPRESENTATION_CONTEXT('2D SPACE',''
  ) );
#5371 = ORIENTED_EDGE('',*,*,#5325,.T.);
#5372 = ORIENTED_EDGE('',*,*,#5171,.F.);
#5373 = ADVANCED_FACE('',(#5374),#5223,.F.);
#5374 = FACE_BOUND('',#5375,.F.);
#5375 = EDGE_LOOP('',(#5376,#5396,#5423,#5424));
#5376 = ORIENTED_EDGE('',*,*,#5377,.F.);
#5377 = EDGE_CURVE('',#5378,#5207,#5380,.T.);
#5378 = VERTEX_POINT('',#5379);
#5379 = CARTESIAN_POINT('',(39.55,38.,7.4));
#5380 = SEAM_CURVE('',#5381,(#5384,#5390),.PCURVE_S1.);
#5381 = B_SPLINE_CURVE_WITH_KNOTS('',1,(#5382,#5383),.UNSPECIFIED.,.F.,
  .F.,(2,2),(0.,1.),.PIECEWISE_BEZIER_KNOTS.);
#5382 = CARTESIAN_POINT('',(39.55,38.,7.4));
#5383 = CARTESIAN_POINT('',(40.05,38.,7.91));
#5384 = PCURVE('',#5223,#5385);
#5385 = DEFINITIONAL_REPRESENTATION('',(#5386),#5389);
#5386 = B_SPLINE_CURVE_WITH_KNOTS('',1,(#5387,#5388),.UNSPECIFIED.,.F.,
  .F.,(2,2),(0.,1.),.PIECEWISE_BEZIER_KNOTS.);
#5387 = CARTESIAN_POINT('',(0.,0.));
#5388 = CARTESIAN_POINT('',(0.,0.51));
#5389 = ( GEOMETRIC_REPRESENTATION_CONTEXT(2) 
PARAMETRIC_REPRESENTATION_CONTEXT() REPRESENTATION_CONTEXT('2D SPACE',''
  ) );
#5390 = PCURVE('',#5223,#5391);
#5391 = DEFINITIONAL_REPRESENTATION('',(#5392),#5395);
#5392 = B_SPLINE_CURVE_WITH_KNOTS('',1,(#5393,#5394),.UNSPECIFIED.,.F.,
  .F.,(2,2),(0.,1.),.PIECEWISE_BEZIER_KNOTS.);
#5393 = CARTESIAN_POINT('',(6.28318530718,0.));
#5394 = CARTESIAN_POINT('',(6.28318530718,0.51));
#5395 = ( GEOMETRIC_REPRESENTATION_CONTEXT(2) 
PARAMETRIC_REPRESENTATION_CONTEXT() REPRESENTATION_CONTEXT('2D SPACE',''
  ) );
#5396 = ORIENTED_EDGE('',*,*,#5397,.T.);
#5397 = EDGE_CURVE('',#5378,#5378,#5398,.T.);
#5398 = SURFACE_CURVE('',#5399,(#5404,#5411),.PCURVE_S1.);
#5399 = CIRCLE('',#5400,1.3);
#5400 = AXIS2_PLACEMENT_3D('',#5401,#5402,#5403);
#5401 = CARTESIAN_POINT('',(38.25,38.,7.4));
#5402 = DIRECTION('',(0.,0.,1.));
#5403 = DIRECTION('',(1.,0.,0.));
#5404 = PCURVE('',#5223,#5405);
#5405 = DEFINITIONAL_REPRESENTATION('',(#5406),#5410);
#5406 = LINE('',#5407,#5408);
#5407 = CARTESIAN_POINT('',(0.,0.));
#5408 = VECTOR('',#5409,1.);
#5409 = DIRECTION('',(1.,0.));
#5410 = ( GEOMETRIC_REPRESENTATION_CONTEXT(2) 
PARAMETRIC_REPRESENTATION_CONTEXT() REPRESENTATION_CONTEXT('2D SPACE',''
  ) );
#5411 = PCURVE('',#5412,#5417);
#5412 = CYLINDRICAL_SURFACE('',#5413,1.3);
#5413 = AXIS2_PLACEMENT_3D('',#5414,#5415,#5416);
#5414 = CARTESIAN_POINT('',(38.25,38.,0.8));
#5415 = DIRECTION('',(-0.,-0.,-1.));
#5416 = DIRECTION('',(1.,0.,0.));
#5417 = DEFINITIONAL_REPRESENTATION('',(#5418),#5422);
#5418 = LINE('',#5419,#5420);
#5419 = CARTESIAN_POINT('',(-0.,-6.6));
#5420 = VECTOR('',#5421,1.);
#5421 = DIRECTION('',(-1.,0.));
#5422 = ( GEOMETRIC_REPRESENTATION_CONTEXT(2) 
PARAMETRIC_REPRESENTATION_CONTEXT() REPRESENTATION_CONTEXT('2D SPACE',''
  ) );
#5423 = ORIENTED_EDGE('',*,*,#5377,.T.);
#5424 = ORIENTED_EDGE('',*,*,#5206,.F.);
#5425 = ADVANCED_FACE('',(#5426),#5258,.F.);
#5426 = FACE_BOUND('',#5427,.F.);
#5427 = EDGE_LOOP('',(#5428,#5448,#5475,#5476));
#5428 = ORIENTED_EDGE('',*,*,#5429,.F.);
#5429 = EDGE_CURVE('',#5430,#5242,#5432,.T.);
#5430 = VERTEX_POINT('',#5431);
#5431 = CARTESIAN_POINT('',(-36.95,38.,7.4));
#5432 = SEAM_CURVE('',#5433,(#5436,#5442),.PCURVE_S1.);
#5433 = B_SPLINE_CURVE_WITH_KNOTS('',1,(#5434,#5435),.UNSPECIFIED.,.F.,
  .F.,(2,2),(0.,1.),.PIECEWISE_BEZIER_KNOTS.);
#5434 = CARTESIAN_POINT('',(-36.95,38.,7.4));
#5435 = CARTESIAN_POINT('',(-36.45,38.,7.91));
#5436 = PCURVE('',#5258,#5437);
#5437 = DEFINITIONAL_REPRESENTATION('',(#5438),#5441);
#5438 = B_SPLINE_CURVE_WITH_KNOTS('',1,(#5439,#5440),.UNSPECIFIED.,.F.,
  .F.,(2,2),(0.,1.),.PIECEWISE_BEZIER_KNOTS.);
#5439 = CARTESIAN_POINT('',(0.,0.));
#5440 = CARTESIAN_POINT('',(0.,0.51));
#5441 = ( GEOMETRIC_REPRESENTATION_CONTEXT(2) 
PARAMETRIC_REPRESENTATION_CONTEXT() REPRESENTATION_CONTEXT('2D SPACE',''
  ) );
#5442 = PCURVE('',#5258,#5443);
#5443 = DEFINITIONAL_REPRESENTATION('',(#5444),#5447);
#5444 = B_SPLINE_CURVE_WITH_KNOTS('',1,(#5445,#5446),.UNSPECIFIED.,.F.,
  .F.,(2,2),(0.,1.),.PIECEWISE_BEZIER_KNOTS.);
#5445 = CARTESIAN_POINT('',(6.28318530718,0.));
#5446 = CARTESIAN_POINT('',(6.28318530718,0.51));
#5447 = ( GEOMETRIC_REPRESENTATION_CONTEXT(2) 
PARAMETRIC_REPRESENTATION_CONTEXT() REPRESENTATION_CONTEXT('2D SPACE',''
  ) );
#5448 = ORIENTED_EDGE('',*,*,#5449,.T.);
#5449 = EDGE_CURVE('',#5430,#5430,#5450,.T.);
#5450 = SURFACE_CURVE('',#5451,(#5456,#5463),.PCURVE_S1.);
#5451 = CIRCLE('',#5452,1.3);
#5452 = AXIS2_PLACEMENT_3D('',#5453,#5454,#5455);
#5453 = CARTESIAN_POINT('',(-38.25,38.,7.4));
#5454 = DIRECTION('',(0.,0.,1.));
#5455 = DIRECTION('',(1.,0.,0.));
#5456 = PCURVE('',#5258,#5457);
#5457 = DEFINITIONAL_REPRESENTATION('',(#5458),#5462);
#5458 = LINE('',#5459,#5460);
#5459 = CARTESIAN_POINT('',(0.,0.));
#5460 = VECTOR('',#5461,1.);
#5461 = DIRECTION('',(1.,0.));
#5462 = ( GEOMETRIC_REPRESENTATION_CONTEXT(2) 
PARAMETRIC_REPRESENTATION_CONTEXT() REPRESENTATION_CONTEXT('2D SPACE',''
  ) );
#5463 = PCURVE('',#5464,#5469);
#5464 = CYLINDRICAL_SURFACE('',#5465,1.3);
#5465 = AXIS2_PLACEMENT_3D('',#5466,#5467,#5468);
#5466 = CARTESIAN_POINT('',(-38.25,38.,0.8));
#5467 = DIRECTION('',(-0.,-0.,-1.));
#5468 = DIRECTION('',(1.,0.,0.));
#5469 = DEFINITIONAL_REPRESENTATION('',(#5470),#5474);
#5470 = LINE('',#5471,#5472);
#5471 = CARTESIAN_POINT('',(-0.,-6.6));
#5472 = VECTOR('',#5473,1.);
#5473 = DIRECTION('',(-1.,0.));
#5474 = ( GEOMETRIC_REPRESENTATION_CONTEXT(2) 
PARAMETRIC_REPRESENTATION_CONTEXT() REPRESENTATION_CONTEXT('2D SPACE',''
  ) );
#5475 = ORIENTED_EDGE('',*,*,#5429,.T.);
#5476 = ORIENTED_EDGE('',*,*,#5241,.F.);
#5477 = ADVANCED_FACE('',(#5478),#5308,.F.);
#5478 = FACE_BOUND('',#5479,.T.);
#5479 = EDGE_LOOP('',(#5480,#5503,#5530,#5531));
#5480 = ORIENTED_EDGE('',*,*,#5481,.F.);
#5481 = EDGE_CURVE('',#5482,#5274,#5484,.T.);
#5482 = VERTEX_POINT('',#5483);
#5483 = CARTESIAN_POINT('',(-36.95,-38.,0.8));
#5484 = SEAM_CURVE('',#5485,(#5489,#5496),.PCURVE_S1.);
#5485 = LINE('',#5486,#5487);
#5486 = CARTESIAN_POINT('',(-36.95,-38.,0.8));
#5487 = VECTOR('',#5488,1.);
#5488 = DIRECTION('',(0.,0.,1.));
#5489 = PCURVE('',#5308,#5490);
#5490 = DEFINITIONAL_REPRESENTATION('',(#5491),#5495);
#5491 = LINE('',#5492,#5493);
#5492 = CARTESIAN_POINT('',(-6.28318530718,0.));
#5493 = VECTOR('',#5494,1.);
#5494 = DIRECTION('',(-0.,-1.));
#5495 = ( GEOMETRIC_REPRESENTATION_CONTEXT(2) 
PARAMETRIC_REPRESENTATION_CONTEXT() REPRESENTATION_CONTEXT('2D SPACE',''
  ) );
#5496 = PCURVE('',#5308,#5497);
#5497 = DEFINITIONAL_REPRESENTATION('',(#5498),#5502);
#5498 = LINE('',#5499,#5500);
#5499 = CARTESIAN_POINT('',(-0.,0.));
#5500 = VECTOR('',#5501,1.);
#5501 = DIRECTION('',(-0.,-1.));
#5502 = ( GEOMETRIC_REPRESENTATION_CONTEXT(2) 
PARAMETRIC_REPRESENTATION_CONTEXT() REPRESENTATION_CONTEXT('2D SPACE',''
  ) );
#5503 = ORIENTED_EDGE('',*,*,#5504,.F.);
#5504 = EDGE_CURVE('',#5482,#5482,#5505,.T.);
#5505 = SURFACE_CURVE('',#5506,(#5511,#5518),.PCURVE_S1.);
#5506 = CIRCLE('',#5507,1.3);
#5507 = AXIS2_PLACEMENT_3D('',#5508,#5509,#5510);
#5508 = CARTESIAN_POINT('',(-38.25,-38.,0.8));
#5509 = DIRECTION('',(0.,0.,1.));
#5510 = DIRECTION('',(1.,0.,0.));
#5511 = PCURVE('',#5308,#5512);
#5512 = DEFINITIONAL_REPRESENTATION('',(#5513),#5517);
#5513 = LINE('',#5514,#5515);
#5514 = CARTESIAN_POINT('',(-0.,0.));
#5515 = VECTOR('',#5516,1.);
#5516 = DIRECTION('',(-1.,0.));
#5517 = ( GEOMETRIC_REPRESENTATION_CONTEXT(2) 
PARAMETRIC_REPRESENTATION_CONTEXT() REPRESENTATION_CONTEXT('2D SPACE',''
  ) );
#5518 = PCURVE('',#5519,#5524);
#5519 = PLANE('',#5520);
#5520 = AXIS2_PLACEMENT_3D('',#5521,#5522,#5523);
#5521 = CARTESIAN_POINT('',(-38.25,-38.,0.8));
#5522 = DIRECTION('',(0.,0.,1.));
#5523 = DIRECTION('',(1.,0.,-0.));
#5524 = DEFINITIONAL_REPRESENTATION('',(#5525),#5529);
#5525 = CIRCLE('',#5526,1.3);
#5526 = AXIS2_PLACEMENT_2D('',#5527,#5528);
#5527 = CARTESIAN_POINT('',(0.,0.));
#5528 = DIRECTION('',(1.,0.));
#5529 = ( GEOMETRIC_REPRESENTATION_CONTEXT(2) 
PARAMETRIC_REPRESENTATION_CONTEXT() REPRESENTATION_CONTEXT('2D SPACE',''
  ) );
#5530 = ORIENTED_EDGE('',*,*,#5481,.T.);
#5531 = ORIENTED_EDGE('',*,*,#5293,.T.);
#5532 = ADVANCED_FACE('',(#5533),#5360,.F.);
#5533 = FACE_BOUND('',#5534,.T.);
#5534 = EDGE_LOOP('',(#5535,#5558,#5585,#5586));
#5535 = ORIENTED_EDGE('',*,*,#5536,.F.);
#5536 = EDGE_CURVE('',#5537,#5326,#5539,.T.);
#5537 = VERTEX_POINT('',#5538);
#5538 = CARTESIAN_POINT('',(39.55,-38.,0.8));
#5539 = SEAM_CURVE('',#5540,(#5544,#5551),.PCURVE_S1.);
#5540 = LINE('',#5541,#5542);
#5541 = CARTESIAN_POINT('',(39.55,-38.,0.8));
#5542 = VECTOR('',#5543,1.);
#5543 = DIRECTION('',(0.,0.,1.));
#5544 = PCURVE('',#5360,#5545);
#5545 = DEFINITIONAL_REPRESENTATION('',(#5546),#5550);
#5546 = LINE('',#5547,#5548);
#5547 = CARTESIAN_POINT('',(-6.28318530718,0.));
#5548 = VECTOR('',#5549,1.);
#5549 = DIRECTION('',(-0.,-1.));
#5550 = ( GEOMETRIC_REPRESENTATION_CONTEXT(2) 
PARAMETRIC_REPRESENTATION_CONTEXT() REPRESENTATION_CONTEXT('2D SPACE',''
  ) );
#5551 = PCURVE('',#5360,#5552);
#5552 = DEFINITIONAL_REPRESENTATION('',(#5553),#5557);
#5553 = LINE('',#5554,#5555);
#5554 = CARTESIAN_POINT('',(-0.,0.));
#5555 = VECTOR('',#5556,1.);
#5556 = DIRECTION('',(-0.,-1.));
#5557 = ( GEOMETRIC_REPRESENTATION_CONTEXT(2) 
PARAMETRIC_REPRESENTATION_CONTEXT() REPRESENTATION_CONTEXT('2D SPACE',''
  ) );
#5558 = ORIENTED_EDGE('',*,*,#5559,.F.);
#5559 = EDGE_CURVE('',#5537,#5537,#5560,.T.);
#5560 = SURFACE_CURVE('',#5561,(#5566,#5573),.PCURVE_S1.);
#5561 = CIRCLE('',#5562,1.3);
#5562 = AXIS2_PLACEMENT_3D('',#5563,#5564,#5565);
#5563 = CARTESIAN_POINT('',(38.25,-38.,0.8));
#5564 = DIRECTION('',(0.,0.,1.));
#5565 = DIRECTION('',(1.,0.,0.));
#5566 = PCURVE('',#5360,#5567);
#5567 = DEFINITIONAL_REPRESENTATION('',(#5568),#5572);
#5568 = LINE('',#5569,#5570);
#5569 = CARTESIAN_POINT('',(-0.,0.));
#5570 = VECTOR('',#5571,1.);
#5571 = DIRECTION('',(-1.,0.));
#5572 = ( GEOMETRIC_REPRESENTATION_CONTEXT(2) 
PARAMETRIC_REPRESENTATION_CONTEXT() REPRESENTATION_CONTEXT('2D SPACE',''
  ) );
#5573 = PCURVE('',#5574,#5579);
#5574 = PLANE('',#5575);
#5575 = AXIS2_PLACEMENT_3D('',#5576,#5577,#5578);
#5576 = CARTESIAN_POINT('',(38.25,-38.,0.8));
#5577 = DIRECTION('',(0.,0.,1.));
#5578 = DIRECTION('',(1.,0.,-0.));
#5579 = DEFINITIONAL_REPRESENTATION('',(#5580),#5584);
#5580 = CIRCLE('',#5581,1.3);
#5581 = AXIS2_PLACEMENT_2D('',#5582,#5583);
#5582 = CARTESIAN_POINT('',(0.,0.));
#5583 = DIRECTION('',(1.,0.));
#5584 = ( GEOMETRIC_REPRESENTATION_CONTEXT(2) 
PARAMETRIC_REPRESENTATION_CONTEXT() REPRESENTATION_CONTEXT('2D SPACE',''
  ) );
#5585 = ORIENTED_EDGE('',*,*,#5536,.T.);
#5586 = ORIENTED_EDGE('',*,*,#5345,.T.);
#5587 = ADVANCED_FACE('',(#5588),#5412,.F.);
#5588 = FACE_BOUND('',#5589,.T.);
#5589 = EDGE_LOOP('',(#5590,#5613,#5640,#5641));
#5590 = ORIENTED_EDGE('',*,*,#5591,.F.);
#5591 = EDGE_CURVE('',#5592,#5378,#5594,.T.);
#5592 = VERTEX_POINT('',#5593);
#5593 = CARTESIAN_POINT('',(39.55,38.,0.8));
#5594 = SEAM_CURVE('',#5595,(#5599,#5606),.PCURVE_S1.);
#5595 = LINE('',#5596,#5597);
#5596 = CARTESIAN_POINT('',(39.55,38.,0.8));
#5597 = VECTOR('',#5598,1.);
#5598 = DIRECTION('',(0.,0.,1.));
#5599 = PCURVE('',#5412,#5600);
#5600 = DEFINITIONAL_REPRESENTATION('',(#5601),#5605);
#5601 = LINE('',#5602,#5603);
#5602 = CARTESIAN_POINT('',(-6.28318530718,0.));
#5603 = VECTOR('',#5604,1.);
#5604 = DIRECTION('',(-0.,-1.));
#5605 = ( GEOMETRIC_REPRESENTATION_CONTEXT(2) 
PARAMETRIC_REPRESENTATION_CONTEXT() REPRESENTATION_CONTEXT('2D SPACE',''
  ) );
#5606 = PCURVE('',#5412,#5607);
#5607 = DEFINITIONAL_REPRESENTATION('',(#5608),#5612);
#5608 = LINE('',#5609,#5610);
#5609 = CARTESIAN_POINT('',(-0.,0.));
#5610 = VECTOR('',#5611,1.);
#5611 = DIRECTION('',(-0.,-1.));
#5612 = ( GEOMETRIC_REPRESENTATION_CONTEXT(2) 
PARAMETRIC_REPRESENTATION_CONTEXT() REPRESENTATION_CONTEXT('2D SPACE',''
  ) );
#5613 = ORIENTED_EDGE('',*,*,#5614,.F.);
#5614 = EDGE_CURVE('',#5592,#5592,#5615,.T.);
#5615 = SURFACE_CURVE('',#5616,(#5621,#5628),.PCURVE_S1.);
#5616 = CIRCLE('',#5617,1.3);
#5617 = AXIS2_PLACEMENT_3D('',#5618,#5619,#5620);
#5618 = CARTESIAN_POINT('',(38.25,38.,0.8));
#5619 = DIRECTION('',(0.,0.,1.));
#5620 = DIRECTION('',(1.,0.,0.));
#5621 = PCURVE('',#5412,#5622);
#5622 = DEFINITIONAL_REPRESENTATION('',(#5623),#5627);
#5623 = LINE('',#5624,#5625);
#5624 = CARTESIAN_POINT('',(-0.,0.));
#5625 = VECTOR('',#5626,1.);
#5626 = DIRECTION('',(-1.,0.));
#5627 = ( GEOMETRIC_REPRESENTATION_CONTEXT(2) 
PARAMETRIC_REPRESENTATION_CONTEXT() REPRESENTATION_CONTEXT('2D SPACE',''
  ) );
#5628 = PCURVE('',#5629,#5634);
#5629 = PLANE('',#5630);
#5630 = AXIS2_PLACEMENT_3D('',#5631,#5632,#5633);
#5631 = CARTESIAN_POINT('',(38.25,38.,0.8));
#5632 = DIRECTION('',(0.,0.,1.));
#5633 = DIRECTION('',(1.,0.,-0.));
#5634 = DEFINITIONAL_REPRESENTATION('',(#5635),#5639);
#5635 = CIRCLE('',#5636,1.3);
#5636 = AXIS2_PLACEMENT_2D('',#5637,#5638);
#5637 = CARTESIAN_POINT('',(0.,0.));
#5638 = DIRECTION('',(1.,0.));
#5639 = ( GEOMETRIC_REPRESENTATION_CONTEXT(2) 
PARAMETRIC_REPRESENTATION_CONTEXT() REPRESENTATION_CONTEXT('2D SPACE',''
  ) );
#5640 = ORIENTED_EDGE('',*,*,#5591,.T.);
#5641 = ORIENTED_EDGE('',*,*,#5397,.T.);
#5642 = ADVANCED_FACE('',(#5643),#5464,.F.);
#5643 = FACE_BOUND('',#5644,.T.);
#5644 = EDGE_LOOP('',(#5645,#5668,#5695,#5696));
#5645 = ORIENTED_EDGE('',*,*,#5646,.F.);
#5646 = EDGE_CURVE('',#5647,#5430,#5649,.T.);
#5647 = VERTEX_POINT('',#5648);
#5648 = CARTESIAN_POINT('',(-36.95,38.,0.8));
#5649 = SEAM_CURVE('',#5650,(#5654,#5661),.PCURVE_S1.);
#5650 = LINE('',#5651,#5652);
#5651 = CARTESIAN_POINT('',(-36.95,38.,0.8));
#5652 = VECTOR('',#5653,1.);
#5653 = DIRECTION('',(0.,0.,1.));
#5654 = PCURVE('',#5464,#5655);
#5655 = DEFINITIONAL_REPRESENTATION('',(#5656),#5660);
#5656 = LINE('',#5657,#5658);
#5657 = CARTESIAN_POINT('',(-6.28318530718,0.));
#5658 = VECTOR('',#5659,1.);
#5659 = DIRECTION('',(-0.,-1.));
#5660 = ( GEOMETRIC_REPRESENTATION_CONTEXT(2) 
PARAMETRIC_REPRESENTATION_CONTEXT() REPRESENTATION_CONTEXT('2D SPACE',''
  ) );
#5661 = PCURVE('',#5464,#5662);
#5662 = DEFINITIONAL_REPRESENTATION('',(#5663),#5667);
#5663 = LINE('',#5664,#5665);
#5664 = CARTESIAN_POINT('',(-0.,0.));
#5665 = VECTOR('',#5666,1.);
#5666 = DIRECTION('',(-0.,-1.));
#5667 = ( GEOMETRIC_REPRESENTATION_CONTEXT(2) 
PARAMETRIC_REPRESENTATION_CONTEXT() REPRESENTATION_CONTEXT('2D SPACE',''
  ) );
#5668 = ORIENTED_EDGE('',*,*,#5669,.F.);
#5669 = EDGE_CURVE('',#5647,#5647,#5670,.T.);
#5670 = SURFACE_CURVE('',#5671,(#5676,#5683),.PCURVE_S1.);
#5671 = CIRCLE('',#5672,1.3);
#5672 = AXIS2_PLACEMENT_3D('',#5673,#5674,#5675);
#5673 = CARTESIAN_POINT('',(-38.25,38.,0.8));
#5674 = DIRECTION('',(0.,0.,1.));
#5675 = DIRECTION('',(1.,0.,0.));
#5676 = PCURVE('',#5464,#5677);
#5677 = DEFINITIONAL_REPRESENTATION('',(#5678),#5682);
#5678 = LINE('',#5679,#5680);
#5679 = CARTESIAN_POINT('',(-0.,0.));
#5680 = VECTOR('',#5681,1.);
#5681 = DIRECTION('',(-1.,0.));
#5682 = ( GEOMETRIC_REPRESENTATION_CONTEXT(2) 
PARAMETRIC_REPRESENTATION_CONTEXT() REPRESENTATION_CONTEXT('2D SPACE',''
  ) );
#5683 = PCURVE('',#5684,#5689);
#5684 = PLANE('',#5685);
#5685 = AXIS2_PLACEMENT_3D('',#5686,#5687,#5688);
#5686 = CARTESIAN_POINT('',(-38.25,38.,0.8));
#5687 = DIRECTION('',(0.,0.,1.));
#5688 = DIRECTION('',(1.,0.,-0.));
#5689 = DEFINITIONAL_REPRESENTATION('',(#5690),#5694);
#5690 = CIRCLE('',#5691,1.3);
#5691 = AXIS2_PLACEMENT_2D('',#5692,#5693);
#5692 = CARTESIAN_POINT('',(0.,0.));
#5693 = DIRECTION('',(1.,0.));
#5694 = ( GEOMETRIC_REPRESENTATION_CONTEXT(2) 
PARAMETRIC_REPRESENTATION_CONTEXT() REPRESENTATION_CONTEXT('2D SPACE',''
  ) );
#5695 = ORIENTED_EDGE('',*,*,#5646,.T.);
#5696 = ORIENTED_EDGE('',*,*,#5449,.T.);
#5697 = ADVANCED_FACE('',(#5698),#5519,.T.);
#5698 = FACE_BOUND('',#5699,.T.);
#5699 = EDGE_LOOP('',(#5700));
#5700 = ORIENTED_EDGE('',*,*,#5504,.T.);
#5701 = ADVANCED_FACE('',(#5702),#5574,.T.);
#5702 = FACE_BOUND('',#5703,.T.);
#5703 = EDGE_LOOP('',(#5704));
#5704 = ORIENTED_EDGE('',*,*,#5559,.T.);
#5705 = ADVANCED_FACE('',(#5706),#5629,.T.);
#5706 = FACE_BOUND('',#5707,.T.);
#5707 = EDGE_LOOP('',(#5708));
#5708 = ORIENTED_EDGE('',*,*,#5614,.T.);
#5709 = ADVANCED_FACE('',(#5710),#5684,.T.);
#5710 = FACE_BOUND('',#5711,.T.);
#5711 = EDGE_LOOP('',(#5712));
#5712 = ORIENTED_EDGE('',*,*,#5669,.T.);
#5713 = ( GEOMETRIC_REPRESENTATION_CONTEXT(3) 
GLOBAL_UNCERTAINTY_ASSIGNED_CONTEXT((#5717)) 
GLOBAL_UNIT_ASSIGNED_CONTEXT((#5714,#5715,#5716)) REPRESENTATION_CONTEXT
('Context #1','3D Context with UNIT and UNCERTAINTY') );
#5714 = ( LENGTH_UNIT() NAMED_UNIT(*) SI_UNIT(.MILLI.,.METRE.) );
#5715 = ( NAMED_UNIT(*) PLANE_ANGLE_UNIT() SI_UNIT($,.RADIAN.) );
#5716 = ( NAMED_UNIT(*) SI_UNIT($,.STERADIAN.) SOLID_ANGLE_UNIT() );
#5717 = UNCERTAINTY_MEASURE_WITH_UNIT(LENGTH_MEASURE(1.E-07),#5714,
  'distance_accuracy_value','confusion accuracy');
#5718 = PRODUCT_RELATED_PRODUCT_CATEGORY('part',$,(#7));
ENDSEC;
END-ISO-10303-21;
